PartnerRefCD,NoOfPoints,CompanyMileagePlanNumber,TransactionDate,LastName
UXHUGZ0272118403871,713,34384280,2025-09-25,ALASKA NATIVE MEDICAL CENT
FJTPTB0272120158661,556,22483355,2020-01-28,LYNDEN INC
HDLOND0272119910146,196,22483355,2025-10-10,LYNDEN INC
OKTHTR0272120072991,391,22483355,2025-08-23,LYNDEN INC
JRIGZA0272119074490,51,811362241,2024-01-18,Modivcare
NCABND0272119942932,1056,538661281,2025-10-10,Diagnostic Laboratories General
ECQVGG0272121399051,161,557611250,2021-04-10,Ferguson Enterprises
CAQDDX0272120284828,213,649517120,2025-10-14,HSTA Negotiations
ECQVGG0272121399591,161,557611250,2021-04-10,Ferguson Enterprises
CDBXHH0272121393199,161,494391306,2020-02-25,D C C M Designs dba Celina's C
NORHMV0272121096759,184,402867916,2024-02-15,Kaiser Permanente - Patient - Main Travel Dept 191026830
KDRFTG0272120646621,129,723865203,2025-10-17,Tamura Enterprises, Inc.
CEFFRV0272120899240,189,674742600,2025-10-20,Waldron Norton Lilly Intl LLC
JLPHZK0272121156835,164,707747456,2025-10-17,Office of Hawaiian Affairs
OKEHKM0272120640775,143,992455030,2025-10-17,Meadow Gold Dairies Hawaii
OKEHKM0272120640774,143,992455030,2025-10-17,Meadow Gold Dairies Hawaii
ADYHYA0272120450928,69,821639803,2025-05-29,EKOLU PRODUCTIONS LTD
WEAUCI0272121237987,171,402867916,2025-07-04,Kaiser Permanente - Patient - Main Travel Dept 191026830
LGBTRT0272121315274,134,975158575,2025-10-21,SOH House of Representatives
LUSZLN0272119145299,129,663719000,2025-10-02,The Nature Conservancy
MGKTTD0272121341089,152,626895441,2022-04-08,Hilo High School
UQQIDW0272118284134,654,936680920,2025-09-23,Hardware Hawaii
ATJEAY0272120896320,231,425865462,2019-12-02,BEK, Inc.
ATZLHD0272119007790,138,765376150,2023-10-19,Orion Construction Services
IEQZSL0272119897123,484,41815410,2020-01-28,RSA ENGINEERING
OVCOIV0272121194748,715,882158546,2025-10-03,SAUSE HABILL
HLJOTJ0272120998378,216,437287712,2025-10-21,Kaiser Permanente Travel 7
AFJUET0272119747926,171,621878526,2022-12-01,Oceanit Laboratories
WCRVRQ0272121227641,79,636801896,2020-02-14,Valley Well Drilling, LLC
GVMPIN0272121005283,360,963774464,2025-10-13,Retina Institute of Hawaii
FJQRMU0272121234059,147,465400272,2021-10-04,AECOS Inc
IICJAR0272119509285,134,943746694,2019-05-17,Title Guaranty of Hawaii
GOJMSF0272117545483,180,653652322,2019-05-15,SOH DOE Hawaii District HRRO Office
WDYRVP0272118581194,564,868650926,2022-06-22,JDH Construction Ltd
OMRROB0272121242477,175,548412491,2025-10-23,Securitas Security Services USA, Inc.
OMRROB0272121242478,175,548412491,2025-10-23,Securitas Security Services USA, Inc.
UREIOS0272120553847,222,877236964,2025-10-16,D. Suehiro Electric, Inc. 
MVWJEO0272120280822,222,619749793,2025-10-14,Zelinsky Company
MVWJEO0272120280823,222,619749793,2025-10-14,Zelinsky Company
OYTLQB0272120762026,507,69122815,2025-10-19,KOBUK VALLEY CONSULTING
CFDFOI0272120309741,286,811362241,2021-06-25,Modivcare
CJFBEN0272120612657,222,488940255,2025-10-17,Kaiser Permanete - Travel Kacie
SNLMXY0272120183937,818,64483064,2024-03-20,LONG BUILDING TECHNOLOGIES
NJNJYY0272120873795,111,811362241,2023-07-07,Modivcare
YZYBQC0272120507198,637,134791510,2025-10-16,ATS ALASKA, INC.
YWZZKR0272120207303,143,963774464,2025-10-13,Retina Institute of Hawaii
HKSHMQ0272119837501,147,756868954,2023-08-14,Pacific Security Integrations
GLHHZS0272120215224,147,963774464,2025-10-13,Retina Institute of Hawaii
JGVFLT0272119666125,2485,275320113,2025-10-08,NORTH SOUND STEVEDORING, L
ICEVXL0272120717313,194,488940255,2025-10-18,Kaiser Permanete - Travel Kacie
UNPBRJ0272120559844,414,928547594,2022-03-25,Transdev Health Solutions
KPOMEB0272120651744,147,983053875,2019-11-13,Frito Lay Hawaii
UETZND0272120202394,227,568649141,2025-10-13,Nordic PCL Construction-Execs
UNPBRJ0272120559845,414,928547594,2022-03-25,Transdev Health Solutions
NBSRGG0272120362490,152,775517794,2025-10-14,Acutron, LLC
OMRIRQ0272120642787,213,607958492,2023-09-04,Island Flooring
KVWELZ0272120557942,175,719185600,2025-10-16,Maui Oil Company, Inc.
OMRIRQ0272120642788,213,607958492,2023-09-04,Island Flooring
OBIFLG0272120641459,314,896997371,2025-05-17,Hawaiian Dredging Construction Co HEAVY
DIMOZI0272120648359,138,627199635,2025-10-17,Kaiser Permanente - Patient - Travel 5 191078486 1
UNQALJ0272120562470,147,928547594,2025-10-16,Transdev Health Solutions
KQUMBI0272120648994,175,428425605,2025-07-01,AED Institute of America
YDYRTZ0272119009447,157,821639803,2025-10-01,EKOLU PRODUCTIONS LTD
LUUBWM0272118841847,1229,935318720,2025-09-26,KS Kaipuwaiola 99
LUUBWM0272118842960,1229,935318720,2025-09-26,KS Kaipuwaiola 99
ITNJIC0272118737864,213,811362241,2023-06-25,Modivcare
DCIMLB0272118978254,196,563694655,2025-10-01,SD Construction
OHRFVI0272118145795,436,63781992,2025-09-23,GCI AVIATION
QXNDAC0272117497837,443,61774845,2021-07-22,CITY OF FAIRBANKS
NDBWJD0272118464309,489,61774845,2025-09-26,CITY OF FAIRBANKS
SCXCFK0272119568313,196,563694655,2022-01-09,SD Construction
AFLXOC0272120644990,189,488940255,2019-12-15,Kaiser Permanete - Travel Kacie
MPXVUS0272120856094,152,836865890,2025-10-14,Bow Construction Management Svc Inc
GTGEZF0272120207933,147,568649141,2025-07-19,Nordic PCL Construction-Execs
SERUQD0272120372782,286,847041506,2025-10-14,Jas W Glover Ltd
MPADLW0272120376818,286,847041506,2025-10-14,Jas W Glover Ltd
IICZLB0272119898665,819,108645261,2025-10-10,CONAM CONSTRUCTION COMPANY
ADUREJ0272119831441,273,122484821,2025-10-09,GEOTEK ALASKA, INC.
CRDXRA0272119743513,165,833477875,2025-05-31,Kaiser Permanente - Patient - Travel 6 191082026
YJZUNL0272119471865,130,510321420,2025-10-06,Armstrong Builders LLC
LUNIGS0272119139131,160,936348814,2025-10-02,Bayada Home Health Care Visits
IPDDGO0272119620139,240,809397514,2025-10-07,KCK Builders LLC
MPUTVO0272119738931,116,710631740,2025-10-08,Roman Catholic Church in the State of Hawaii
QUJCNW0272118428378,160,752991142,2025-09-25,Kaiser Permanente - Business Development 191019628
UCRNND0272119634117,315,615499916,2025-10-07,Interstate Restoration Hawaii LLC
MQYVNS0272119850291,217,448233892,2025-10-02,Dorvin D Leis Co Inc
ARSRJE0272119014855,272,854523261,2025-10-01,Affiliated Construction
CPCMRB0272119904315,333,951997653,2025-09-30,Pacific AquaScapes Inc
GNDQWG0272119833820,202,425865462,2025-10-09,BEK, Inc.
MGNJVI0272119821234,327,720764365,2025-10-01,Jayco Hawaii, Inc.
CUREOE0272119229896,157,817812041,2025-10-03,Alu Like Employment and Training
NLJFJO0272119503687,245,946222104,2023-08-01,Outrigger Hotels and Resorts:  Exec Office
EVYLZB0272119830615,254,764261842,2025-09-24,Haas Insulation
WMVVXQ0272118515672,185,940674361,2025-09-26,Kenworth Hawaii LLC
GYVEIU0272119837301,188,439700962,2022-10-01,Safway Services LLC
WMVVXQ0272118515671,185,940674361,2025-09-26,Kenworth Hawaii LLC
ARTVCC0272119625112,175,833477875,2024-11-03,Kaiser Permanente - Patient - Travel 6 191082026
WABIBT0272119734326,87,134734110,2024-10-23,GOODFELLOW BROS., INC.
FHNAKF0272118513953,357,847041506,2025-09-26,Jas W Glover Ltd
OZCEAB0272119841678,87,522762472,2025-10-09,Alpha Inc
IVZPEW0272119734247,87,746400701,2025-10-08,Lanihau Properties, LLC
GLURLZ0272119615564,161,437287712,2021-05-22,Kaiser Permanente Travel 7
UXJIZX0272119012008,149,833477875,2025-10-01,Kaiser Permanente - Patient - Travel 6 191082026
WOBWUV0272118983254,231,675136254,2025-10-01,ILWU Maui Office
ECGEUQ0272120207868,203,847449256,2022-12-31,Enterprise Holdings 1
MOLUXK0272119732789,161,459685284,2019-12-19,Werner Financial Services, LLC
EYLBCU0272120171753,222,811362241,2025-10-13,Modivcare
OGYFPG0272120231228,180,811362241,2023-06-23,Modivcare
KXKCXN0272119938320,194,425865462,2024-06-06,BEK, Inc.
IBTWJE0272119129644,171,555906875,2025-10-02,KAISER TRAVEL-NORA
WTEFAI0272119502061,115,502730605,2025-10-06,TD Food Group Inc
NYAIAX0272120307680,217,832096241,2025-10-14,MC&A
EWIMDO0272119622627,120,992346003,2025-10-03,Servco Corporate Admin
YXQSTE0272120217057,216,833477875,2025-10-13,Kaiser Permanente - Patient - Travel 6 191082026
HZUIYN0272119956219,387,811362241,2025-10-10,Modivcare
UXJZRF0272120323815,291,811362241,2025-10-14,Modivcare
HPNKAT0272117854550,313,998598215,2025-09-19,Epic Ohana Conferencing
IMLIWM0272120218303,171,400409741,2025-10-13,Charter Communications
OVXRXJ0272119235360,129,424067954,2025-10-03,SOH DHS MQD Finance Office
LOBOJI0272119498144,464,37083130,2021-07-29,TANANA CHIEFS CONFERENCE I
SOCMPU0272119229889,157,671266046,2025-10-03,Kings Cathedral
CFRHXJ0272120315002,147,847449256,2022-09-07,Enterprise Holdings 1
IFENDD0272121105199,180,773043843,2025-02-10,Outrigger Hotels and Resorts: IT
JUUKIT0272121098264,157,497712574,2023-11-26,BLUE HAWAIIAN HELICOPTERS
HZIUJF0272120569488,175,491156912,2025-10-16,Aloha Sunshine Tours LLC
DPWWXP0272120871679,157,858370262,2025-10-07,Shioi Construction Inc
CDACMF0272120893937,147,824876522,2025-10-20,Architects Hawaii Ltd
DCBGFU0272120532115,147,811362241,2024-02-09,Modivcare
NSSTNX0272120460615,147,538661281,2024-02-12,Diagnostic Laboratories General
IBUTVL0272119130092,134,847449256,2025-10-02,Enterprise Holdings 1
FPXFBG0272119843485,129,774303530,2024-04-19,Foodland 2
GKMWIC0272120201120,172,602252044,2025-05-02,Y Hata and Company, Limited
DVLXQP0272118765073,120,764845690,2025-09-29,Unlimited Construction
FAYEHC0272120885287,268,538216862,2024-04-24,Kikiaola Construction Company
SGCYZZ0272120898686,277,665459023,2020-01-30,UH Hilo University Relations
FUJXJY0272119848467,138,731335640,2025-10-07,Allana Buick & Bers, Inc.
YSIXAK0272120990165,254,509571425,2025-10-21,University Clinical Education & Research Assoc
KXCNJJ0272120564257,138,694700996,2020-02-11,Bank of Hawaii 256
MEXASU0272120449012,143,935572142,2024-08-10,Waltz Engineering Inc
MEXASU0272120449013,143,935572142,2024-08-10,Waltz Engineering Inc
LMJQUB0272119933940,143,794445083,2023-04-07,Maui Electric Company Meter Shop
JYKVAO0272120991810,157,765164444,2025-10-21,Beachside Roofing, LLC
UNUVVB0272120565784,138,694700996,2019-10-18,Bank of Hawaii 256
YUWITM0272121001716,203,948820375,2025-07-16,Group Builders Inc 
LYAICE0272120886200,157,860196702,2025-10-20,Heide & Cook
MZFOYY0272120895309,152,427553475,2022-10-19,Maryl Group Construction Inc 1
JGVSAW0272120883103,147,972845926,2023-03-06,Hawaii Unified Industries 
JGVSAW0272120883104,147,972845926,2023-03-06,Hawaii Unified Industries 
LFDNMY0272120123382,143,522276812,2025-01-30,Financial Benefits Insurance
ASZUAF0272120640659,145,450039424,2025-10-17,SOH DOE OSSS EHCY
UQMRNV0272120557510,147,935654860,2025-10-16,Ohana Pacific Health
LFDNMY0272120123383,143,522276812,2025-01-30,Financial Benefits Insurance
LYAICE0272120886202,157,860196702,2025-10-20,Heide & Cook
LYAICE0272120886207,157,860196702,2025-10-20,Heide & Cook
ODDILQ0272120646526,152,558367342,2025-10-17,FCH Enterprises Inc dba Zippys Restaurants
YUHCXT0272121001075,203,864019225,2023-12-15,Coffman Engineers, Inc.
NYTBAH0272120304888,143,836865890,2025-10-14,Bow Construction Management Svc Inc
ODDILQ0272120646525,152,558367342,2025-10-17,FCH Enterprises Inc dba Zippys Restaurants
GHURAW0272121000854,216,402867916,2025-10-21,Kaiser Permanente - Patient - Main Travel Dept 191026830
JKPVGH0272120645131,236,935654860,2025-10-17,Ohana Pacific Health
HYOIYD0272121109663,180,935318720,2021-11-30,KS Kaipuwaiola 99
DSFXTU0272120641449,180,794445083,2024-12-28,Maui Electric Company Meter Shop
SKPVJT0272120265677,152,707274024,2025-10-01,Clinical Laboratories of Hawaii Admin
YSIXAK0272120990164,254,509571425,2025-10-21,University Clinical Education & Research Assoc
DQDAXA0272119006889,129,873356816,2025-10-01,Hawaii Pacific Health Medical Group
JRQCXG0272120887941,203,437985623,2025-10-20,Plumbers & Fitters Local 675
HYOIYD0272121107499,180,935318720,2021-11-30,KS Kaipuwaiola 99
DQDAXA0272119006890,129,873356816,2025-10-01,Hawaii Pacific Health Medical Group
IICJAR0272119509284,134,943746694,2019-05-17,Title Guaranty of Hawaii
SWPKAG0272120436721,157,401120834,2019-01-14,SOH Department of the Attorney General
YSIXAK0272120990166,254,509571425,2025-10-21,University Clinical Education & Research Assoc
EUSHUF0272120866151,134,454675454,2023-05-22,Kaiser Permanente - Hawaii Permanente Medical Group 191017482
SEAHQF0272120306066,147,836865890,2025-10-14,Bow Construction Management Svc Inc
IHKXID0272120550819,138,847041506,2020-08-28,Jas W Glover Ltd
GOHUIW0272120444765,199,590059072,2019-07-05,Craig's Air Conditioning Inc
MPDTAM0272120375132,286,847041506,2025-10-14,Jas W Glover Ltd
NXTVGT0272119128555,122,502473241,2025-10-02,SOH - DCCA - Consumer Advocacy
HVHJGS0272120310332,171,794445083,2025-10-14,Maui Electric Company Meter Shop
NUGDEB0272119838660,142,758669041,2025-10-09,SOH Dept of Ed Facilities Dev Proj Mgmt Sect
HAJSOS0272117543041,131,454675454,2021-08-12,Kaiser Permanente - Hawaii Permanente Medical Group 191017482
SCMXKU0272120306378,171,794445083,2023-06-06,Maui Electric Company Meter Shop
KEGHGA0272118312025,134,847449256,2025-09-24,Enterprise Holdings 1
LNXNFH0272119503249,129,918817384,2020-08-12,UHM Outreach College
KQXPGW0272120648968,147,506561090,2023-07-16,Creative Designs Hawaii (formerly Billabong Jrs)
FMGBJW0272120459543,231,590059072,2025-10-15,Craig's Air Conditioning Inc
GMYGAS0272121154563,143,774303530,2020-09-08,Foodland 2
IPOZIJ0272120998887,170,798327165,2024-05-02,White Gloves Moving
MYPMHF0272120889040,83,943746694,2021-04-02,Title Guaranty of Hawaii
AQZKKP0272118942426,101,811362241,2025-10-01,Modivcare
AQZKKP0272118942425,101,811362241,2025-10-01,Modivcare
YUMJWJ0272119218477,373,563694655,2024-11-04,SD Construction
JMOJBN0272120652465,166,811362241,2025-06-14,Modivcare
AXATVH0272120528888,121,996281101,2024-03-28,SOH KEALAKEHE ELEMENTARY SCHOOL
AXATVH0272120528889,121,996281101,2024-03-28,SOH KEALAKEHE ELEMENTARY SCHOOL
YSXNGK0272120726322,272,969698100,2025-10-18,Maui Kupono Builders, LLC
IIBNNZ0272120549749,272,698005512,2019-09-11,Tory's Roofing & Waterproofing, Inc.
CSCJRC0272120647777,203,535215925,2020-02-22,Central Pacific Bank
UWIKHI0272119615069,213,875398974,2019-05-08,Hawaii Emergency Physicians Associated
WBCEJF0272119739644,161,816421955,2025-10-08,SOH DOE Waiakea High School
JTOMXS0272120888599,272,883819871,2025-10-20,Lokahi Builders, LLC
EWOTOR0272119510096,105,537811875,2025-10-06,SOH DOE Kauai Complex Area 
JMQVIA0272119134169,115,499039704,2022-12-20,SOH DOE Waimea High School
JMQVIA0272119134171,115,499039704,2022-12-20,SOH DOE Waimea High School
AUYRNF0272119630594,143,134734110,2025-10-07,GOODFELLOW BROS., INC.
JMQVIA0272119134175,115,499039704,2022-12-20,SOH DOE Waimea High School
JMQVIA0272119134174,115,499039704,2022-12-20,SOH DOE Waimea High School
JKXVYZ0272120644326,129,474106286,2021-05-05,Seven Eleven
KRAZIS0272120650904,129,984083811,2025-10-17,Hawaiian Dredging Construction Co Maui
OKCJMR0272120641635,65,909528410,2025-10-17,PACIFIC ISLANDS GROUP
QHZQWA0272120192851,124,538661281,2025-03-24,Diagnostic Laboratories General
SHYNDY0272120897418,116,775517794,2025-10-20,Acutron, LLC
MNKHJZ0272119139075,110,682049480,2025-08-15,Hawaiian Cement
NUBYPZ0272120445120,122,451104931,2025-10-15,Kaiser Permanente HI Pharmacy
HRYFKA0272119817049,153,454675454,2025-10-06,Kaiser Permanente - Hawaii Permanente Medical Group 191017482
KYWSQP0272120564311,166,491156912,2024-05-17,Aloha Sunshine Tours LLC
YSROYA0272120441436,129,538661281,2025-10-15,Diagnostic Laboratories General
OHKJQF0272118763696,53,65904252,2025-03-27,NANA MANAGEMENT SERVICES
OCTKZL0272120624397,129,444217631,2024-10-30,Island Pacific Distributors
OIJMTB0272120219338,134,643254426,2024-12-29,Greeters of Hawaii, LTD.
IFTXJZ0272120548672,129,615998504,2025-10-16,NAPA Hawaii
WDEQCK0272120320063,138,694700996,2025-10-14,Bank of Hawaii 256
HKNNAY0272120448435,129,977126194,2022-04-02,Hi Tech Plumbing Corp
EDICJW0272120210240,120,568649141,2019-05-28,Nordic PCL Construction-Execs
EYYEGY0272120901002,138,935099664,2025-10-19,RV Painting Inc
SIBWMK0272120900658,138,935099664,2025-08-07,RV Painting Inc
EQHKRM0272120657776,273,811362241,2025-10-15,Modivcare
WBCEJF0272119739640,161,816421955,2025-10-08,SOH DOE Waiakea High School
AUTXFO0272120845693,199,774303530,2021-11-13,Foodland 2
EQHKRM0272120657311,273,811362241,2025-10-15,Modivcare
CBSHZE0272120896812,194,811362241,2025-10-20,Modivcare
GKSJLZ0272120799471,286,488940255,2025-10-19,Kaiser Permanete - Travel Kacie
GKSJLZ0272120795384,286,488940255,2025-10-19,Kaiser Permanete - Travel Kacie
WBCEJF0272119739642,161,816421955,2025-10-08,SOH DOE Waiakea High School
UVYPCF0272119014699,110,808161594,2025-10-01,Edith Kanakaole Foundation
YEFXCT0272119611050,124,920970400,2025-08-06,Tony Hawaii Automotive Group, Ltd. dba Tony Group
JKEAAT0272119737866,199,816421955,2022-07-17,SOH DOE Waiakea High School
WBCEJF0272119739639,161,816421955,2025-10-08,SOH DOE Waiakea High School
WBCEJF0272119739645,161,816421955,2025-10-08,SOH DOE Waiakea High School
WBCEJF0272119739643,161,816421955,2025-10-08,SOH DOE Waiakea High School
UVMRIS0272120551599,178,506630364,2025-10-16,SOH DOT Airports
MVTXVY0272120895394,194,811362241,2022-03-16,Modivcare
UOGXIN0272120564553,122,537811875,2025-10-16,SOH DOE Kauai Complex Area 
JMQVIA0272119134172,115,499039704,2022-12-20,SOH DOE Waimea High School
LUVTVD0272119135667,124,499039704,2023-03-16,SOH DOE Waimea High School
KZUJWG0272120555179,272,619749793,2025-10-16,Zelinsky Company
INFNGY0272120562299,180,756868954,2025-10-15,Pacific Security Integrations
OJRZJA0272120632126,222,908625896,2023-08-13,AC Marketing
UIZAME0272120317614,171,685461932,2025-10-14,HPM Building Supply Admin
SOHBNH0272120840371,138,832668524,2025-10-13,West Hawaii Concrete
ODFHBU0272120641472,240,469236165,2025-10-17,Bottomley Builders
HTXJZX0272120313319,120,685461932,2022-12-13,HPM Building Supply Admin
URDCRQ0272120554006,245,427959556,2025-10-16,GP Roadway Solutions Inc
JMQVIA0272119134173,115,499039704,2022-12-20,SOH DOE Waimea High School
JMQVIA0272119134170,115,499039704,2022-12-20,SOH DOE Waimea High School
AZFTZO0272120798734,147,833982450,2019-08-06,SOH DOE Ke Kula 'O 'Ehunuikaimalino
AZFTZO0272120798735,147,833982450,2019-08-06,SOH DOE Ke Kula 'O 'Ehunuikaimalino
SOHBNH0272120843319,138,832668524,2025-10-13,West Hawaii Concrete
ICBGIQ0272119132374,109,730960436,2025-10-02,Kohala Middle School
QJKCFO0272120307334,109,488469586,2025-07-12,SOH DOE Waikoloa Elementary & Middle School
FUGPYL0272120509859,234,425865462,2025-10-09,BEK, Inc.
KZUJWG0272120555180,272,619749793,2025-10-16,Zelinsky Company
MBGTYJ0272120564365,213,811362241,2024-08-22,Modivcare
QQXKNR0272120888711,239,134734110,2020-07-08,GOODFELLOW BROS., INC.
QJKCFO0272120316861,109,488469586,2025-07-12,SOH DOE Waikoloa Elementary & Middle School
UPIJYF0272120566489,129,685461932,2025-10-16,HPM Building Supply Admin
SDCZPM0272119570319,713,34384280,2025-10-07,ALASKA NATIVE MEDICAL CENT
WACWSU0272120777372,138,581489720,2025-10-14,Foundations Hawaii, Inc.
GTFPEH0272120218283,60,774303530,2020-06-10,Foodland 2
MARIVV0272120553234,134,787736132,2025-10-16,Hawaiian Lift Truck Inc
FSOUQG0272120279713,120,789078032,2025-10-01,HPH Human Resources
JEUYCX0272120888171,131,833477875,2021-04-21,Kaiser Permanente - Patient - Travel 6 191082026
JEUYCX0272120888170,131,833477875,2021-04-21,Kaiser Permanente - Patient - Travel 6 191082026
NXYBQI0272120307661,120,764845690,2025-10-14,Unlimited Construction
EKQVZW0272120897271,170,639687506,2025-10-20,HAWAII LIFE FLIGHT
MKHZUM0272120635731,315,648558186,2023-09-16,Blackhawk Security LLC
GKIVQF0272120204331,120,568649141,2020-01-05,Nordic PCL Construction-Execs
YXCDYK0272120216128,124,963774464,2025-10-13,Retina Institute of Hawaii
UQMVUG0272120562656,129,134734110,2025-10-16,GOODFELLOW BROS., INC.
IYEVKU0272119737653,120,704019352,2025-10-08,Kraig K. Otani and Associates LLC
IYEVKU0272119737654,120,704019352,2025-10-08,Kraig K. Otani and Associates LLC
MVTDRD0272120902627,138,581489720,2025-10-20,Foundations Hawaii, Inc.
LNMAOV0272120207995,124,568649141,2025-10-13,Nordic PCL Construction-Execs
GKIVQF0272120204332,120,568649141,2020-01-05,Nordic PCL Construction-Execs
YXCDYK0272120216129,124,963774464,2025-10-13,Retina Institute of Hawaii
LVTUDR0272118886593,53,538661281,2025-09-30,Diagnostic Laboratories General
DVDYQC0272120647993,129,440340876,2019-09-06,HTBYB Direct Bill
GKIVQF0272120204333,120,568649141,2020-01-05,Nordic PCL Construction-Execs
JFVTVA0272120885492,244,581489720,2024-08-09,Foundations Hawaii, Inc.
YRXZBA0272120718663,129,838465272,2025-10-18,Ness Turf Equipment
LPIHVW0272117450946,749,282712835,2024-02-24,AES-EPT FOR SANTOS
IIYOYL0272119906934,541,141393803,2025-07-01,KODIAK AREA NATIVE ASSOCIA
AHGCWT0272118881623,750,349320952,2025-04-07,SBCTC
KYWSQP0272120564313,166,491156912,2024-05-17,Aloha Sunshine Tours LLC
YAIATA0272119001451,110,904509196,2025-10-01,382
NWBVOD0272120312554,166,935654860,2025-10-14,Ohana Pacific Health
WOQANL0272120936340,230,568649141,2023-02-07,Nordic PCL Construction-Execs
DWGKSX0272118971345,289,114522321,2025-10-01,SE ALASKA REGIONAL HEALTH
SIDXNV0272120900465,69,903235933,2025-10-20,Roman Catholic Church in the State of Hawaii
YUNWOH0272120884597,239,416455760,2025-10-20,AWP SAFETY
GVNLIQ0272120810949,138,410509816,2021-12-07,Happy Valley Inc.
GVNLIQ0272120810948,138,410509816,2021-12-07,Happy Valley Inc.
CVCNJQ0272120975471,227,425865462,2023-09-22,BEK, Inc.
FWMKJA0272120657922,134,694263441,2025-10-17,The Audio Visual Company
JGGLDG0272120884538,87,475456693,2025-04-30,R & M Painting
LCEYYO0272120780564,222,796959030,2021-08-17,Kawama Trading Company LLC
LCEYYO0272120780565,222,796959030,2021-08-17,Kawama Trading Company LLC
LVZYPD0272120884523,88,811362241,2025-10-20,Modivcare
WUVNJA0272120590700,120,427959556,2025-10-06,GP Roadway Solutions Inc
KCSNJH0272119229807,110,943746694,2025-10-03,Title Guaranty of Hawaii
QQPGWZ0272120887795,88,545564880,2020-02-22,MCCABE HAMILTON & RENNY
OCPTCM0272120645534,161,943926325,2025-10-17,Hana High & Elementary School
DVQXAJ0272120656651,171,546099724,2025-03-05,Okahara and Associates Hilo
KIPHRO0272120610663,129,946024741,2025-10-07,MDX Hawaii
OHURKU0272120206258,129,941628284,2025-10-13,Tori Richard, Ltd.
IYRXVA0272120972681,171,764845690,2022-03-09,Unlimited Construction
QQFTAG0272120893314,147,416455760,2025-10-20,AWP SAFETY
OIWJMH0272120962494,161,826275166,2023-06-16,HIDOE-West Hawaii Complex Area
KVLMNL0272120995911,134,727272475,2025-10-17,Glennco Pacific
WLHIQA0272119142035,110,677309500,2025-02-02,Tile Warehouse, Inc.
YPNBAK0272120873479,147,982547554,2025-10-16,Environmental Science International
DFXVGT0272120938665,732,34384280,2025-10-21,ALASKA NATIVE MEDICAL CENT
EUTJBB0272120985179,134,948820375,2025-10-18,Group Builders Inc 
NKRLVM0272120884598,239,416455760,2023-06-07,AWP SAFETY
ISMYMR0272120319458,114,724150862,2022-09-30,SOH DOE OCID CIB LST
CBTRMR0272120627657,129,935318720,2025-10-14,KS Kaipuwaiola 99
FBNHJW0272120885955,171,663719000,2023-05-10,The Nature Conservancy
EUTJBB0272120986558,134,948820375,2025-10-18,Group Builders Inc 
WXIIJO0272120895497,227,811362241,2025-10-15,Modivcare
KOZIVK0272120648677,134,811362241,2025-02-06,Modivcare
FHERSB0272119840242,189,704019352,2022-06-01,Kraig K. Otani and Associates LLC
KDRQFH0272120646637,203,535215925,2025-10-03,Central Pacific Bank
JVSDTL0272120644387,203,535215925,2022-10-25,Central Pacific Bank
ATRZPA0272119619207,199,875398974,2024-05-01,Hawaii Emergency Physicians Associated
WCXYMV0272120901406,171,724785250,2025-10-17,Hawaii PV Partners LLC
ELDTYD0272118904890,120,484018776,2025-09-30,G70
WVTGVQ0272120643883,134,134734110,2023-05-24,GOODFELLOW BROS., INC.
FYGWAU0272120653382,327,935318720,2025-10-17,KS Kaipuwaiola 99
ELDTYD0272118904891,120,484018776,2025-09-30,G70
EXUPYC0272120789294,131,488940255,2025-10-19,Kaiser Permanete - Travel Kacie
SOHBNH0272120978866,171,832668524,2025-10-13,West Hawaii Concrete
FHERSB0272119840241,189,704019352,2022-06-01,Kraig K. Otani and Associates LLC
MYODGJ0272120846044,171,952457623,2025-04-06,Hawaii Alliance for Progressive Action
KOEGVK0272120646785,122,508317574,2022-03-20,SOH DLIR Workforce Development Division Administration
HRTBJB0272120939309,277,962811183,2025-10-11,Legacy Plumbing Co.,LLC
DSUOHW0272120643958,129,944182175,2022-01-23,Verizon Wireless Administration Office
WMVSCN0272120716854,143,627199635,2022-11-30,Kaiser Permanente - Patient - Travel 5 191078486 1
HVFXVE0272120898212,66,833477875,2025-10-20,Kaiser Permanente - Patient - Travel 6 191082026
NUOYXM0272120450345,129,592262215,2023-07-17,Hawaii Gas 1
HVFXVE0272120898213,66,833477875,2025-10-20,Kaiser Permanente - Patient - Travel 6 191082026
SWMHSJ0272119031283,105,454675454,2025-10-01,Kaiser Permanente - Hawaii Permanente Medical Group 191017482
NUYBLO0272120436030,143,948820375,2024-09-24,Group Builders Inc 
WYODPI0272120646524,129,454211634,2025-05-27,Fun Factory Inc
UTYSES0272120559859,134,532166456,2025-10-16,Maui Divers Jewelry
WYODPI0272120646523,129,454211634,2025-05-27,Fun Factory Inc
HUKTJU0272120908515,102,829197202,2025-10-20,PrimeFlight Aviation Services 1
MRMJCG0272119842630,235,694700996,2025-10-09,Bank of Hawaii 256
ALVASR0272120376179,453,572530991,2021-01-03,Frontier Fuel Service, LLC
CCPVIO0272120891925,138,402867916,2025-10-20,Kaiser Permanente - Patient - Main Travel Dept 191026830
GQBKPB0272119787565,259,847041506,2023-10-29,Jas W Glover Ltd
WHLOKV0272119917242,322,22361780,2025-10-10,ALASKA RAILROAD
IWUYNN0272120924530,138,670360692,2021-05-06,Liliuokalani Center 1
GANFQL0272120443120,129,719185600,2025-10-15,Maui Oil Company, Inc.
YBOOXY0272120869379,124,615499916,2022-06-27,Interstate Restoration Hawaii LLC
AOEPDL0272119840243,189,704019352,2023-11-02,Kraig K. Otani and Associates LLC
ASXZLZ0272119618109,213,875398974,2025-10-07,Hawaii Emergency Physicians Associated
MYODGJ0272120846466,171,952457623,2025-04-06,Hawaii Alliance for Progressive Action
KNZCQK0272120644327,180,546099724,2025-10-17,Okahara and Associates Hilo
DCKCPJ0272119838343,157,618915404,2025-10-09,Hawaiian Electric Industries, Inc.
GBNMPH0272120984693,171,972845926,2022-09-12,Hawaii Unified Industries 
DCKCPJ0272119838344,157,618915404,2025-10-09,Hawaiian Electric Industries, Inc.
KKCLBJ0272120566147,222,877588261,2022-09-19,Lyons, Brandt, Cook & Hiramatsu
OMLNPV0272120642869,129,912621990,2025-10-17,The Nakoa Companies Inc
GVIQOT0272120984155,277,946042075,2022-06-10,WIS INTERNATIONAL
YSTYJS0272119795303,124,930468840,2024-06-07,Bishop Museum
HSVGQD0272120309535,189,835355916,2025-10-14,REPUBLIC NATIONAL DISTRIBUTING COMPANY
KZBDEE0272120551131,166,858370262,2022-06-04,Shioi Construction Inc
OLINRH0272120643816,129,749480852,2024-11-06,Hawaii Medical Service Association
CEDVNO0272120899269,69,506763165,2025-10-20,Commercial Training Consultants Inc
KOZIVK0272120648678,134,811362241,2025-02-06,Modivcare
SOHBNH0272120977726,171,832668524,2025-10-13,West Hawaii Concrete
OLMSPT0272120641375,491,77866552,2025-10-17,NORTHWEST ARCTIC BOROUGH
MBXBLM0272120557803,914,760119975,2025-10-16,Hawaii Line Dance Festival
AEPVCT0272121355028,350,485830914,2025-04-26,Noah Hamilton Photographers
GBZEGT0272121343706,157,807815455,2021-05-06,MALU PRODUCTIONS, INC
KCTXGZ0272119232538,157,671266046,2025-10-03,Kings Cathedral
CNSDWE0272121231261,171,402867916,2023-05-17,Kaiser Permanente - Patient - Main Travel Dept 191026830
OZRXAI0272117768095,921,830017322,2025-09-18,PIRM Group Intenational  LLC
KRCEMR0272120658850,106,459842073,2021-08-26,Pacific Environmental Corp
MGCLTX0272120464588,217,979715225,2023-08-24,Tihati Productions, Ltd.
MGCLTX0272120464586,217,979715225,2023-08-24,Tihati Productions, Ltd.
NTBGWQ0272120463960,217,979715225,2025-10-15,Tihati Productions, Ltd.
SZWDEX0272119630336,81,426099520,2024-02-20,SOH Judiciary Third Circuit
UHJIWN0272119232788,204,520433384,2025-10-03,SOH COH Planning Department
ADXKHZ0272119503569,131,833477875,2025-05-22,Kaiser Permanente - Patient - Travel 6 191082026
LUCIZV0272119137385,134,568649141,2023-07-06,Nordic PCL Construction-Execs
MGRSIW0272119614162,152,628576535,2025-10-07,Pacific Concrete Cutting & Coring, Inc
MGRSIW0272119614163,152,628576535,2025-10-07,Pacific Concrete Cutting & Coring, Inc
ADTDAU0272119501043,171,810160330,2025-10-06,Hawaii Stevedores Inc Dispatch I
QONJWX0272119508631,387,811362241,2024-11-01,Modivcare
JMRRCU0272119127903,273,920970400,2021-06-10,Tony Hawaii Automotive Group, Ltd. dba Tony Group
UIPINK0272119232586,166,595404342,2025-10-03,Island Signal and Sound Inc.
CWLEEO0272118191829,152,951997653,2025-09-23,Pacific AquaScapes Inc
IEVYJX0272119496745,239,774303530,2023-07-23,Foodland 2
KRWGBZ0272119494649,178,975158575,2025-10-06,SOH House of Representatives
LOYIVQ0272118896151,147,935099664,2020-10-04,RV Painting Inc
EHEMFZ0272119127867,134,468366301,2024-01-30,Cameron Chemical Corp
ONTRKS0272118918648,134,713905054,2024-08-16,Mental Health Kokua
KJDDNL0272120556248,170,982306592,2019-11-27,Gordon Mechanical LLC
KMRBRW0272120557555,203,974046614,2023-08-21,PROSERVICE PACIFIC LLC
FRXSRZ0272120537074,394,847041506,2020-03-14,Jas W Glover Ltd
QKKFFA0272120535076,382,847041506,2025-10-07,Jas W Glover Ltd
NXYHZR0272120524226,259,134734110,2024-07-21,GOODFELLOW BROS., INC.
OOCBMC0272120534474,254,811362241,2025-10-11,Modivcare
SCFOAL0272120306394,230,535215925,2024-06-24,Central Pacific Bank
HELYRF0272119956098,299,935318720,2025-10-10,KS Kaipuwaiola 99
YUGPKX0272120446849,188,920970400,2025-10-15,Tony Hawaii Automotive Group, Ltd. dba Tony Group
KIRLUM0272120158293,83,811362241,2021-08-16,Modivcare
LJVRIG0272120582380,217,882158546,2025-03-02,SAUSE HABILL
WMUHTM0272119139289,147,943746694,2024-02-25,Title Guaranty of Hawaii
GQNGGW0272120202737,160,907416974,2023-07-26,SOH DHRD
SZYSYP0272119892048,194,794445083,2022-09-02,Maui Electric Company Meter Shop
HFDTWZ0272119957594,299,935318720,2025-10-10,KS Kaipuwaiola 99
YCQKFZ0272119693165,222,935318720,2025-10-07,KS Kaipuwaiola 99
CGNVSA0272120518522,165,963774464,2025-10-08,Retina Institute of Hawaii
QSSYLT0272119027875,140,454675454,2025-10-01,Kaiser Permanente - Hawaii Permanente Medical Group 191017482
UNFPXK0272120557324,188,846039294,2019-05-20,Pacific Network Group LLC dba Banyan Networks
OBGHRW0272119917903,259,407926993,2023-07-25,Diagnostic Laboratory Services - Kauai
UKXVQQ0272120541872,203,794445083,2021-05-17,Maui Electric Company Meter Shop
EHIOZK0272120444403,291,732453993,2025-10-08,Sysco Hawaii
YPCPFX0272120591820,290,732453993,2025-10-14,Sysco Hawaii
LLQSLX0272119947056,305,877056353,2023-10-02,Hawaii Community College - Division of Student Affairs
KMLBOJ0272120564221,299,545564880,2023-10-03,MCCABE HAMILTON & RENNY
MRSZKG0272119842596,165,405880705,2024-03-20,Hawaii Off Grid
WCWNGI0272119731940,194,732453993,2021-02-22,Sysco Hawaii
MORWFV0272119735418,199,732453993,2025-10-08,Sysco Hawaii
DQXFQU0272120230067,185,416455760,2021-05-13,AWP SAFETY
HZIBHQ0272120371730,254,700974853,2022-02-22,SIMMONS STEEL CORPORATION
WCWNGI0272119731938,194,732453993,2021-02-22,Sysco Hawaii
KWMGML0272119937139,69,795896625,2025-10-10,Palapala Aina
KJUPGS0272119572598,204,970209951,2019-09-19,SOH - County of Maui Fire and Public Safety
GIKURU0272118952826,213,811362241,2024-02-19,Modivcare
DFIJQP0272120651956,79,745170075,2024-12-28,Koihonua
KMOXJX0272120563303,171,488940255,2019-05-21,Kaiser Permanete - Travel Kacie
AIMJIA0272120340094,161,821639803,2019-11-15,EKOLU PRODUCTIONS LTD
UJHJCY0272120314071,175,784976264,2025-10-14,Roeca Luria Shin LLP
WVHZVY0272120307664,157,682049480,2024-08-29,Hawaiian Cement
NCVZMH0272119814652,143,637555634,2023-06-13,Smart Pest Prevention, LLC
IQVESF0272119021607,134,984083811,2025-10-01,Hawaiian Dredging Construction Co Maui
UUZPHP0272119954421,147,806141501,2025-10-10,District Council 50 - Joint Apprenticeship and Training Fund
FIPPSC0272118818473,175,811362241,2025-09-30,Modivcare
MFTOSA0272120691932,291,134734110,2019-05-22,GOODFELLOW BROS., INC.
OFCZKG0272120214229,217,427959556,2025-10-13,GP Roadway Solutions Inc
HXHCQK0272120570243,213,811362241,2025-10-16,Modivcare
JUUWXW0272121164331,192,927860533,2025-10-20,Kaiser Permanente - Hawaii Permanente Medical Group - Learning & Program Development
HZONXM0272120969183,143,954134112,2024-07-19,Michael Takamura - Maui Ocean Center
QWSGIO0272120971779,134,954134112,2025-10-06,Michael Takamura - Maui Ocean Center
WJNQLD0272120973233,138,954134112,2022-06-13,Michael Takamura - Maui Ocean Center
QIVFBZ0272120852992,147,619635435,2021-03-19,Otis Elevator
WFQRAJ0272121185367,147,592262215,2025-10-16,Hawaii Gas 1
EHOAPN0272119135532,120,545267542,2025-10-02,HGEA Oahu Division
YGKGSI0272120622083,134,535215925,2025-10-10,Central Pacific Bank
MVVOTO0272120893267,152,727272475,2025-08-31,Glennco Pacific
MEXASU0272121201842,147,935572142,2024-08-10,Waltz Engineering Inc
KDIRZH0272121205119,147,615647480,2025-10-21,CSM ELECTRIC LLC
FZDXYB0272120922484,164,707747456,2025-10-17,Office of Hawaiian Affairs
JWDPWR0272120991458,327,928547594,2022-07-27,Transdev Health Solutions
MVVOTO0272120893268,152,727272475,2025-08-31,Glennco Pacific
MEXASU0272121201843,147,935572142,2024-08-10,Waltz Engineering Inc
QLCKNL0272120371891,134,694700996,2019-05-30,Bank of Hawaii 256
EHADOR0272121201894,172,450039424,2025-08-14,SOH DOE OSSS EHCY
QPRFRW0272120875658,147,694700996,2022-02-03,Bank of Hawaii 256
IWVYMR0272121098445,203,568649141,2025-10-22,Nordic PCL Construction-Execs
HHKTAV0272119945842,138,935572142,2025-10-10,Waltz Engineering Inc
CERQJE0272121091598,194,861670644,2025-10-08,M&M LLC
ASBXUL0272120710483,134,662978315,2025-07-08,The Episcopal Church in Hawaii
OLLAYC0272120644457,244,902362285,2025-10-17,Grace Pacific LLC Shop Plants and Quarry
GZGATJ0272120441406,248,733122854,2025-10-15,Alaka'i Mechanical Corporation
ADNNBJ0272120446840,147,662978315,2025-10-15,The Episcopal Church in Hawaii
ASOHOW0272120865163,147,791341110,2025-10-17,Tom Nance Water Resource Engineering
DVHYZV0272120645000,147,835355916,2025-10-17,REPUBLIC NATIONAL DISTRIBUTING COMPANY
UQKWSX0272121109145,102,684911452,2025-10-22,Retail Inventory Auditors LLC
LQAZBX0272120215065,147,764845690,2021-01-30,Unlimited Construction
GZGATJ0272120441407,248,733122854,2025-10-15,Alaka'i Mechanical Corporation
MQZZAP0272120308748,217,616186653,2025-10-14,PACIFIC BIODIESEL
QOFIZE0272120889792,203,668062765,2020-06-09,AAA Roofers Hawaii,LLC
EEEXYJ0272121074170,254,951997653,2025-10-15,Pacific AquaScapes Inc
CSSLHI0272120958570,147,685461932,2023-03-12,HPM Building Supply Admin
MZYMKA0272120893294,143,902362285,2025-10-20,Grace Pacific LLC Shop Plants and Quarry
JXJXYQ0272120987864,180,776828220,2023-03-28,SOH DHHL Land Development Division
MQJBXX0272120907334,189,811362241,2025-10-20,Modivcare
YLTQXC0272120967971,143,954134112,2025-10-06,Michael Takamura - Maui Ocean Center
EBWPYT0272120959836,134,954134112,2020-02-04,Michael Takamura - Maui Ocean Center
QWSGIO0272120971006,134,954134112,2025-10-06,Michael Takamura - Maui Ocean Center
UTXKTS0272119746717,138,685461932,2025-10-08,HPM Building Supply Admin
FCUZRP0272118510309,157,853030743,2025-09-26,Southern Glazer Wine and Spirits
IFQJFJ0272120872237,203,682049480,2025-10-10,Hawaiian Cement
AODYMB0272120878392,138,593617776,2025-10-18,Lamalama LLC
CXXRJT0272121070355,147,682049480,2025-10-10,Hawaiian Cement
MCXYLC0272120560874,282,811362241,2019-12-18,Modivcare
JVJDHA0272120801103,175,935318720,2024-01-22,KS Kaipuwaiola 99
DOQCBO0272120988212,206,527839900,2025-10-16,Kaiser Permanente Hawaii Permanente Medical Education & Primary Care OPS
NWOHLE0272121176358,143,669163250,2019-05-15,Surf Line Hawaii Ltd dba Jams World
HTABBP0272120029399,134,669163250,2022-11-22,Surf Line Hawaii Ltd dba Jams World
MXEZHD0272121159633,236,902362285,2019-06-28,Grace Pacific LLC Shop Plants and Quarry
ABXREV0272120450722,498,655498406,2025-10-15,Lapperts Hawaii
YRVUKF0272121004686,171,437287712,2025-10-21,Kaiser Permanente Travel 7
YRVUKF0272121004687,171,437287712,2025-10-21,Kaiser Permanente Travel 7
FXYYVL0272120967869,164,707747456,2025-10-18,Office of Hawaiian Affairs
QHDVZW0272121001035,184,437287712,2020-10-04,Kaiser Permanente Travel 7
MCWFFK0272119931877,464,37083130,2023-09-07,TANANA CHIEFS CONFERENCE I
WKONFE0272120995913,157,767723191,2024-12-13,UH Windward CC Chancellor
DNCVWN0272120896351,245,707747456,2022-08-01,Office of Hawaiian Affairs
NLSHZP0272121072089,152,493735771,2025-10-20,Pacific Power Electrical Contracting LLC
FANUCL0272120945998,157,493735771,2025-10-20,Pacific Power Electrical Contracting LLC
KFBBRT0272121138706,147,694700996,2025-10-21,Bank of Hawaii 256
DNEQGL0272119003765,729,764981324,2025-10-01,Marketing Resource Group Inc
EJTFIB0272120902889,301,664492500,2025-10-20,University of Hawaii, CTAHR
KFBBRT0272121137197,147,694700996,2025-10-21,Bank of Hawaii 256
QHDVZW0272121001034,184,437287712,2020-10-04,Kaiser Permanente Travel 7
YTRFRF0272121004299,269,402867916,2024-07-31,Kaiser Permanente - Patient - Main Travel Dept 191026830
AHGMEA0272121232448,158,833477875,2025-10-23,Kaiser Permanente - Patient - Travel 6 191082026
MQKQNX0272121478016,148,831332563,2024-01-31,EMCO Construction LLC
WGTYIT0272121498554,160,847041506,2025-10-26,Jas W Glover Ltd
SKPGFS0272121345626,202,902362285,2025-10-24,Grace Pacific LLC Shop Plants and Quarry
YWILCI0272120214033,157,930468840,2025-10-13,Bishop Museum
WKYMDU0272119139232,273,545267542,2022-05-11,HGEA Oahu Division
CBUCXL0272120898086,170,544929066,2019-12-10,Hawaiian Financial Federal Credit Union
MRSVSI0272121504395,102,801677203,2025-10-25,SpeediShuttle LLC
FBOQZY0272121207153,208,603523852,2025-10-20,Swinerton
WWPOIZ0272121238591,291,974848000,2019-02-01,Na Kama Kai
QFPRZR0272121005760,258,598378852,2025-10-21,Luana Hospitality Group
LMWDAF0272118003941,166,736112053,2025-09-21,Kauai Producers, Ltd.
NVJXTE0272121060507,152,935318720,2025-10-15,KS Kaipuwaiola 99
IHIOVE0272121121090,175,950636746,2025-10-22,Hookipa Homes Inc
MWCCGW0272120893584,242,683522092,2025-10-20,SOH DOT Highways
FCPSBD0272118515120,95,662978315,2025-09-26,The Episcopal Church in Hawaii
NUWLTL0272121487625,188,999643503,2023-06-09,Top Priority, Inc. 
DPFBHY0272119616834,170,931652551,2020-02-09,County of Hawaii - Research and Development
JSBLSM0272120879914,642,26562023,2025-10-20,NORTON SOUND HEALTH CORPOR
LJJEVF0272121104639,170,858370262,2025-10-22,Shioi Construction Inc
QPMSOZ0272120892340,170,544929066,2025-10-20,Hawaiian Financial Federal Credit Union
HJYTAZ0272121001846,217,948820375,2025-10-21,Group Builders Inc 
QIEGFU0272121001030,213,948820375,2022-12-13,Group Builders Inc 
FDEIAO0272120873939,732,34384280,2025-08-19,ALASKA NATIVE MEDICAL CENT
HFLTYW0272121506268,87,948820375,2025-10-26,Group Builders Inc 
QIEGFU0272121001028,213,948820375,2022-12-13,Group Builders Inc 
YVGHAG0272120991749,180,866486854,2025-02-18,Soderholm Sales and Leasing, Inc.
IDKIYO0272120985154,102,948820375,2019-09-08,Group Builders Inc 
WLDSCR0272120989979,152,847449256,2022-11-07,Enterprise Holdings 1
OMWUWS0272120642598,147,538605362,2025-10-17,HARMER RADIO & ELECTRONICS INC
MDHPZD0272119928145,231,829429414,2023-06-26,Hawaii Honolulu Mission
DHRHZZ0272120381845,315,405176376,2025-10-06,Seal Masters of Hawaii
UQZFCJ0272120547905,216,488940255,2025-10-16,Kaiser Permanete - Travel Kacie
KJTCIL0272120560557,175,745170075,2025-10-16,Koihonua
LJRGHN0272120264139,161,441459384,2019-01-24,Partners in Development Foundation
LPJMNW0272120212533,578,92499094,2025-10-13,SAMSON TUG & BARGE CO   IN
UIUDQK0272118270516,465,26562023,2025-09-23,NORTON SOUND HEALTH CORPOR
LSOHLK0272119144478,217,440340876,2025-07-04,HTBYB Direct Bill
IXSECB0272119145282,217,440340876,2021-09-14,HTBYB Direct Bill
AISLUU0272119228213,207,440340876,2025-10-03,HTBYB Direct Bill
KDULUM0272119231576,254,961674335,2023-04-01,DEAN SH PAK, INC dba INFINITY ELECTRIC
NWSSNW0272119131876,236,935318720,2025-10-02,KS Kaipuwaiola 99
IWRRLU0272119142819,157,440340876,2022-06-28,HTBYB Direct Bill
EWFKKQ0272119234314,157,647143383,2022-05-27,SOH DOE Kalama Intermediate 
MNMTZJ0272119142676,157,440340876,2024-07-05,HTBYB Direct Bill
IACJPH0272119129986,222,472392373,2025-01-10,ATLAS SALES COMPANY
LONIOX0272118884620,175,916607996,2020-04-08,Mid City Restaurant Supply
WTCIUS0272118898164,164,724654416,2025-09-30,Office of the Lieutenant Governor
IACJPH0272119129985,222,472392373,2025-01-10,ATLAS SALES COMPANY
DFLZTS0272118835991,967,878471311,2025-09-30,Beauty Bay Washington LLC
JAXPUO0272118736122,236,811362241,2025-09-29,Modivcare
GNIEOY0272120459885,213,538661281,2025-10-15,Diagnostic Laboratories General
AIIBHK0272119156028,934,253078534,2025-09-21,SORENSEN CONSULTING LLC
SVMKQC0272119772066,138,833477875,2025-10-08,Kaiser Permanente - Patient - Travel 6 191082026
WABIBT0272119734325,87,134734110,2024-10-23,GOODFELLOW BROS., INC.
LUUBWM0272118843385,1229,935318720,2025-09-26,KS Kaipuwaiola 99
LUUBWM0272118844061,1229,935318720,2025-09-26,KS Kaipuwaiola 99
LUUBWM0272118842329,1229,935318720,2025-09-26,KS Kaipuwaiola 99
YDPDCV0272119009620,129,873933992,2024-07-05,DKI808, LLC dba Premier Restoration Hawaii
GKCYPB0272120215977,162,402867916,2023-04-27,Kaiser Permanente - Patient - Main Travel Dept 191026830
LNLZFM0272120217665,162,402867916,2022-04-23,Kaiser Permanente - Patient - Main Travel Dept 191026830
MLHCOA0272120289411,185,555906875,2025-10-10,KAISER TRAVEL-NORA
MZFIEZ0272120289050,227,946042075,2025-10-14,WIS INTERNATIONAL
JLUBQN0272119137018,129,676808856,2021-08-16,HMSA
JKEGVJ0272119137313,129,676808856,2024-04-23,HMSA
MUOHHK0272120284977,171,919482502,2023-07-14,Nan Inc.
WCHIWR0272120180391,69,835355916,2025-10-08,REPUBLIC NATIONAL DISTRIBUTING COMPANY
UNEMPT0272119946378,171,461778612,2020-01-05,Island Wide AC Service LLC
NMPYBY0272119501906,161,866486854,2025-10-06,Soderholm Sales and Leasing, Inc.
FOXLPV0272119846845,134,869445920,2025-10-09,Austin, Tsutsumi & Assoc., Inc
LSHPYI0272119742501,166,954607124,2025-10-08,KUHAO, Inc. dba Sig Zane Designs
LSHPYI0272119742500,166,954607124,2025-10-08,KUHAO, Inc. dba Sig Zane Designs
FLPYBY0272119842736,194,833477875,2025-10-09,Kaiser Permanente - Patient - Travel 6 191082026
HUUFMT0272118715385,497,98380251,2025-09-16,COASTALASKA INC
GTMXAR0272120215278,138,979715225,2025-10-13,Tihati Productions, Ltd.
SLSEFK0272119314007,231,970597250,2025-10-04,Lawai Beach Resort
NCOVSO0272119942834,134,847041506,2025-01-07,Jas W Glover Ltd
URMPNZ0272119951255,268,877778882,2021-11-06,The Queens Health Systems
DEBINA0272119833141,222,949636634,2025-10-09,Hawaiian Dredging Construction Co Commercial Div
GFSBLZ0272120282983,138,838465272,2023-03-12,Ness Turf Equipment
UNKVSM0272119938117,120,639687506,2021-09-25,HAWAII LIFE FLIGHT
IMHFKG0272120224520,138,935318720,2025-10-13,KS Kaipuwaiola 99
WIATLA0272119939208,129,902362285,2020-07-23,Grace Pacific LLC Shop Plants and Quarry
ORDEYZ0272120236822,171,538661281,2025-10-06,Diagnostic Laboratories General
OKIKHU0272118766096,147,432061685,2025-09-29,PATCH - People Attentive to Children
MUDTQN0272118204472,236,682049480,2025-09-23,Hawaiian Cement
CKGVPY0272118847641,147,685461932,2025-09-29,HPM Building Supply Admin
HOUZCO0272119028391,212,599629424,2025-09-29,Hawaii Care and Cleaning, Inc.
WTJKFW0272118881057,157,656766250,2025-01-09,Hawaii Unified 1
NKWSPW0272118880629,194,811362241,2025-09-30,Modivcare
OHTSJE0272118767603,149,833477875,2025-09-29,Kaiser Permanente - Patient - Travel 6 191082026
LVTRXW0272118588466,167,402867916,2024-06-05,Kaiser Permanente - Patient - Main Travel Dept 191026830
NKWSPW0272118880628,194,811362241,2025-09-30,Modivcare
QJVVAQ0272118720753,185,678991121,2025-09-22,Mancini Welch & Geiger LLP
SIDLWX0272118900705,194,402867916,2022-05-04,Kaiser Permanente - Patient - Main Travel Dept 191026830
SIDLWX0272118900704,194,402867916,2022-05-04,Kaiser Permanente - Patient - Main Travel Dept 191026830
WUMFKE0272118880643,259,959809130,2019-07-03,SOH Dept of Hawaiian Home Lands
GJGMCW0272119008586,157,981843682,2025-10-01,Integrated Business Solutions of Hawaii
GJGMCW0272119008585,157,981843682,2025-10-01,Integrated Business Solutions of Hawaii
LXPDUW0272118571268,98,829429414,2025-09-27,Hawaii Honolulu Mission
KUAEAB0272118608160,678,263012492,2025-09-15,YUTE COMMUTER SERVICE
KPFKPJ0272120647887,152,440340876,2025-03-06,HTBYB Direct Bill
LQXOMB0272120209392,147,426501110,2023-08-23,Hawaii Coffee Company, LLC
YHFOKR0272119005321,129,670240605,2025-10-01,BMK Construction LLC
EMUQVO0272118596435,259,794445083,2022-12-24,Maui Electric Company Meter Shop
FWNKLH0272120647924,202,440340876,2021-10-22,HTBYB Direct Bill
FNNUIW0272120470370,158,587091466,2025-10-15,Island Energy Services
OMIKTR0272120642435,254,727450102,2025-10-17,Young Brothers
ATJEAY0272120637774,259,425865462,2019-12-02,BEK, Inc.
MCADHX0272120551958,213,491156912,2021-07-12,Aloha Sunshine Tours LLC
HIVMHS0272120442059,152,928547594,2020-09-10,Transdev Health Solutions
GPDCRO0272120445958,157,825631155,2019-09-17,Envision Networked Solutions
GPTQTN0272120455967,152,756868954,2022-03-17,Pacific Security Integrations
EMUQVO0272118596433,259,794445083,2022-12-24,Maui Electric Company Meter Shop
ANQFWR0272120715022,254,627199635,2019-06-14,Kaiser Permanente - Patient - Travel 5 191078486 1
OEVBLR0272120206580,147,685461932,2025-10-13,HPM Building Supply Admin
NMCPIL0272119502926,175,545564880,2025-10-06,MCCABE HAMILTON & RENNY
NZUQHJ0272119132491,129,535215925,2025-10-02,Central Pacific Bank
YBELQV0272119001814,166,709255945,2025-06-03,Hawaii Engineering Services
AEOIKC0272119584854,143,883303761,2025-09-30,HDR Engineering, Inc.
FQALJD0272119137343,134,568649141,2021-02-04,Nordic PCL Construction-Execs
FPNLSJ0272119137635,143,743297936,2021-09-21,JHL Integrations Inc
FQALJD0272119137344,134,568649141,2021-02-04,Nordic PCL Construction-Execs
FRTNHJ0272119004350,166,697469463,2025-10-01,RM Towill
IDNFTM0272119132312,166,975222846,2019-08-29,Par Hawaii
HIFZND0272118313166,122,454675454,2025-09-24,Kaiser Permanente - Hawaii Permanente Medical Group 191017482
HHZLGI0272119568158,601,26562023,2025-09-24,NORTON SOUND HEALTH CORPOR
JMAWXC0272119137124,208,685461932,2025-10-02,HPM Building Supply Admin
YZFXZE0272119592936,171,757577273,2021-03-30,Kanuikapono Public Charter School
KBBTRJ0272119231842,166,728917243,2025-10-03,Oahu Plumbing and Sheet Metal Ltd
ICMLUZ0272119131810,166,975222846,2025-10-02,Par Hawaii
DTUOMU0272118764769,244,794445083,2019-08-07,Maui Electric Company Meter Shop
FVIUHA0272119006478,160,821639803,2025-10-01,EKOLU PRODUCTIONS LTD
KIDCGY0272119169305,165,953223191,2025-10-03,HIFINEST INC
KIDCGY0272119169303,165,953223191,2025-10-03,HIFINEST INC
GJUOVA0272119017291,333,979715225,2022-10-10,Tihati Productions, Ltd.
WHDOBC0272118415550,749,282712835,2020-07-08,AES-EPT FOR SANTOS
QCMFFO0272121100942,371,187907414,2025-10-22,ICE SERVICES - CATERING
OJAKUW0272121241752,314,512577870,2025-10-23,Hawaiian Telcom Inc Legal
WMTKNU0272119136713,643,805758951,2021-05-25,InSynergy Engineering Inc.
WISLXF0272120994618,203,449934531,2022-11-27,Aloha Construction, Inc.
OKJZIS0272121237414,222,512577870,2025-10-23,Hawaiian Telcom Inc Legal
ITTXHH0272120323698,827,428405983,2024-02-22,Resolute Performance Iron, Inc
OXIUVL0272117658061,71,935318720,2025-09-17,KS Kaipuwaiola 99
KWGJGM0272119940206,129,639687506,2025-10-10,HAWAII LIFE FLIGHT
WTUGPA0272118888884,110,574751590,2025-09-30,Hawaii Heart Foundation
EYLBCU0272120171751,222,811362241,2025-10-13,Modivcare
YOSGLK0272118748356,220,502730605,2025-09-29,TD Food Group Inc
QEPWXV0272120438339,69,506561090,2022-07-13,Creative Designs Hawaii (formerly Billabong Jrs)
IYTGUZ0272119738810,189,459685284,2019-12-02,Werner Financial Services, LLC
IYTGUZ0272119738806,189,459685284,2019-12-02,Werner Financial Services, LLC
IYTGUZ0272119738809,189,459685284,2019-12-02,Werner Financial Services, LLC
IYTGUZ0272119738808,189,459685284,2019-12-02,Werner Financial Services, LLC
IYTGUZ0272119738804,189,459685284,2019-12-02,Werner Financial Services, LLC
IYTGUZ0272119738805,189,459685284,2019-12-02,Werner Financial Services, LLC
OIDAEI0272120219801,143,928547594,2025-10-13,Transdev Health Solutions
SKLEGF0272120329216,138,716673635,2019-05-17,Blasting Technology Inc.
QACINK0272120228264,318,491156912,2025-10-13,Aloha Sunshine Tours LLC
QACINK0272120228262,318,491156912,2025-10-13,Aloha Sunshine Tours LLC
YVYTUY0272120210968,138,545564880,2025-10-13,MCCABE HAMILTON & RENNY
WALPBN0272120319895,69,451442961,2025-06-17,Carnival Events LLC
KTWOFB0272119472833,152,545267542,2025-09-30,HGEA Oahu Division
MEDYLY0272119938515,319,421169534,2019-04-11,Matson Terminals
EWMRGJ0272119860572,347,568053570,2020-08-19,James Ishii General Contracting Inc
UOQHRH0272119931963,319,421169534,2025-10-10,Matson Terminals
KDCYCY0272119226367,69,896130605,2023-03-18,Hawaiian Alliance Equipment Co
DUQKBL0272119407163,231,568649141,2025-09-29,Nordic PCL Construction-Execs
GMETPV0272119010063,277,757316000,2025-10-01,Commercial Roofing and Waterproofing Hawaii Inc
ARSRJE0272119014854,272,854523261,2025-10-01,Affiliated Construction
JYNVLR0272118662529,116,831332563,2025-09-28,EMCO Construction LLC
IVEFRK0272118750767,188,728917243,2025-09-29,Oahu Plumbing and Sheet Metal Ltd
DVOVJZ0272118782734,239,984083811,2024-01-13,Hawaiian Dredging Construction Co Maui
FZXNWL0272118490152,825,63709155,2025-09-26,ALASKA FRONTIER CONSTRUCTO
WCVEVH0272118893100,277,425865462,2025-09-30,BEK, Inc.
WCVEVH0272118893102,277,425865462,2025-09-30,BEK, Inc.
HKWLUY0272118208355,152,563552021,2025-09-23,Catholic Charities Hawaii
MGIZHM0272119320178,277,506763165,2020-08-25,Commercial Training Consultants Inc
UXJHSW0272119012927,277,425865462,2024-11-06,BEK, Inc.
EKINIH0272118893305,273,828956833,2025-09-30,Leeward Roofing and General Contracting
OJEVTI0272118757892,140,920868314,2025-09-29,Kaiser Permanente
SQOVOC0272119228519,231,912689842,2020-08-29,Bowman Connectivity Solutions Inc
ABYETK0272118883945,175,951997653,2025-09-30,Pacific AquaScapes Inc
LSZNJN0272119130716,254,983053875,2019-08-30,Frito Lay Hawaii
LSKJTR0272119131788,160,512577870,2022-01-13,Hawaiian Telcom Inc Legal
OYMXIA0272119233752,147,440340876,2019-05-22,HTBYB Direct Bill
AMVGMM0272119234796,120,454675454,2019-05-30,Kaiser Permanente - Hawaii Permanente Medical Group 191017482
OZIPSW0272119238528,142,424067954,2025-10-03,SOH DHS MQD Finance Office
WRWAIR0272118896309,189,437287712,2025-09-30,Kaiser Permanente Travel 7
ILVZSU0272119016236,194,402867916,2025-10-01,Kaiser Permanente - Patient - Main Travel Dept 191026830
UXKPWN0272119014388,216,402867916,2025-10-01,Kaiser Permanente - Patient - Main Travel Dept 191026830
UZOWMI0272119014452,229,402867916,2025-10-01,Kaiser Permanente - Patient - Main Travel Dept 191026830
UHJERG0272119245035,387,811362241,2025-10-03,Modivcare
YTQLKM0272119355952,254,858370262,2025-09-24,Shioi Construction Inc
CTHIJP0272119232107,145,402867916,2025-10-03,Kaiser Permanente - Patient - Main Travel Dept 191026830
QNYVLH0272118306328,308,697469463,2025-09-24,RM Towill
FCGNZW0272118515705,231,728917243,2025-09-26,Oahu Plumbing and Sheet Metal Ltd
FCGNZW0272118515706,231,728917243,2025-09-26,Oahu Plumbing and Sheet Metal Ltd
DPRWQN0272119005409,217,426082473,2022-03-02,Harvey Brothers LLC
DRKLCX0272118882671,175,858370262,2025-09-26,Shioi Construction Inc
FEQAVR0272118513076,165,810918452,2025-09-26,Prince Resorts Hawaii
JLZVGB0272118699976,245,29612262,2025-09-26,NOME PUBLIC SCHOOLS
GSBIFI0272120206401,244,465050191,2021-09-27,United Public Workers
EKJPCP0272118594081,134,794445083,2023-08-31,Maui Electric Company Meter Shop
LQUDON0272119495739,118,758831625,2025-10-06,SOH DAGS MDO
HPYBMU0272120205853,69,112241382,2024-06-05,ELEMENTS OF HOSPITALITY
MDYKYC0272119938141,134,992346003,2022-03-17,Servco Corporate Admin
JOGLFE0272119953068,166,426501110,2025-10-10,Hawaii Coffee Company, LLC
FSCUGG0272119608871,120,873933992,2025-10-07,DKI808, LLC dba Premier Restoration Hawaii
GLDCHA0272119011234,120,681930874,2023-03-08,Family Hui Hawaii
HFZXPE0272119228508,120,774303530,2025-10-03,Foodland 2
OYAAMH0272119232384,231,738144061,2019-04-25,Communication Consulting Svc Inc
FIOCRA0272119849664,384,935318720,2024-04-07,KS Kaipuwaiola 99
UWFQSE0272119606609,217,502990423,2020-06-23,Hawaii Teamsters Local 996
EKAXCR0272119518109,114,587887134,2025-10-06,Hawaii State Senate
GSCDRQ0272120214992,131,488940255,2025-10-13,Kaiser Permanete - Travel Kacie
WBJBYF0272119734341,134,835355916,2025-10-08,REPUBLIC NATIONAL DISTRIBUTING COMPANY
OXDVOO0272119236103,120,443277715,2025-10-03,Aqua Engineers, Inc.
JCIAGG0272119106958,412,114522321,2021-06-22,SE ALASKA REGIONAL HEALTH
MZTKDA0272119795051,333,811362241,2025-10-08,Modivcare
UUHFON0272119744576,129,448233892,2019-06-20,Dorvin D Leis Co Inc
APYDLW0272120137314,171,830189776,2025-10-08,Kaikor Construction Group, Inc. 
GXYKKD0272119837465,240,465892490,2022-02-18,IG Steel, LLC
ASLXLG0272119012627,129,787736132,2025-10-01,Hawaiian Lift Truck Inc
DTSDGC0272118763534,124,65904252,2025-09-29,NANA MANAGEMENT SERVICES
LABQTO0272120172693,185,581489720,2020-11-01,Foundations Hawaii, Inc.
SEKDTI0272119683675,129,595575750,2025-10-01,EnviroServices and Training Center LLC
LPSUPF0272120210110,138,545564880,2019-08-14,MCCABE HAMILTON & RENNY
USZMHL0272119947880,305,587091466,2025-10-10,Island Energy Services
FCWDRK0272119303340,157,811362241,2021-09-07,Modivcare
WEERST0272118902365,167,488940255,2025-09-30,Kaiser Permanete - Travel Kacie
DIMOYY0272118836662,546,94495936,2021-11-24,MANIILAQ ASSOCIATION
AHDEFP0272118894818,1108,935318720,2019-07-18,KS Kaipuwaiola 99
YGQXML0272119409616,152,568649141,2019-04-29,Nordic PCL Construction-Execs
ALHCHQ0272119223215,606,61883345,2023-11-13,ARCTIC SLOPE NATIVE ASSOCI
INTXFY0272120483694,614,694700996,2025-02-12,Bank of Hawaii 256
INTXFY0272120483695,614,694700996,2025-02-12,Bank of Hawaii 256
INTXFY0272120490157,614,694700996,2025-02-12,Bank of Hawaii 256
CWGHOR0272121435324,262,732470583,2023-08-22,Firetek Pacific Inc
ICKONB0272119130369,143,832726812,2019-07-17,Niwao & Roberts, CPAs, a P.C.
DFRCZL0272117544296,120,660048336,2025-09-16,Kelleher, A Woodgrain Company
OHXENU0272120209740,167,833477875,2024-12-05,Kaiser Permanente - Patient - Travel 6 191082026
YZEQKP0272120214491,147,833477875,2019-11-29,Kaiser Permanente - Patient - Travel 6 191082026
KJKVNH0272119955687,138,861951296,2023-06-07,Associa Hawaii
QKZPZD0272119709491,129,629837176,2021-01-19,Systems Engineering Group LLC
HIENGR0272119949672,138,861951296,2021-11-04,Associa Hawaii
GZEAXL0272120457319,250,488940255,2025-03-25,Kaiser Permanete - Travel Kacie
NXOQJA0272119836317,171,920970400,2025-10-08,Tony Hawaii Automotive Group, Ltd. dba Tony Group
YHUVDE0272119009214,908,910976791,2022-05-07,LBJ Tropical Medical Center
ILMXEP0272119033222,166,427959556,2025-10-01,GP Roadway Solutions Inc
ISFJZX0272120328765,161,723274031,2019-12-11,NOHIE 
GYHAMQ0272120469902,217,936332482,2025-10-15,MasTec Network Solutions Warehouse
USLHIX0272119935789,147,935318720,2025-10-10,KS Kaipuwaiola 99
LQUJPM0272120210601,157,465619490,2023-08-24,Theatrix Hawaii LLC
GNLTWC0272120448585,231,757316000,2022-06-30,Commercial Roofing and Waterproofing Hawaii Inc
UMBPNQ0272120306288,157,627199635,2022-04-09,Kaiser Permanente - Patient - Travel 5 191078486 1
IONOTP0272120446530,180,627199635,2023-07-26,Kaiser Permanente - Patient - Travel 5 191078486 1
MSAGRN0272120475297,79,627199635,2024-06-20,Kaiser Permanente - Patient - Travel 5 191078486 1
MOQPTG0272120309910,149,488940255,2025-10-14,Kaiser Permanete - Travel Kacie
YZEQKP0272120214490,147,833477875,2019-11-29,Kaiser Permanente - Patient - Travel 6 191082026
EUMGDT0272120467641,171,776828220,2021-05-29,SOH DHHL Land Development Division
LLXLHE0272119946493,180,935318720,2025-10-10,KS Kaipuwaiola 99
KSQIAY0272120483422,203,615647480,2022-09-16,CSM ELECTRIC LLC
UHNRDJ0272119239009,147,794445083,2025-10-03,Maui Electric Company Meter Shop
SDZIEP0272120441051,236,964096840,2023-04-03,Grace Pacific Corporation
FHEBPY0272119845426,136,404978291,2025-10-09,SOH DOE OSSS ESB Special Needs Section
JTUGEL0272119585866,175,148340194,2025-10-01,YOUNG BROTHERS, LIMITED
LGGYBX0272117777266,105,454675454,2022-08-28,Kaiser Permanente - Hawaii Permanente Medical Group 191017482
FDYGVI0272119727130,277,850223010,2025-10-06,Unitek Insulation, LLC
DNCYGV0272119716048,327,883317562,2020-12-19,Polynesian Adventure Activities, LLC
KEJCLM0272119640706,562,811362241,2025-07-28,Modivcare
KDYROY0272119227787,129,488940255,2023-01-05,Kaiser Permanete - Travel Kacie
KEJCLM0272119640707,562,811362241,2025-07-28,Modivcare
LVZHAH0272119503902,245,946042075,2023-03-20,WIS INTERNATIONAL
HDWONA0272119241352,425,732453993,2022-08-22,Sysco Hawaii
YIJHJS0272119005575,120,487520261,2025-10-01,International Life Support, Inc dba American Medical Response
UAULLT0272119625085,3155,405045373,2025-10-07,Hula Halau O Kamuela
DVIUNK0272119413477,69,897016643,2025-10-05,HAWAII CONFERENCE OF SEVENTH-DAY ADVENTISTS
SNKPEG0272119229346,203,619749793,2025-05-28,Zelinsky Company
KCYZWN0272119229996,229,833477875,2020-10-01,Kaiser Permanente - Patient - Travel 6 191082026
ASTXTO0272119615421,333,538661281,2024-01-06,Diagnostic Laboratories General
LVPDQA0272119140219,131,402867916,2025-10-02,Kaiser Permanente - Patient - Main Travel Dept 191026830
UZRXKR0272119004703,134,685461932,2025-10-01,HPM Building Supply Admin
AEZPIL0272119520459,138,819362084,2024-06-12,T-Mobile USA
WUFUGM0272119513364,216,833477875,2025-10-06,Kaiser Permanente - Patient - Travel 6 191082026
SNCSPW0272119235151,164,920320321,2022-07-09,SOH DLE ASO
NCUHUA0272119945273,151,585559332,2023-09-11,SOH DCR
FOJZEY0272120514836,194,994843080,2025-10-08,State of Hawaii Organization of Police Officers (SHOPO)
WIKIKY0272119938054,203,811362241,2025-10-10,Modivcare
FELJXO0272119837765,217,719275281,2025-10-09,Oahu Air Conditioning Service Inc
UGTZQR0272120481150,147,698432545,2024-11-13,Alzheimer's Association - Hawaii
YZRFXQ0272120212250,152,400409741,2025-08-08,Charter Communications
ABIGYR0272120457411,87,497712574,2025-10-15,BLUE HAWAIIAN HELICOPTERS
KWCIBX0272120522480,143,902362285,2022-02-08,Grace Pacific LLC Shop Plants and Quarry
KXRSXW0272118769859,138,474106286,2025-09-29,Seven Eleven
MSPGME0272119688705,134,535215925,2025-10-02,Central Pacific Bank
LQFKLX0272120208640,152,427553475,2025-10-13,Maryl Group Construction Inc 1
IWYIBJ0272119742699,147,795442130,2025-10-08,Handcrafted Restaurants LLC
QUEZFZ0272119631141,138,492410623,2025-10-07,Base Management LLC
YAZENW0272120051495,157,474106286,2025-02-13,Seven Eleven
FSYURZ0272119452402,175,971365986,2019-09-17,Malama Aina Foundation
JOXJHR0272118976513,203,659435221,2025-10-01,The Systemcenter Inc
JOXJHR0272118976516,203,659435221,2025-10-01,The Systemcenter Inc
YAZOAU0272119015092,79,418421286,2021-09-26,Pacific Islands Institute
LXOXVT0272120520117,180,119536841,2019-06-13,DHR CONSTRUCTION
MFRYPY0272119613148,131,833982450,2025-10-07,SOH DOE Ke Kula 'O 'Ehunuikaimalino
MFRYPY0272119613149,131,833982450,2025-10-07,SOH DOE Ke Kula 'O 'Ehunuikaimalino
MFRYPY0272119613150,131,833982450,2025-10-07,SOH DOE Ke Kula 'O 'Ehunuikaimalino
QGKAPJ0272120419028,143,506458525,2019-07-31,HI Tire Co LLC dba Lex Brodies
JQWNBK0272120197714,138,670360692,2024-11-22,Liliuokalani Center 1
GBWAUX0272120441359,180,512577870,2025-10-15,Hawaiian Telcom Inc Legal
JKFQHW0272120275526,217,732453993,2022-07-03,Sysco Hawaii
YXDDDC0272120208060,145,833477875,2022-02-27,Kaiser Permanente - Patient - Travel 6 191082026
IMVXVN0272119315477,129,716554101,2025-06-13,Social Impact International
ULUJYZ0272120308236,180,400409741,2021-06-16,Charter Communications
IJTBHU0272120987726,260,889626500,2025-10-16,CONTROLPOINT SURVEYING, INC.
ESPWQO0272120432607,129,754404921,2025-10-07,Pacific Pipe Company Inc
IJTBHU0272120986641,260,889626500,2025-10-16,CONTROLPOINT SURVEYING, INC.
QGZAMK0272120996152,342,969698100,2025-10-18,Maui Kupono Builders, LLC
NPNVVB0272119906641,554,114522321,2025-10-10,SE ALASKA REGIONAL HEALTH
FJJTYB0272120687778,551,935099664,2020-06-08,RV Painting Inc
UOZQAN0272120986447,138,592262215,2022-08-29,Hawaii Gas 1
JSYFSI0272120884882,227,972845926,2025-10-20,Hawaii Unified Industries 
FXZGJB0272120653752,166,935318720,2025-10-17,KS Kaipuwaiola 99
UOZQAN0272120986446,138,592262215,2022-08-29,Hawaii Gas 1
MNRNDK0272120904606,69,616384031,2025-08-09,RON D ELECTRICAL LLC
QUIRGE0272118425928,68,454675454,2025-09-25,Kaiser Permanente - Hawaii Permanente Medical Group 191017482
UPTMVB0272120547187,143,834538832,2025-10-16,Starr and Company Inc
KYHJDD0272120552044,79,943746694,2021-06-26,Title Guaranty of Hawaii
LSWMIP0272120649166,120,791341110,2019-05-29,Tom Nance Water Resource Engineering
UZFZCB0272120645115,118,724150862,2025-01-09,SOH DOE OCID CIB LST
CCPVIO0272120891926,138,402867916,2025-10-20,Kaiser Permanente - Patient - Main Travel Dept 191026830
MAVRXQ0272120557781,129,935654860,2022-09-29,Ohana Pacific Health
OAQTRS0272120638306,65,836865890,2025-10-17,Bow Construction Management Svc Inc
AAUEDB0272120454548,129,746260432,2023-10-27,KIEWIT INFRASTRUCTURE WEST CO
YXIQDX0272120211573,120,764845690,2025-07-14,Unlimited Construction
ATSGSX0272120639094,129,784017220,2019-12-20,808 Maintenance & Flooring inc
NJALXV0272119796080,124,930468840,2025-10-06,Bishop Museum
NJALXV0272119795303,124,930468840,2025-10-06,Bishop Museum
JQEDEK0272119956316,129,774303530,2025-06-01,Foodland 2
JQEDEK0272119956317,129,774303530,2025-06-01,Foodland 2
NJALXV0272119794553,124,930468840,2025-10-06,Bishop Museum
NJALXV0272119796088,124,930468840,2025-10-06,Bishop Museum
JSYFSI0272120884883,227,972845926,2025-10-20,Hawaii Unified Industries 
YSZJSE0272118317930,91,454675454,2025-09-24,Kaiser Permanente - Hawaii Permanente Medical Group 191017482
MWAHRU0272120892786,239,427553475,2024-05-25,Maryl Group Construction Inc 1
NJALXV0272119793443,124,930468840,2025-10-06,Bishop Museum
UOZQAN0272120551751,134,592262215,2022-08-29,Hawaii Gas 1
CUYVTP0272119241752,120,935318720,2025-10-03,KS Kaipuwaiola 99
GOSDFH0272120449807,97,513320290,2021-05-15,DM Air Conditioning and Refrigeration LLC
ELDTYD0272118904893,120,484018776,2025-09-30,G70
FCUPHV0272120888098,170,919482502,2025-10-20,Nan Inc.
GKCGGN0272119619434,105,865309336,2024-04-24,SOH DLIR Hawai'i Labor Relations Board
GKCGGN0272119619433,105,865309336,2024-04-24,SOH DLIR Hawai'i Labor Relations Board
AIYUBD0272119902394,777,44238655,2025-09-18,ALLEN MARINE
NCVOSJ0272119960481,2756,724923802,2025-10-10,Piliholeis
EHLSPA0272121222549,149,402867916,2025-10-23,Kaiser Permanente - Patient - Main Travel Dept 191026830
UWQEZH0272119605968,134,764253464,2025-10-07,Outrigger Hotels and Resorts: Human Resources 1
UWQEZH0272119605967,134,764253464,2025-10-07,Outrigger Hotels and Resorts: Human Resources 1
YLFLER0272121066487,518,34384280,2025-10-19,ALASKA NATIVE MEDICAL CENT
DEKYSW0272120651123,152,996914833,2019-09-17,Big Island Candies
WAMUMJ0272121230522,157,440340876,2025-10-23,HTBYB Direct Bill
GJKPXI0272119611408,138,649517120,2025-10-07,HSTA Negotiations
NQDKAW0272121092684,145,402867916,2025-10-22,Kaiser Permanente - Patient - Main Travel Dept 191026830
YIFIKU0272121098418,249,706533343,2022-11-04,Kauluwao
WWBKCS0272121218820,365,807815455,2025-10-23,MALU PRODUCTIONS, INC
ADJIPI0272121351239,278,114522321,2025-05-07,SE ALASKA REGIONAL HEALTH
OPWFWA0272119591206,231,773043843,2025-10-06,Outrigger Hotels and Resorts: IT
WCVEVH0272118893098,277,425865462,2025-09-30,BEK, Inc.
UGSQJI0272119552703,152,951997653,2025-01-06,Pacific AquaScapes Inc
UXJHSW0272119012926,277,425865462,2024-11-06,BEK, Inc.
NLAFNR0272119508910,199,484176254,2024-06-11,Coalition for a Tobacco Free Hawaii
UCRSOC0272120436470,138,863624016,2021-07-02,Island Taylor LLC 
DOLLHI0272119608880,129,847449256,2025-02-07,Enterprise Holdings 1
LNYWSZ0272120218817,147,928547594,2022-12-13,Transdev Health Solutions
FDRZHP0272118510451,162,454675454,2022-05-13,Kaiser Permanente - Hawaii Permanente Medical Group 191017482
YXWXAE0272120217180,131,833477875,2025-10-13,Kaiser Permanente - Patient - Travel 6 191082026
SAMANR0272120306291,138,847449256,2021-08-20,Enterprise Holdings 1
HJFDSD0272120437593,170,928547594,2025-10-15,Transdev Health Solutions
NFUAYB0272120382960,241,975158575,2025-10-13,SOH House of Representatives
UCRSOC0272120435577,138,863624016,2021-07-02,Island Taylor LLC 
UAMDHQ0272119631870,166,492410623,2021-07-15,Base Management LLC
NMKLOK0272119512423,120,999664271,2025-10-06,Honsador Lumber Corporation
GVSESX0272120185589,138,969782041,2025-10-03,Malama Loko ea Foundation
KXQMNA0272119598849,217,905222124,2024-05-24,QRSE, LLC
EFTTAQ0272120324994,350,650641143,2025-10-14,Island Comfort Inc
CMOQTX0272120341437,69,562068080,2020-11-24,Jason M Laird, MD, LLC
USKANP0272119943054,129,574751590,2025-10-10,Hawaii Heart Foundation
UVLXSS0272119948588,138,834538832,2021-07-25,Starr and Company Inc
UXJIZX0272119012007,149,833477875,2025-10-01,Kaiser Permanente - Patient - Travel 6 191082026
IHYQNS0272119507799,161,709255945,2019-08-28,Hawaii Engineering Services
USYAPT0272119758905,166,999643503,2025-10-08,Top Priority, Inc. 
KWAIHA0272120094294,160,510318211,2024-08-13,SOH-Department of Health
JYYJFR0272119242527,120,774303530,2025-07-19,Foodland 2
OFFJNB0272120212452,230,421169534,2025-10-13,Matson Terminals
WFWVLK0272120268323,134,134734110,2024-04-14,GOODFELLOW BROS., INC.
LJYNFU0272119945217,180,568649141,2025-10-10,Nordic PCL Construction-Execs
WAWREQ0272120321032,333,442039953,2025-10-14,SOH DBEDT ADC
ODQDBF0272119753534,69,615998504,2024-02-16,NAPA Hawaii
QTECUF0272120201198,152,582363714,2025-10-13,Kolona Painting & General Construction, Inc.
OBZFJS0272118766354,120,440340876,2024-09-14,HTBYB Direct Bill
DAHFAP0272119811901,161,974046614,2025-10-07,PROSERVICE PACIFIC LLC
IQMMWK0272120442595,124,733122854,2023-06-27,Alaka'i Mechanical Corporation
UJKJPW0272120900793,350,960346752,2025-02-12,Brotherhood Builders LLC
KLKPRL0272120845598,674,152681944,2019-10-03,BRISTOL BAY AREA HEALTH CO
OOICTD0272120963229,143,811362241,2025-10-12,Modivcare
NXCPFD0272120304447,114,879679021,2025-10-14,SOH Judiciary
QOEHDO0272120888175,171,830422202,2025-10-20,C R Dispatch Service Inc
LSWMIP0272120953393,124,791341110,2019-05-29,Tom Nance Water Resource Engineering
FNCZJD0272119840321,124,681930874,2025-10-09,Family Hui Hawaii
FCEIWP0272120884652,134,719185600,2025-10-15,Maui Oil Company, Inc.
DYCTYK0272119242774,599,353473050,2024-09-08,DROVER CONSTRUCTION
SKRZLF0272119612019,171,992346003,2025-10-07,Servco Corporate Admin
IIBNNZ0272120549748,272,698005512,2019-09-11,Tory's Roofing & Waterproofing, Inc.
UTCHWM0272120554692,273,426099520,2025-10-16,SOH Judiciary Third Circuit
IIBNNZ0272120549747,272,698005512,2019-09-11,Tory's Roofing & Waterproofing, Inc.
UTCHWM0272120554691,273,426099520,2025-10-16,SOH Judiciary Third Circuit
UTCHWM0272120554693,273,426099520,2025-10-16,SOH Judiciary Third Circuit
SFWRQD0272120897268,185,402867916,2025-10-20,Kaiser Permanente - Patient - Main Travel Dept 191026830
AOXWAY0272121058123,295,830422202,2021-10-26,C R Dispatch Service Inc
DRSEAH0272120954050,138,847449256,2020-01-27,Enterprise Holdings 1
KWJXHF0272120321202,157,688486956,2025-10-10,Cades Schutte LLP
UWRFFF0272120322224,175,484176254,2025-10-14,Coalition for a Tobacco Free Hawaii
OJHIRL0272120643488,129,526898385,2025-06-27,American Electric Company, LLC
FTTSYI0272120986560,175,448233892,2025-10-21,Dorvin D Leis Co Inc
QUUKLM0272120206434,124,553546416,2019-06-19,Johnson Brothers of Hawaii
FADDEL0272120887134,215,982547554,2025-04-25,Environmental Science International
EJXEGB0272120889138,194,961215415,2025-05-16,Hawthorne Pacific Corp.
GFHTIW0272120149043,161,634467783,2025-06-13,Aloha Care Employees
FBUDXB0272120886233,81,778802220,2019-03-11,SOH COH Prosecuting Attorney
FBUDXB0272120886231,81,778802220,2019-03-11,SOH COH Prosecuting Attorney
EIPJYV0272120628927,134,616186653,2025-10-15,PACIFIC BIODIESEL
HVUCYX0272120519155,194,602252044,2023-09-02,Y Hata and Company, Limited
FBUDXB0272120886232,81,778802220,2019-03-11,SOH COH Prosecuting Attorney
ECFEEL0272120206659,114,847856321,2021-11-11,Kaiser Permanente - Patient - Travel II 191068086
OFZZJI0272120216487,120,928547594,2023-06-14,Transdev Health Solutions
MARUKU0272120549777,127,760001141,2025-10-16,SOH Department of Education Exceptional Support Branch
WDVTRT0272119515318,259,492410623,2025-04-15,Base Management LLC
JYQRLF0272120994430,171,803472854,2025-10-21,Inter Island Solar Supply
GHIUOO0272120994877,164,975158575,2024-01-02,SOH House of Representatives
QFGGLH0272120538857,259,935318720,2021-07-15,KS Kaipuwaiola 99
JYGOAD0272120988372,185,488940255,2020-02-02,Kaiser Permanete - Travel Kacie
UUHGJK0272120554955,309,986380065,2025-10-16,UH Hilo Office of the Vice Chancellor for Academic Affairs 1
JYGOAD0272120988373,185,488940255,2020-02-02,Kaiser Permanete - Travel Kacie
GEISFF0272120998632,216,555906875,2025-10-21,KAISER TRAVEL-NORA
NJUBWC0272120885629,185,555906875,2025-10-20,KAISER TRAVEL-NORA
NJUBWC0272120885628,185,555906875,2025-10-20,KAISER TRAVEL-NORA
WRZVCP0272120873784,120,682049480,2025-10-10,Hawaiian Cement
SXVLPX0272121018456,231,555906875,2025-10-21,KAISER TRAVEL-NORA
MWEHYO0272120954030,185,402867916,2020-02-17,Kaiser Permanente - Patient - Main Travel Dept 191026830
LWUGCK0272120887210,138,682562193,2019-05-10,SOHDAR-MAIN
SIAJAG0272120899659,175,788341094,2025-10-20,Fukunaga Matayoshi Ching and Kon Herrera
WDLMZI0272119737258,249,545564880,2025-10-08,MCCABE HAMILTON & RENNY
YFMDSE0272119632451,277,811362241,2025-10-07,Modivcare
EXLYTU0272119511757,194,400409741,2020-11-14,Charter Communications
NLXKYM0272119496537,147,134734110,2023-06-07,GOODFELLOW BROS., INC.
WTGXIT0272119586449,143,847449256,2025-04-30,Enterprise Holdings 1
OEODZB0272118758738,213,699250716,2019-05-22,Kua'aina Ulu ' Auamo
CVSQCA0272119837931,175,963774464,2025-10-02,Retina Institute of Hawaii
JXSCYB0272119240787,189,944182175,2025-10-03,Verizon Wireless Administration Office
DBHCIH0272119835383,111,811362241,2023-11-12,Modivcare
MFEVTK0272119618636,216,555906875,2025-10-07,KAISER TRAVEL-NORA
GQCPFZ0272119837391,134,809771314,2023-12-20,Hawaii Visitors and Convention Bureau
LSJVKS0272119130014,129,847449256,2023-02-08,Enterprise Holdings 1
EGHQWK0272120446730,309,792623532,2025-10-08,SOH DOE Honokaa Elementary
MNDEVT0272120444519,138,908625896,2020-12-28,AC Marketing
NSWWNR0272119717426,175,972845926,2025-10-08,Hawaii Unified Industries 
AMWJYM0272119226401,120,774303530,2025-10-03,Foodland 2
WMLRHC0272120427022,138,808310672,2022-10-11,SOH Personnel Services
KXQVOH0272118788616,124,946222104,2021-11-19,Outrigger Hotels and Resorts:  Exec Office
IKYWZL0272120216171,69,587887134,2023-03-24,Hawaii State Senate
SKJXJX0272120374942,244,882158546,2025-10-13,SAUSE HABILL
NUVSAT0272119840852,271,700974853,2023-06-09,SIMMONS STEEL CORPORATION
SKJXJX0272120373509,244,882158546,2025-10-13,SAUSE HABILL
NXWJXQ0272120409909,175,811362241,2025-10-08,Modivcare
QCNVGV0272120227086,102,416455760,2025-10-13,AWP SAFETY
FJBHTQ0272119841861,79,999664271,2023-05-08,Honsador Lumber Corporation
KKGSCO0272119967312,129,811362241,2025-10-10,Modivcare
KKDEIF0272120449034,244,920868314,2021-01-25,Kaiser Permanente
IPNVAY0272120371528,134,568649141,2025-10-09,Nordic PCL Construction-Execs
KKGSCO0272119967311,129,811362241,2025-10-10,Modivcare
EFHYVD0272120457784,69,465619490,2021-01-06,Theatrix Hawaii LLC
IRZJJN0272118754024,110,502730605,2022-08-02,TD Food Group Inc
DSYIUR0272120655477,129,853030743,2021-12-06,Southern Glazer Wine and Spirits
IGENSS0272121107003,69,827702341,2025-10-22,CJ Peterson Services, Inc.
IAXXMV0272120997095,216,402867916,2021-07-06,Kaiser Permanente - Patient - Main Travel Dept 191026830
IPLZVY0272120995762,216,402867916,2023-08-11,Kaiser Permanente - Patient - Main Travel Dept 191026830
HMETLU0272120722009,65,629627622,2025-10-18,Marriott Vacation Worldwide Hawaii
IZZXCB0272121097893,69,427959556,2025-10-22,GP Roadway Solutions Inc
CZSPMA0272120970366,110,985124851,2025-10-02,The Queens Health Systems - Finance
NSVWXO0272120449184,129,581489720,2024-06-11,Foundations Hawaii, Inc.
SXFCYG0272121002085,162,488940255,2025-10-21,Kaiser Permanete - Travel Kacie
OTCGDJ0272120977947,138,568649141,2025-10-08,Nordic PCL Construction-Execs
WHSUCD0272121094371,244,716673635,2025-10-20,Blasting Technology Inc.
JSDFSU0272120892483,81,778802220,2025-03-03,SOH COH Prosecuting Attorney
OHRXEF0272121077405,309,969698100,2025-10-18,Maui Kupono Builders, LLC
HVUYXX0272121093121,340,912318186,2025-10-20,Hirata and Associates Inc
JIKYRR0272120885111,138,512577870,2025-10-20,Hawaiian Telcom Inc Legal
AFWRKY0272121072782,244,948820375,2022-03-03,Group Builders Inc 
JVMKJB0272121022099,138,549346851,2025-10-20,Hawaii Technology Academy
MZABWD0272120893162,171,148415315,2025-10-20,THE HAWAII GROUP
APTFAH0272119246216,115,774303530,2020-01-30,Foodland 2
IOUQBI0272119619230,124,861951296,2025-08-02,Associa Hawaii
KZNGWM0272120557167,277,794445083,2021-03-08,Maui Electric Company Meter Shop
NPBLLN0272120948971,143,616186653,2025-04-22,PACIFIC BIODIESEL
AEVFRI0272119837319,124,489749120,2025-10-06,Morikawa & Associates, LLC
IOUQBI0272119619231,124,861951296,2025-08-02,Associa Hawaii
NIZGZA0272120879656,490,108645261,2025-10-20,CONAM CONSTRUCTION COMPANY
NPBLLN0272120948973,143,616186653,2025-04-22,PACIFIC BIODIESEL
HBLXIQ0272120868941,161,794445083,2024-12-26,Maui Electric Company Meter Shop
YTRCBL0272120992597,242,488940255,2025-10-21,Kaiser Permanete - Travel Kacie
USJSLA0272120552165,142,506630364,2025-10-16,SOH DOT Airports
IOUQBI0272119619232,124,861951296,2025-08-02,Associa Hawaii
WEGRRK0272119520669,171,924293090,2025-10-06,Sansei Seafood Restaurant & Sushi Bar
SXFCYG0272121002086,162,488940255,2025-10-21,Kaiser Permanete - Travel Kacie
SYLSTN0272121006454,88,811362241,2025-10-21,Modivcare
ATSGSX0272120639095,129,784017220,2019-12-20,808 Maintenance & Flooring inc
GEZQGL0272120996133,102,694700996,2023-08-26,Bank of Hawaii 256
INQTKF0272120998724,102,912318186,2020-05-24,Hirata and Associates Inc
QBEIKW0272121098318,203,670175940,2022-08-25,Kahului Carpet & Drapery Products, Inc. 
FEBPXW0272119154329,770,659996864,2022-07-16,Ameriprise WTK
MOJEVY0272121086849,126,865309336,2025-10-08,SOH DLIR Hawai'i Labor Relations Board
LYPQLC0272118892657,213,488940255,2020-08-12,Kaiser Permanete - Travel Kacie
UXVZCQ0272119619722,162,833477875,2025-10-07,Kaiser Permanente - Patient - Travel 6 191082026
SXVZLD0272120726922,65,759262221,2025-10-18,Ben Franklin Ace Hardware dba BFS INC
ALGSPE0272120444605,120,615998504,2020-07-06,NAPA Hawaii
HEHDPH0272120532712,546,94495936,2020-09-20,MANIILAQ ASSOCIATION
SYFBMJ0272121000177,138,745093856,2020-03-10,Altres
SJYSPC0272121102564,69,896130605,2021-04-24,Hawaiian Alliance Equipment Co
AEEPLK0272120455329,244,928547594,2025-10-15,Transdev Health Solutions
HNSXWW0272121017389,147,948820375,2021-03-08,Group Builders Inc 
GMVAGH0272120211032,120,640614973,2022-01-19,Operating Engineers Local Union No. 3
GKCGGN0272121086733,121,865309336,2024-04-24,SOH DLIR Hawai'i Labor Relations Board
WECHZB0272119522354,114,454675454,2025-10-06,Kaiser Permanente - Hawaii Permanente Medical Group 191017482
MCQOTE0272120560566,134,427553475,2025-10-16,Maryl Group Construction Inc 1
MZXDPO0272120887711,171,908625896,2025-05-24,AC Marketing
FEABKB0272120886102,69,475456693,2019-08-14,R & M Painting
CXAWBF0272120628490,166,811362241,2023-01-06,Modivcare
KBNUNR0272119769197,175,575574230,2024-03-15,State of Hawaii OAG CSEA
NQFIJZ0272121059221,142,506630364,2023-06-15,SOH DOT Airports
HJMOGG0272120449281,120,581489720,2025-10-15,Foundations Hawaii, Inc.
NSVWXO0272120449187,129,581489720,2024-06-11,Foundations Hawaii, Inc.
WJWDAO0272120516450,129,876814190,2025-10-15,SSFM International
CTIENS0272120998339,166,719311600,2021-04-20,Castle Resorts & Hotels
YZUYTN0272120209116,129,568649141,2025-10-13,Nordic PCL Construction-Execs
FKQSVN0272120454764,124,746260432,2020-03-13,KIEWIT INFRASTRUCTURE WEST CO
HMEMXC0272120448562,138,660343762,2025-10-15,Made In Hope
HKDPXM0272120997938,131,555906875,2024-09-06,KAISER TRAVEL-NORA
WJNWGB0272120992520,162,555906875,2021-07-28,KAISER TRAVEL-NORA
WJNWGB0272120992521,162,555906875,2021-07-28,KAISER TRAVEL-NORA
AVPLAH0272120638332,143,784976264,2025-10-17,Roeca Luria Shin LLP
OEHTLQ0272120643741,191,506630364,2025-10-17,SOH DOT Airports
AIPZBY0272120646616,333,975222846,2023-12-12,Par Hawaii
KWKUIW0272119947014,296,400409741,2025-10-10,Charter Communications
SZWXEK0272119630169,373,334884524,2025-10-07,PACIFIC DATAPORT INC.
QNSPAR0272120893988,131,833477875,2025-10-20,Kaiser Permanente - Patient - Travel 6 191082026
ACTWND0272120455911,129,876814190,2025-10-15,SSFM International
GRYFVQ0272120207148,147,568649141,2022-04-28,Nordic PCL Construction-Execs
SFKISN0272120893354,175,568649141,2021-10-13,Nordic PCL Construction-Execs
CACPAT0272120892547,147,774303530,2025-10-20,Foodland 2
CNXIYY0272120644889,140,450039424,2023-09-07,SOH DOE OSSS EHCY
QOURZH0272120891890,160,682049480,2025-10-20,Hawaiian Cement
SDOCSU0272120307764,138,400409741,2025-10-14,Charter Communications
SZKZDI0272121001290,157,680200835,2025-10-21,Dr. Miyasaka Optometry LLC
SYXTEM0272120994315,194,833477875,2025-10-21,Kaiser Permanente - Patient - Travel 6 191082026
JYXJLA0272120994047,149,833477875,2025-10-21,Kaiser Permanente - Patient - Travel 6 191082026
UOIVPT0272120561323,143,551029835,2025-10-16,Kamaaina Kids
SETCBN0272119970777,131,585250890,2025-10-11,SOH DOT Administration
UOIVPT0272120561322,143,551029835,2025-10-16,Kamaaina Kids
YSHWGW0272121004149,75,402867916,2025-10-21,Kaiser Permanente - Patient - Main Travel Dept 191026830
FYBUPG0272120650420,74,470031763,2025-07-11,Hawaii Pilots Association
NPUCMP0272121098573,157,803472854,2025-10-22,Inter Island Solar Supply
CRIEUK0272120642683,152,406964644,2025-10-17,Hawaii Energy Systems
WRSWMW0272117547683,120,660048336,2025-09-16,Kelleher, A Woodgrain Company
NTTERC0272119840088,129,808224885,2024-09-18,Hawaii Job Corps Staff
QPGDEZ0272120887664,152,427959556,2023-05-05,GP Roadway Solutions Inc
WCXCUC0272119520712,122,537811875,2025-10-06,SOH DOE Kauai Complex Area 
WLVAEO0272120994863,193,555906875,2019-09-07,KAISER TRAVEL-NORA
NXCBBP0272120306869,136,537609833,2025-10-14,SOH CIB-SST
IQDZYX0272120994675,157,425865462,2025-10-21,BEK, Inc.
QFSJND0272121001257,157,448233892,2022-04-04,Dorvin D Leis Co Inc
UIPNFM0272118177803,520,18899112,2025-09-22,JAMHI HEALTH AND WELLNESS
QSJJLO0272120577923,199,795899344,2025-10-17,MH ELECTRIC CONSTRUCTION INC
HBBDSL0272117540338,120,653652322,2019-06-18,SOH DOE Hawaii District HRRO Office
NVZBYJ0272121096827,350,732470583,2025-07-24,Firetek Pacific Inc
HIYLQA0272119710244,343,179101764,2022-04-14,METLAKATLA INDIAN COMMUNIT
OFBCLQ0272118769791,175,952344293,2025-09-29,Hawaii Police Department
UQVRHT0272120553776,191,506630364,2025-10-16,SOH DOT Airports
GRYFVQ0272120207149,147,568649141,2022-04-28,Nordic PCL Construction-Execs
SFKISN0272120893356,175,568649141,2021-10-13,Nordic PCL Construction-Execs
GRYFVQ0272120207147,147,568649141,2022-04-28,Nordic PCL Construction-Execs
FMGMMC0272120455839,213,776828220,2025-01-15,SOH DHHL Land Development Division
HCTPDX0272121106708,309,797133190,2019-07-11,Koga Engineering and Construction
MGICSM0272118056726,114,454675454,2025-03-25,Kaiser Permanente - Hawaii Permanente Medical Group 191017482
WKDUKC0272119150866,161,982870173,2025-10-02,Hawaii Association for Infant Mental Health
WFQRAJ0272120553015,138,592262215,2025-10-16,Hawaii Gas 1
DWKVJD0272121133327,138,440340876,2025-10-21,HTBYB Direct Bill
QTWTFY0272119032612,69,868062075,2025-10-01,Security Design Specialist, LLC
DOKTIK0272118415816,171,599629424,2021-09-06,Hawaii Care and Cleaning, Inc.
DOKTIK0272118415817,171,599629424,2021-09-06,Hawaii Care and Cleaning, Inc.
NKGICX0272119009550,203,975716571,2024-05-26,Aloun Farm, Inc.
NKGICX0272119012121,203,975716571,2024-05-26,Aloun Farm, Inc.
LVRQUO0272119011326,239,998598215,2025-09-30,Epic Ohana Conferencing
IQPHDI0272118424371,216,833477875,2025-09-25,Kaiser Permanente - Patient - Travel 6 191082026
IQPHDI0272118424372,216,833477875,2025-09-25,Kaiser Permanente - Patient - Travel 6 191082026
UIFDHN0272118853275,138,935318720,2025-09-28,KS Kaipuwaiola 99
KTOHHH0272119015429,171,433839663,2025-09-30,Access Lifts of Hawaii Inc
NMGDOW0272118879061,208,811362241,2025-09-30,Modivcare
KHOBYI0272118089709,129,847449256,2025-09-22,Enterprise Holdings 1
WSDPQT0272118892338,281,536909332,2025-09-30,Hawaii Organ Procurement Organization
ONRQWM0272118917067,66,437287712,2025-09-27,Kaiser Permanente Travel 7
QUPMAW0272118948629,175,697469463,2025-09-17,RM Towill
YHDICC0272119004972,69,883317562,2025-10-01,Polynesian Adventure Activities, LLC
GWOQIS0272118307829,120,400409741,2025-09-24,Charter Communications
GIEIIA0272119008608,171,992346003,2025-07-03,Servco Corporate Admin
AIDZPB0272118083435,138,458700351,2022-11-17,COMMERCIAL PLUMBING INC
AFHYJN0272118892279,131,402867916,2023-05-31,Kaiser Permanente - Patient - Main Travel Dept 191026830
FAWRFJ0272118518662,142,546624680,2025-09-26,UH Hilo Office of the Vice Chancellor for Academic Affairs
DPRFPS0272118979664,291,455454086,2024-07-12,Beachside Roofing Sales and Marketing
OLQMGT0272118763404,222,700974853,2025-09-29,SIMMONS STEEL CORPORATION
ASNNQY0272117848533,1059,182094780,2023-01-23,ALASKA AGGREGATE PRODUCTS
AYVWSG0272118739783,175,448233892,2025-01-15,Dorvin D Leis Co Inc
GKJXXU0272119006579,161,919482502,2022-04-18,Nan Inc.
WUQATP0272118967468,231,854523261,2025-09-24,Affiliated Construction
EGMSQE0272118509226,249,406964644,2021-11-17,Hawaii Energy Systems
OCODWC0272118761396,147,935318720,2025-04-30,KS Kaipuwaiola 99
KLMPVF0272119128645,157,448233892,2022-02-08,Dorvin D Leis Co Inc
WUQATP0272118968222,231,854523261,2025-09-24,Affiliated Construction
GJVNTT0272119001490,157,909528410,2025-10-01,PACIFIC ISLANDS GROUP
WDRGFI0272118900288,157,592262215,2020-05-21,Hawaii Gas 1
QQZBOM0272118833825,180,858370262,2025-09-24,Shioi Construction Inc
UPDMGW0272118766373,229,833477875,2025-09-29,Kaiser Permanente - Patient - Travel 6 191082026
CFBRNB0272118754246,189,402867916,2025-09-29,Kaiser Permanente - Patient - Main Travel Dept 191026830
LQLTQU0272118886172,149,402867916,2019-06-20,Kaiser Permanente - Patient - Main Travel Dept 191026830
ODECDV0272118759569,189,555906875,2025-09-29,KAISER TRAVEL-NORA
SSDJFR0272118729864,350,426299996,2025-09-26,Hawaiian Building Maintenance
AFAMSW0272118882407,140,402867916,2025-09-30,Kaiser Permanente - Patient - Main Travel Dept 191026830
ORYOTR0272118834005,203,858370262,2024-12-02,Shioi Construction Inc
NVAOPD0272119074240,152,568649141,2023-07-24,Nordic PCL Construction-Execs
YOUKXX0272118755798,249,896997371,2023-04-13,Hawaiian Dredging Construction Co HEAVY
UWPIZW0272119007870,236,676808856,2019-08-06,HMSA
EKYYPX0272119110730,165,546099724,2025-01-13,Okahara and Associates Hilo
AFWZCD0272118888310,333,427959556,2022-07-02,GP Roadway Solutions Inc
NFJVQP0272119023908,254,431746652,2025-10-01,Centerscale Automation Hawaii Inc
YRVMJU0272120748198,1562,451104931,2022-02-11,Kaiser Permanente HI Pharmacy
FXDGXP0272120771361,166,702352814,2025-10-02,Pacific Asphalt & Maintenance Inc
FPBEII0272120748367,174,421169534,2025-10-18,Matson Terminals
EBIZPQ0272120211493,882,694263441,2021-08-21,The Audio Visual Company
WSGCGI0272120898167,147,707747456,2025-10-16,Office of Hawaiian Affairs
JTSTBB0272120892106,88,545564880,2025-10-20,MCCABE HAMILTON & RENNY
KWZQST0272120565012,755,437024103,2019-04-25,Guiebs Catering LLC dba Guieb Cafe
IPJCQQ0272120996613,69,496418650,2019-06-07,PINNACLE SERVICES LLC 
IPJCQQ0272120996612,69,496418650,2019-06-07,PINNACLE SERVICES LLC 
GNPIQW0272121007584,88,811362241,2023-08-09,Modivcare
URZVCA0272120869802,129,688486956,2025-10-08,Cades Schutte LLP
GNPIQW0272121007585,88,811362241,2023-08-09,Modivcare
GTMSOD0272120933805,866,941628284,2023-09-20,Tori Richard, Ltd.
YUNROS0272120991799,217,545564880,2024-06-07,MCCABE HAMILTON & RENNY
MSLEZN0272120959434,156,627199635,2019-03-25,Kaiser Permanente - Patient - Travel 5 191078486 1
JRRLGX0272120891518,194,716673635,2025-10-20,Blasting Technology Inc.
CDIQWB0272120895733,162,555906875,2020-04-16,KAISER TRAVEL-NORA
FXYQHA0272120657463,69,816421955,2025-10-08,SOH DOE Waiakea High School
JVGSRV0272120371008,138,847041506,2025-10-14,Jas W Glover Ltd
KYWSQP0272120564312,166,491156912,2024-05-17,Aloha Sunshine Tours LLC
MCYENM0272120992737,350,764845690,2025-10-10,Unlimited Construction
WGPFGO0272120554723,292,616186653,2024-07-04,PACIFIC BIODIESEL
FOPHZJ0272120473864,65,587091466,2025-10-15,Island Energy Services
ISEQEC0272119458093,217,424150510,2022-09-23,Steves Plumbing & AC Service
WSHXBS0272118881888,124,853030743,2021-11-03,Southern Glazer Wine and Spirits
OLYERR0272121226878,97,811362241,2025-10-23,Modivcare
IQSFZE0272121228562,286,402867916,2023-11-27,Kaiser Permanente - Patient - Main Travel Dept 191026830
AFLMBP0272121235249,75,847856321,2019-06-14,Kaiser Permanente - Patient - Travel II 191068086
AOYKNH0272120986924,180,727450102,2025-10-21,Young Brothers
OGZHWV0272120206888,129,941628284,2023-12-28,Tori Richard, Ltd.
NMUVPU0272121193812,248,757316000,2025-10-14,Commercial Roofing and Waterproofing Hawaii Inc
COMQPD0272121231819,79,492088376,2024-01-27,Kaiser Permanente - Continuing Care
UJOQZC0272120655545,161,832096241,2025-10-14,MC&A
ASXTVO0272121242480,97,811362241,2021-03-14,Modivcare
HZIUJF0272120569489,175,491156912,2025-10-16,Aloha Sunshine Tours LLC
HOJVSS0272120206831,129,941628284,2025-04-01,Tori Richard, Ltd.
AFLMBP0272121235248,75,847856321,2019-06-14,Kaiser Permanente - Patient - Travel II 191068086
MEPIEU0272120982491,138,692476746,2023-02-09,WorkStar Occupational Health Systems, Inc.
CYXYXG0272121078503,157,757316000,2024-03-21,Commercial Roofing and Waterproofing Hawaii Inc
UAENQT0272120204137,171,941628284,2025-10-13,Tori Richard, Ltd.
KPEAMQ0272121201636,143,400409741,2023-03-19,Charter Communications
ILGGOR0272121069854,147,682049480,2022-08-01,Hawaiian Cement
IGUJUT0272121069555,147,682049480,2019-07-10,Hawaiian Cement
QGTJXQ0272120979565,143,764981324,2025-10-10,Marketing Resource Group Inc
KKBRKX0272121014757,143,764981324,2024-06-14,Marketing Resource Group Inc
CSCNXA0272121103929,149,402867916,2025-10-22,Kaiser Permanente - Patient - Main Travel Dept 191026830
IPIIKD0272120993172,194,833477875,2025-10-21,Kaiser Permanente - Patient - Travel 6 191082026
EDJANQ0272120208885,147,853030743,2021-01-12,Southern Glazer Wine and Spirits
GIXKDN0272119630954,166,677741993,2024-10-26,Lifetouch
HYHORX0272119953481,88,512577870,2019-06-18,Hawaiian Telcom Inc Legal
NXJVEL0272120306027,152,563552021,2024-08-26,Catholic Charities Hawaii
YDRZDB0272120602844,147,811362241,2025-10-15,Modivcare
NTJDQK0272119835412,129,869445920,2025-10-09,Austin, Tsutsumi & Assoc., Inc
NQDKAW0272121092683,145,402867916,2025-10-22,Kaiser Permanente - Patient - Main Travel Dept 191026830
AHQNCL0272121254079,75,847856321,2025-10-23,Kaiser Permanente - Patient - Travel II 191068086
KDMULI0272120612756,143,662978315,2019-12-20,The Episcopal Church in Hawaii
WZCUAA0272120642549,152,400058643,2025-10-17,InForm Design
IPIIKD0272120993173,194,833477875,2025-10-21,Kaiser Permanente - Patient - Travel 6 191082026
JXYWAY0272120991878,165,406964644,2025-10-21,Hawaii Energy Systems
MXTXWT0272120892328,160,682049480,2022-07-23,Hawaiian Cement
CNQDRI0272120642126,152,688486956,2019-12-28,Cades Schutte LLP
GZGATJ0272120441408,248,733122854,2025-10-15,Alaka'i Mechanical Corporation
WMXQDS0272120986779,269,402867916,2025-01-29,Kaiser Permanente - Patient - Main Travel Dept 191026830
GHURAW0272121000853,216,402867916,2025-10-21,Kaiser Permanente - Patient - Main Travel Dept 191026830
CHBGRS0272121173495,147,455381592,2025-10-21,Kokua Geotech LLC
UTAIKW0272120527813,287,545267542,2019-03-28,HGEA Oahu Division
YGITKP0272121094411,174,555906875,2025-10-22,KAISER TRAVEL-NORA
AHYOYL0272121244473,174,984083811,2025-10-23,Hawaiian Dredging Construction Co Maui
IXSKUU0272121106206,165,555906875,2025-10-22,KAISER TRAVEL-NORA
GHRCAI0272121000428,216,833477875,2020-07-25,Kaiser Permanente - Patient - Travel 6 191082026
MFQOZD0272120452320,165,629627622,2025-10-15,Marriott Vacation Worldwide Hawaii
QHDVZW0272121230431,285,437287712,2020-10-04,Kaiser Permanente Travel 7
COFBZO0272121216496,216,896130605,2025-10-23,Hawaiian Alliance Equipment Co
GMNZXK0272120201132,165,928547594,2023-11-14,Transdev Health Solutions
KYMDDE0272119935884,180,662978315,2019-06-01,The Episcopal Church in Hawaii
COFBZO0272121216495,216,896130605,2025-10-23,Hawaiian Alliance Equipment Co
YULZVU0272119846269,147,984083811,2025-10-03,Hawaiian Dredging Construction Co Maui
AXVVVL0272119394578,79,451442961,2024-07-24,Carnival Events LLC
WJSWKV0272119138971,180,998598215,2023-04-11,Epic Ohana Conferencing
UQPHKL0272119412719,79,451442961,2025-08-05,Carnival Events LLC
WMVVXQ0272118515673,185,940674361,2025-09-26,Kenworth Hawaii LLC
LWOXLE0272118881791,185,776828220,2025-09-30,SOH DHHL Land Development Division
YRXUFO0272119468655,180,568649141,2025-09-24,Nordic PCL Construction-Execs
KYAGCD0272119401905,161,731656645,2024-05-29,Hensel Phelps Construction Co,
LYOIJW0272118891977,301,828956833,2021-02-09,Leeward Roofing and General Contracting
OWLMEV0272119227954,249,830189776,2025-10-03,Kaikor Construction Group, Inc. 
WUKWCJ0272118886718,285,458700351,2019-07-27,COMMERCIAL PLUMBING INC
GJTUXB0272119012784,194,843913254,2025-10-01,Kazi Restaurants of Hawaii Inc Burger King
UOJVIL0272118775070,171,535215925,2025-09-29,Central Pacific Bank
CRQTJH0272119236999,145,506630364,2025-10-03,SOH DOT Airports
UUZHLG0272121116516,69,640625720,2021-05-27,Campervan Hawaii LLC
FEJLSW0272119840827,129,685461932,2025-10-09,HPM Building Supply Admin
HAAVIB0272119681541,124,829429414,2025-10-08,Hawaii Honolulu Mission
QFITZE0272121010380,185,402867916,2023-01-30,Kaiser Permanente - Patient - Main Travel Dept 191026830
ICXDIN0272120987539,69,416455760,2019-10-17,AWP SAFETY
OJADFX0272120638358,129,553546416,2025-10-17,Johnson Brothers of Hawaii
SCBADG0272120909860,227,568649141,2025-10-20,Nordic PCL Construction-Execs
KSZXGH0272119496548,157,535215925,2025-10-06,Central Pacific Bank
FOOWYA0272119843323,60,470031763,2025-10-09,Hawaii Pilots Association
IGSUIL0272121114609,69,496418650,2024-06-16,PINNACLE SERVICES LLC 
SUMIHG0272121069237,942,882158546,2025-10-02,SAUSE HABILL
URDMAD0272119933881,464,37083130,2025-10-10,TANANA CHIEFS CONFERENCE I
WLQWWP0272121106216,250,634467783,2021-04-23,Aloha Care Employees
UCAQHP0272120201074,278,978790525,2023-05-03,'Aina Archaeology
MNCYET0272120307154,114,665669292,2023-06-26,SOH DHHL Planning Office
MPAVBF0272119735711,124,479096214,2025-10-08,SOH DHHL
QQDJSN0272121109015,138,765164444,2025-10-20,Beachside Roofing, LLC
NKLRJJ0272120167861,175,684625152,2025-06-11,KoaWood Ranch
NKLRJJ0272120167860,175,684625152,2025-06-11,KoaWood Ranch
WXIPUU0272120899836,171,663719000,2021-09-02,The Nature Conservancy
FKXLQS0272119841990,180,448233892,2025-10-09,Dorvin D Leis Co Inc
MSOUAR0272120566587,236,964096840,2025-10-08,Grace Pacific Corporation
NZPKXW0272118515931,120,858370262,2025-09-26,Shioi Construction Inc
HXYRWA0272119951763,249,587091466,2023-01-15,Island Energy Services
LJNJJR0272120534212,180,757316000,2025-10-07,Commercial Roofing and Waterproofing Hawaii Inc
ABGESQ0272120470576,277,442039953,2020-05-16,SOH DBEDT ADC
ACSTRR0272120468584,277,442039953,2025-10-15,SOH DBEDT ADC
SKVTPX0272120561851,143,619635435,2025-10-07,Otis Elevator
YFHTEJ0272120225288,185,811362241,2025-10-13,Modivcare
MTQLNX0272120473446,157,424150510,2022-06-07,Steves Plumbing & AC Service
GAUNIU0272120387947,165,948820375,2024-03-17,Group Builders Inc 
ECLUNY0272120215240,229,555906875,2025-02-12,KAISER TRAVEL-NORA
WKLHWM0272119746379,143,621878526,2025-10-08,Oceanit Laboratories
UUFWQB0272119939437,282,832096241,2025-08-23,MC&A
OLIARW0272120642537,434,580167991,2024-09-29,Pono Petroleum LLC
OXULGI0272120479429,377,897809102,2023-06-12,Quikfab Solutions, Inc.
LJRGHN0272120264509,161,441459384,2019-01-24,Partners in Development Foundation
KOWAVL0272119258170,161,892956400,2025-10-04,Kawaikini Charter School
JQSODF0272120431503,259,902362285,2022-09-16,Grace Pacific LLC Shop Plants and Quarry
DVLUVI0272120642720,102,522762472,2025-10-17,Alpha Inc
HRMSAZ0272120311593,259,454211634,2025-10-14,Fun Factory Inc
DVLUVI0272120642719,102,522762472,2025-10-17,Alpha Inc
KOWAVL0272119258169,161,892956400,2025-10-04,Kawaikini Charter School
KQIEVE0272119258171,161,892956400,2024-05-21,Kawaikini Charter School
SXCVVT0272120642988,406,611489373,2024-03-04,Hawaii Petroleum
DTVGXP0272120656045,106,811362241,2025-10-17,Modivcare
GQNGGW0272120202381,160,907416974,2023-07-26,SOH DHRD
OQAGEM0272120647081,197,422137494,2025-10-14,UH Office of VP for Community Colleges 3
UWTDLS0272119210722,203,984083811,2025-10-01,Hawaiian Dredging Construction Co Maui
UVNBTX0272119946526,764,767723191,2025-01-03,UH Windward CC Chancellor
WZHGYZ0272121238857,179,555906875,2019-04-30,KAISER TRAVEL-NORA
YCWPYL0272119611691,147,705504811,2024-05-07,SOH DAB
HTSFRS0272118841143,285,168611100,2024-08-25,DIOCESE OF JUNEAU
GMQPXD0272120204511,147,914841690,2025-10-13,SOH HIDOE OSIP
MOTBXZ0272120312786,138,843913254,2024-06-10,Kazi Restaurants of Hawaii Inc Burger King
QEGLEB0272118082539,1636,337008350,2025-09-22,ALASKA BERING SEA CRABBERS
IOVHYY0272119619615,170,553546416,2025-10-07,Johnson Brothers of Hawaii
WXHFJB0272118673940,406,44314734,2022-01-03,ANCHORAGE INVENTORY SERVIC
UAGPPF0272120203382,138,824876522,2025-10-13,Architects Hawaii Ltd
EFLKJN0272120318850,138,586920622,2025-10-14,Patterson Dental
UUGLEQ0272119938646,203,971365986,2025-10-10,Malama Aina Foundation
LSLQWQ0272119741160,171,615499916,2025-10-08,Interstate Restoration Hawaii LLC
LSLQWQ0272119741159,171,615499916,2025-10-08,Interstate Restoration Hawaii LLC
CEMKLP0272120313379,171,568649141,2020-12-18,Nordic PCL Construction-Execs
GMEWIZ0272119615498,129,510321420,2019-08-27,Armstrong Builders LLC
GSDVTL0272120207723,145,488940255,2025-10-13,Kaiser Permanete - Travel Kacie
DRGSRU0272119014927,230,731335640,2025-01-22,Allana Buick & Bers, Inc.
MOTBXZ0272120312785,138,843913254,2024-06-10,Kazi Restaurants of Hawaii Inc Burger King
GLHSXK0272120213762,138,789078032,2025-10-13,HPH Human Resources
UJQHAZ0272120322207,147,545449424,2025-10-14,Primatech Construction Inc.
WBFMNW0272120332845,138,474113673,2025-10-14,Hawaii Nurses and Healthcare Professionals
LNTKOH0272118880709,180,904509196,2025-09-30,382
NZOIDC0272120313927,203,820325586,2025-10-14,Times Supermarket
UIGCJK0272119235007,129,738144061,2021-02-23,Communication Consulting Svc Inc
OGWQRZ0272120206509,171,757316000,2023-09-20,Commercial Roofing and Waterproofing Hawaii Inc
IDTBIO0272120185132,134,969782041,2019-08-27,Malama Loko ea Foundation
GLFAXG0272120210993,272,961215415,2025-10-13,Hawthorne Pacific Corp.
LQSNQX0272120218113,131,833477875,2025-10-13,Kaiser Permanente - Patient - Travel 6 191082026
YYQTPC0272120210386,299,928547594,2024-10-24,Transdev Health Solutions
YYQTPC0272120210387,299,928547594,2024-10-24,Transdev Health Solutions
AZAGPA0272120204476,174,598378852,2024-05-31,Luana Hospitality Group
AZAGPA0272120204477,174,598378852,2024-05-31,Luana Hospitality Group
ALKBTV0272119239852,277,849512871,2025-10-03,South-PAC Power Solutions
MOOXUH0272119141169,97,833477875,2025-10-02,Kaiser Permanente - Patient - Travel 6 191082026
CUAWCM0272119233746,193,402867916,2025-10-03,Kaiser Permanente - Patient - Main Travel Dept 191026830
JKIOCL0272119601827,620,94495936,2025-09-30,MANIILAQ ASSOCIATION
YUKTEH0272120999037,158,847041506,2025-08-28,Jas W Glover Ltd
MVWRHD0272120900514,208,811362241,2025-10-20,Modivcare
KJNSZZ0272120561719,166,474106286,2024-07-11,Seven Eleven
KJNSLE0272120566967,180,877588261,2025-10-16,Lyons, Brandt, Cook & Hiramatsu
HJMOGG0272120449282,120,581489720,2025-10-15,Foundations Hawaii, Inc.
OFBDLG0272120206382,129,568649141,2023-12-03,Nordic PCL Construction-Execs
HMVUCZ0272118200787,82,454675454,2019-07-21,Kaiser Permanente - Hawaii Permanente Medical Group 191017482
IIUNBR0272118431296,82,454675454,2024-10-15,Kaiser Permanente - Hawaii Permanente Medical Group 191017482
YHWYST0272119888903,278,114522321,2025-10-10,SE ALASKA REGIONAL HEALTH
FZQVRQ0272118213739,161,729559725,2022-07-27,HHSC Kauai Region
MRARUV0272120311611,129,940674361,2024-03-27,Kenworth Hawaii LLC
FRYPHS0272120986249,138,472691380,2025-10-21,First Hawaiian Bank Kona
MCOZWU0272120552867,129,467592425,2025-10-16,Servco Forklift & Industrial Equipment
WJHWQM0272120985601,203,883317562,2025-10-21,Polynesian Adventure Activities, LLC
LTWBIP0272119128302,157,942467691,2025-10-02,DTL LLC
LTWBIP0272119128301,157,942467691,2025-10-02,DTL LLC
NNNKRR0272120882705,350,427553475,2024-10-09,Maryl Group Construction Inc 1
UTSYBU0272119745135,217,869445920,2021-07-08,Austin, Tsutsumi & Assoc., Inc
MORYQH0272120302314,124,836865890,2025-08-15,Bow Construction Management Svc Inc
CEWGGC0272120842268,236,729559725,2024-10-22,HHSC Kauai Region
FZQVRQ0272118213740,161,729559725,2022-07-27,HHSC Kauai Region
EMKHID0272120893453,185,555906875,2025-10-20,KAISER TRAVEL-NORA
AUXZNJ0272119012562,128,940572684,2023-02-20,Sim Investment Properties LLC
HJMOGG0272120449283,120,581489720,2025-10-15,Foundations Hawaii, Inc.
HJMOGG0272120449284,120,581489720,2025-10-15,Foundations Hawaii, Inc.
NSVWXO0272120449186,129,581489720,2024-06-11,Foundations Hawaii, Inc.
HJMOGG0272120449285,120,581489720,2025-10-15,Foundations Hawaii, Inc.
HJMOGG0272120449287,120,581489720,2025-10-15,Foundations Hawaii, Inc.
MCOZWU0272120552868,129,467592425,2025-10-16,Servco Forklift & Industrial Equipment
GGCLOX0272120985515,147,619749793,2024-08-12,Zelinsky Company
UNHOGV0272120564823,129,727272475,2021-10-14,Glennco Pacific
HJRRKF0272118211057,179,729559725,2025-09-23,HHSC Kauai Region
JOPKQU0272120570306,245,660911495,2023-12-28,UHA
EGOCRN0272120978643,161,997233355,2020-05-30,HEMIC Admin
YBIUYX0272119608877,115,853030743,2020-10-09,Southern Glazer Wine and Spirits
HJKWFQ0272120844906,236,729559725,2025-09-23,HHSC Kauai Region
HJRRKF0272118211056,179,729559725,2025-09-23,HHSC Kauai Region
YKJIIG0272119811708,120,759262221,2025-10-06,Ben Franklin Ace Hardware dba BFS INC
KDEJOR0272120651653,129,984083811,2025-10-17,Hawaiian Dredging Construction Co Maui
CCLLYG0272120894553,66,402867916,2025-10-20,Kaiser Permanente - Patient - Main Travel Dept 191026830
SDTUVL0272120895580,110,478398815,2024-04-14,Hawaii Community Foundation
QQDJSN0272120895617,138,765164444,2025-10-20,Beachside Roofing, LLC
ULAQQI0272120309595,120,794445083,2025-10-14,Maui Electric Company Meter Shop
HLJBMG0272120995425,216,555906875,2022-02-18,KAISER TRAVEL-NORA
WPAIYV0272120958083,138,577620584,2021-04-14,Liliuokalani Trust
IBNDTJ0272120998690,350,650641143,2025-10-21,Island Comfort Inc
SFMGVF0272120893750,185,586920622,2025-10-20,Patterson Dental
FEJLSW0272119840828,129,685461932,2025-10-09,HPM Building Supply Admin
CACVNS0272120899526,143,692476746,2022-08-22,WorkStar Occupational Health Systems, Inc.
SXGXYS0272121005214,138,650641143,2020-02-07,Island Comfort Inc
HJKWFQ0272120844901,236,729559725,2025-09-23,HHSC Kauai Region
FDKRPZ0272120886734,291,447914364,2022-04-25,GREENPATH TECHNOLOGIES
ASJXMM0272119018490,110,794445083,2023-12-18,Maui Electric Company Meter Shop
HKZSLD0272119838560,166,685461932,2023-11-01,HPM Building Supply Admin
KBUPTY0272119235017,110,789078032,2019-06-03,HPH Human Resources
SFIVSB0272120907201,171,969698100,2022-04-02,Maui Kupono Builders, LLC
FOKJTD0272119861256,124,774303530,2025-07-19,Foodland 2
CGOOBH0272120308693,120,756868954,2025-10-14,Pacific Security Integrations
YYISGD0272120204980,129,935318720,2019-12-09,KS Kaipuwaiola 99
OGWZRC0272120206501,129,935318720,2025-02-02,KS Kaipuwaiola 99
DEODGY0272120658887,129,853030743,2020-01-06,Southern Glazer Wine and Spirits
HUHEHG0272120908624,277,474110884,2025-07-26,Airborne Aviation Inc
HUHEHG0272120908625,277,474110884,2025-07-26,Airborne Aviation Inc
HLDPUD0272120539034,65,470031763,2022-10-20,Hawaii Pilots Association
WWPOIZ0272121238592,291,974848000,2019-02-01,Na Kama Kai
WWPOIZ0272121238589,291,974848000,2019-02-01,Na Kama Kai
MRFKNI0272119743313,189,676808856,2025-10-08,HMSA
HLUWBS0272121008568,83,653954055,2022-11-20,LANAI RESORTS LLC
NZVKLG0272121325560,161,424067954,2025-10-14,SOH DHS MQD Finance Office
AGATYD0272121250862,296,811362241,2025-10-23,Modivcare
AGATYD0272121250861,296,811362241,2025-10-23,Modivcare
OBXBLP0272121242599,148,811362241,2023-07-14,Modivcare
WWPOIZ0272121238590,291,974848000,2019-02-01,Na Kama Kai
WDWSDH0272121214989,164,707747456,2025-05-12,Office of Hawaiian Affairs
UTCXAR0272120561328,143,964360272,2025-10-16,Mark Development, Inc.
WWCNHS0272121243908,188,563552021,2025-10-23,Catholic Charities Hawaii
KYRATH0272120553312,180,577353755,2025-10-16,First Pacific Builders LLC
WJFPAH0272119742936,189,676808856,2025-01-11,HMSA
LMHRBZ0272121094758,188,774303530,2025-10-22,Foodland 2
DDESYT0272119833578,202,454806170,2021-08-12,Hawaii Dental Group Inc
FKYESN0272120460316,272,421240363,2025-10-15,The Salvation Army-Ray & Joan Kroc Corps Comm Ctr
DEUSSB0272120630412,236,847041506,2020-09-27,Jas W Glover Ltd
UJKSBW0272120305387,231,814955466,2019-07-31,SOH COH Parks and Recreation
UVQUAX0272120558585,277,418410495,2020-11-03,SOH DOE Chiefess Kapiolani Elementary School
KBFDOM0272120653407,164,707747456,2021-04-28,Office of Hawaiian Affairs
OJGULO0272121223997,277,555906875,2025-10-23,KAISER TRAVEL-NORA
CCIYEZ0272120896270,164,707747456,2020-03-10,Office of Hawaiian Affairs
IYXHME0272121107440,262,797133190,2025-10-22,Koga Engineering and Construction
FKYESN0272120460317,272,421240363,2025-10-15,The Salvation Army-Ray & Joan Kroc Corps Comm Ctr
KXYZJO0272119933885,340,797133190,2024-04-02,Koga Engineering and Construction
DVKFFM0272120643616,263,491156912,2025-10-17,Aloha Sunshine Tours LLC
DVKFFM0272120643614,263,491156912,2025-10-17,Aloha Sunshine Tours LLC
DULNIE0272120645063,244,902362285,2025-10-17,Grace Pacific LLC Shop Plants and Quarry
OCZHCO0272120640149,143,951997653,2025-10-17,Pacific AquaScapes Inc
FRHYAQ0272121344466,175,492088376,2024-05-15,Kaiser Permanente - Continuing Care
HLBHJA0272120996032,216,437287712,2021-04-11,Kaiser Permanente Travel 7
UEOJAE0272119235205,180,400409741,2025-10-03,Charter Communications
HNFLPW0272120798394,204,952344293,2025-10-19,Hawaii Police Department
FRHYAQ0272121344467,175,492088376,2024-05-15,Kaiser Permanente - Continuing Care
SFGKQO0272120908676,81,707747456,2025-10-20,Office of Hawaiian Affairs
UMSAIJ0272120907814,81,707747456,2025-10-20,Office of Hawaiian Affairs
AJMYBR0272119234666,147,400409741,2021-11-08,Charter Communications
AJMYBR0272119234667,147,400409741,2021-11-08,Charter Communications
QGXIFP0272118206602,122,454675454,2022-08-25,Kaiser Permanente - Hawaii Permanente Medical Group 191017482
ADLXVM0272121349858,87,881618216,2023-10-10,The Miranda Group
KVNFIM0272121298928,188,757316000,2021-09-22,Commercial Roofing and Waterproofing Hawaii Inc
SOOAYE0272119230817,185,806855243,2025-10-03,Grace Pacific LLC
NQLDIO0272121337457,157,588691283,2025-10-22,Unlimited Inc
SQXAOI0272119230422,185,806855243,2024-06-23,Grace Pacific LLC
DULVAM0272120641814,188,902362285,2025-10-17,Grace Pacific LLC Shop Plants and Quarry
OCTMYZ0272120644140,258,902362285,2025-10-17,Grace Pacific LLC Shop Plants and Quarry
CUASPJ0272121098237,229,555906875,2025-10-22,KAISER TRAVEL-NORA
IVYQQF0272121208764,180,948820375,2023-08-28,Group Builders Inc 
IVYQQF0272121213302,180,948820375,2023-08-28,Group Builders Inc 
MRAEGK0272121303976,161,746260432,2025-10-14,KIEWIT INFRASTRUCTURE WEST CO
IVYQQF0272121211331,180,948820375,2023-08-28,Group Builders Inc 
EIIXPW0272121329033,180,618163895,2021-08-29,M Nakai Repair Service Ltd
CPNJKT0272121210704,277,948820375,2022-05-27,Group Builders Inc 
CSXLPC0272121096583,160,663719000,2025-10-22,The Nature Conservancy
AVCMPQ0272120629916,713,34384280,2020-07-28,ALASKA NATIVE MEDICAL CENT
NYXDTJ0272120305920,185,789078032,2023-07-16,HPH Human Resources
CJPTDK0272117866025,421,24153146,2020-05-13,ANDVSA
EKTIBQ0272118897231,157,425865462,2023-05-03,BEK, Inc.
OMSUJC0272118773593,167,402867916,2025-07-22,Kaiser Permanente - Patient - Main Travel Dept 191026830
WMANKY0272118514185,167,402867916,2022-12-14,Kaiser Permanente - Patient - Main Travel Dept 191026830
OMSUJC0272118773592,167,402867916,2025-07-22,Kaiser Permanente - Patient - Main Travel Dept 191026830
IZIKUR0272118518304,189,488940255,2025-09-26,Kaiser Permanete - Travel Kacie
WKWZYH0272118517227,242,488940255,2023-02-16,Kaiser Permanete - Travel Kacie
UPWKAP0272118794020,79,520255050,2024-11-27,RSL Construction
YBFAIG0272119009178,157,883317562,2023-03-08,Polynesian Adventure Activities, LLC
JMRLLI0272118625255,140,488940255,2019-09-24,Kaiser Permanete - Travel Kacie
YONBUR0272118757933,189,555906875,2025-09-29,KAISER TRAVEL-NORA
LPGEKQ0272118892165,194,833477875,2021-09-19,Kaiser Permanente - Patient - Travel 6 191082026
UYGALH0272119007549,149,555906875,2025-10-01,KAISER TRAVEL-NORA
SZPOBK0272119029912,79,451442961,2022-07-29,Carnival Events LLC
IKNVDO0272119031820,79,451442961,2025-10-01,Carnival Events LLC
ILSSZE0272119029254,79,451442961,2021-12-14,Carnival Events LLC
INOQSU0272119031481,79,451442961,2022-06-02,Carnival Events LLC
SZZJEZ0272119025093,79,451442961,2022-08-04,Carnival Events LLC
SYKAFK0272119032055,79,451442961,2021-10-26,Carnival Events LLC
SXGWUC0272119032444,79,451442961,2025-10-01,Carnival Events LLC
JNQSHA0272119020181,143,465400272,2025-09-26,AECOS Inc
NLBFAJ0272118579583,74,829429414,2025-09-27,Hawaii Honolulu Mission
HKYNGV0272119039658,157,806855243,2025-09-26,Grace Pacific LLC
STWFST0272119003817,157,425865462,2023-05-22,BEK, Inc.
DQYLMZ0272119003816,157,425865462,2021-08-19,BEK, Inc.
AGEXJN0272118581390,74,829429414,2018-12-16,Hawaii Honolulu Mission
AGEXJN0272118581389,74,829429414,2018-12-16,Hawaii Honolulu Mission
WTLOKN0272118586430,79,829429414,2025-09-27,Hawaii Honolulu Mission
WTLOKN0272118586429,79,829429414,2025-09-27,Hawaii Honolulu Mission
DQGDHK0272121075628,152,993116891,2025-10-13,Belt Collins Hawaii Ltd
FTLFLZ0272120219841,129,538661281,2025-10-07,Diagnostic Laboratories General
JSZVBE0272120886595,152,776828220,2025-10-20,SOH DHHL Land Development Division
EMSMNV0272120887087,70,975158575,2025-10-20,SOH House of Representatives
AYELMW0272120805877,147,891469891,2019-10-29,Hawaii Global Holiday Inc
QPDEJE0272120885215,213,732453993,2022-12-14,Sysco Hawaii
NQOENS0272121093934,147,769752454,2023-06-20,Seawind Tours & Travel
NKLOTK0272120004353,195,114522321,2024-10-10,SE ALASKA REGIONAL HEALTH
OVUDAJ0272119846515,217,743759041,2023-11-10,A and I Refrigeration
SKJXKE0272118994484,203,44309451,2025-04-16,BP AVIATION
NZUZGG0272119133198,211,545564880,2025-10-02,MCCABE HAMILTON & RENNY
NZUZGG0272119133195,211,545564880,2025-10-02,MCCABE HAMILTON & RENNY
OJDMWP0272118754357,166,992346003,2025-09-29,Servco Corporate Admin
NZUZGG0272119133193,211,545564880,2025-10-02,MCCABE HAMILTON & RENNY
DWYKGU0272118967284,170,948820375,2025-10-01,Group Builders Inc 
EKGGWS0272118887101,166,568649141,2025-09-30,Nordic PCL Construction-Execs
UYWLHB0272119007271,179,555906875,2025-10-01,KAISER TRAVEL-NORA
OJLUTU0272118763957,198,488940255,2025-09-29,Kaiser Permanete - Travel Kacie
JMEVYM0272119128000,285,756868954,2025-10-02,Pacific Security Integrations
JMEVYM0272119127999,285,756868954,2025-10-02,Pacific Security Integrations
OMCSCZ0272118780465,198,488940255,2025-09-29,Kaiser Permanete - Travel Kacie
YCDWPB0272119016824,175,896130605,2020-01-21,Hawaiian Alliance Equipment Co
QYXIBH0272118633831,1397,878471311,2025-09-27,Beauty Bay Washington LLC
FQLLIO0272119133961,226,545564880,2019-10-14,MCCABE HAMILTON & RENNY
YAASTV0272119005137,174,983959524,2025-10-01,First Insurance Claims
FQLLIO0272119133962,226,545564880,2019-10-14,MCCABE HAMILTON & RENNY
FQLLIO0272119133964,226,545564880,2019-10-14,MCCABE HAMILTON & RENNY
JMNXEK0272119134706,160,982306592,2022-08-11,Gordon Mechanical LLC
LTNAVW0272119140344,226,607958492,2022-11-05,Island Flooring
MHWEOO0272119001106,217,642975524,2025-10-01,Network Cabling Unlimited LLC
MHWEOO0272119001104,217,642975524,2025-10-01,Network Cabling Unlimited LLC
LXNPRV0272118884649,175,402867916,2023-12-16,Kaiser Permanente - Patient - Main Travel Dept 191026830
SMUSLE0272119197896,174,998148631,2025-10-01,IOE Inc dba Integrity Office Equipment
YTUVIG0272118998670,277,858370262,2021-04-26,Shioi Construction Inc
WKDIBO0272119141263,661,919482502,2025-07-01,Nan Inc.
AJJEQU0272119031502,277,858370262,2025-06-05,Shioi Construction Inc
OCRUSW0272118760262,194,488940255,2024-12-27,Kaiser Permanete - Travel Kacie
OKHHJY0272119116174,287,635608746,2025-09-29,SOH West Hawaii SBBH
GKFWKX0272119003873,179,555906875,2021-01-27,KAISER TRAVEL-NORA
SVVAAW0272119633885,175,972845926,2025-10-07,Hawaii Unified Industries 
DNNEPO0272119614097,185,555906875,2025-10-07,KAISER TRAVEL-NORA
SYTDKF0272119628021,350,935318720,2025-10-07,KS Kaipuwaiola 99
EHBSWX0272119127949,129,423672060,2024-02-17,Hawaii Sound Systems Inc
FTPIQK0272119609703,245,834538832,2024-04-08,Starr and Company Inc
IAVCKQ0272119134434,180,676808856,2019-12-05,HMSA
NWEEZR0272119133780,180,676808856,2025-10-02,HMSA
SOJIMS0272119235146,256,833477875,2025-10-03,Kaiser Permanente - Patient - Travel 6 191082026
IIMJKJ0272119496830,245,738144061,2022-01-26,Communication Consulting Svc Inc
WTIDHP0272119509195,314,811362241,2025-10-06,Modivcare
LXMHPG0272119506421,231,614372706,2025-10-06,WCIT Architecture
FRAIKI0272119896003,231,414560661,2025-10-02,In Line Flooring LLC
NVXFRM0272119894283,102,414560661,2025-10-02,In Line Flooring LLC
DCPSMH0272119841736,87,928547594,2024-10-03,Transdev Health Solutions
SXICMI0272119634854,203,774912272,2025-08-14,SOH JUD Office of the Administrative Director
SXICMI0272119634853,203,774912272,2025-08-14,SOH JUD Office of the Administrative Director
SKVRQO0272119612035,203,947324523,2025-10-07,Fergus and Company
AGBTIB0272119744739,193,833477875,2025-10-08,Kaiser Permanente - Patient - Travel 6 191082026
UPXBMA0272118783474,272,474106286,2019-04-16,Seven Eleven
UJEZGP0272118780967,272,474106286,2025-09-29,Seven Eleven
UJEZGP0272118780968,272,474106286,2025-09-29,Seven Eleven
YFLCZR0272119011594,152,769752454,2025-10-01,Seawind Tours & Travel
UPXBMA0272118783475,272,474106286,2019-04-16,Seven Eleven
UJEZGP0272118780970,272,474106286,2025-09-29,Seven Eleven
UJEZGP0272118780969,272,474106286,2025-09-29,Seven Eleven
GJMNEZ0272119618943,269,488940255,2025-10-07,Kaiser Permanete - Travel Kacie
UPXBMA0272118783476,272,474106286,2019-04-16,Seven Eleven
DQWHKJ0272119807272,256,555906875,2019-11-06,KAISER TRAVEL-NORA
UJEZGP0272118780966,272,474106286,2025-09-29,Seven Eleven
YFLCZR0272119011593,152,769752454,2025-10-01,Seawind Tours & Travel
NSULSW0272119466085,162,488940255,2025-10-05,Kaiser Permanete - Travel Kacie
NSULSW0272119463149,162,488940255,2025-10-05,Kaiser Permanete - Travel Kacie
EXTIFO0272119509911,185,507377824,2022-01-06,Hawaii State Judiciary
OXWSMG0272119843215,165,833477875,2019-05-16,Kaiser Permanente - Patient - Travel 6 191082026
GLFKJR0272119611769,258,555906875,2024-04-16,KAISER TRAVEL-NORA
GLFKJR0272119611770,258,555906875,2024-04-16,KAISER TRAVEL-NORA
QCJJJL0272119745011,202,833477875,2025-10-08,Kaiser Permanente - Patient - Travel 6 191082026
NFBYIC0272119854967,175,902690320,2019-03-13,YTECH LLC
CFKSPH0272119400097,245,719311600,2025-10-05,Castle Resorts & Hotels
GPWVRQ0272119834724,211,545564880,2023-11-06,MCCABE HAMILTON & RENNY
UYEAPC0272119320814,87,778783681,2021-10-26,Foundation Building Materials
IGXQLJ0272119834725,211,545564880,2021-10-12,MCCABE HAMILTON & RENNY
IPZCUN0272119615958,165,555906875,2020-02-04,KAISER TRAVEL-NORA
IGXQLJ0272119834726,211,545564880,2021-10-12,MCCABE HAMILTON & RENNY
IGXQLJ0272119834723,211,545564880,2021-10-12,MCCABE HAMILTON & RENNY
KCRTFY0272119605782,171,847041506,2025-10-03,Jas W Glover Ltd
CILYNC0272118753668,188,440340876,2022-07-12,HTBYB Direct Bill
LXKTIE0272119495745,203,593575183,2025-10-06,Healthy Mothers Healthy Ba
AUWZDO0272119021289,188,514110785,2025-10-01,UH Hawaii Institute of Marine Biology-HIMB (#CRP1)
UGKXVM0272119236048,185,847449256,2025-10-03,Enterprise Holdings 1
EGCIWC0272119737146,188,950180221,2025-10-08,All Civil Process, Incorporated
ALZQDI0272119227061,79,935318720,2019-12-26,KS Kaipuwaiola 99
ATVLWX0272119022650,203,514110785,2022-10-31,UH Hawaii Institute of Marine Biology-HIMB (#CRP1)
CYEWIR0272119257421,291,581489720,2025-10-04,Foundations Hawaii, Inc.
IQUWNC0272119622786,157,488940255,2025-10-07,Kaiser Permanete - Travel Kacie
GMWRZC0272119627723,160,510318211,2025-08-10,SOH-Department of Health
ARUYMS0272119628837,81,510318211,2025-10-07,SOH-Department of Health
QQCAUF0272119505425,166,489749120,2025-10-06,Morikawa & Associates, LLC
QPHHSE0272119519447,166,489749120,2020-06-09,Morikawa & Associates, LLC
DCUXIL0272119836162,203,847449256,2025-10-09,Enterprise Holdings 1
YQPCMU0272119394078,180,586920622,2025-05-24,Patterson Dental
YFBJDW0272119007644,213,811612690,2019-08-09,SOH-DOE-OFO-FMB
MHLUKX0272119614104,203,459569563,2019-07-26,Johnson Controls
LYFSNN0272118880957,194,946222104,2025-09-30,Outrigger Hotels and Resorts:  Exec Office
CVEQXH0272119238584,185,764845690,2025-10-03,Unlimited Construction
SQJZXY0272119777314,292,178264306,2025-09-17,NW ELECTRIC, INC.
FNMVRZ0272119138611,287,529337126,2025-10-02,Kapiolani Medical Specialists
FNMVRZ0272119138612,287,529337126,2025-10-02,Kapiolani Medical Specialists
MEVYHE0272119318377,217,598540633,2022-06-22,Pharmacare Hawaii 1
GMYVAY0272119333429,315,983793160,2021-12-20,Hawaii Heart Associates
SZHYLX0272119622832,83,746400701,2025-01-04,Lanihau Properties, LLC
AFUNYO0272119754042,188,935318720,2020-01-14,KS Kaipuwaiola 99
NJFMNJ0272119512115,188,484176254,2025-10-06,Coalition for a Tobacco Free Hawaii
IAUPAI0272119135434,164,772965082,2025-10-02,SOH Department of Finance
CPJRGA0272119760847,310,811362241,2025-10-08,Modivcare
FPXEQZ0272119852380,333,650641143,2023-12-18,Island Comfort Inc
IAUPAI0272119135435,164,772965082,2025-10-02,SOH Department of Finance
IPDDGO0272119620140,240,809397514,2025-10-07,KCK Builders LLC
NJFMNJ0272119512117,188,484176254,2025-10-06,Coalition for a Tobacco Free Hawaii
YCDIFF0272119615895,179,488940255,2025-10-07,Kaiser Permanete - Travel Kacie
HFUYAA0272119956157,166,811362241,2020-01-12,Modivcare
KLNRMR0272120166990,138,555906875,2023-08-07,KAISER TRAVEL-NORA
ADXUJE0272119495888,161,427553475,2022-08-06,Maryl Group Construction Inc 1
UALRZA0272119799579,180,928547594,2025-10-07,Transdev Health Solutions
FEDCSY0272119140634,120,677309500,2025-10-02,Tile Warehouse, Inc.
SPTLIO0272120281472,164,560847394,2025-10-13,SOH DHHL-LMD
KBBWPA0272119229870,120,757577273,2025-10-03,Kanuikapono Public Charter School
LBWHSC0272119857989,239,808224885,2025-06-11,Hawaii Job Corps Staff
IHXJNZ0272119495937,234,974046614,2025-10-06,PROSERVICE PACIFIC LLC
LPHLBD0272120209531,244,512577870,2021-10-07,Hawaiian Telcom Inc Legal
OHABGG0272120213192,185,833477875,2025-10-13,Kaiser Permanente - Patient - Travel 6 191082026
LPHLBD0272120209532,244,512577870,2021-10-07,Hawaiian Telcom Inc Legal
LSHPYI0272119742499,166,954607124,2025-10-08,KUHAO, Inc. dba Sig Zane Designs
DQGTEP0272118411957,110,847449256,2025-09-25,Enterprise Holdings 1
KFZURE0272120110483,138,488940255,2025-10-12,Kaiser Permanete - Travel Kacie
GLRZGR0272120204497,69,492088376,2019-11-20,Kaiser Permanente - Continuing Care
GLRZGR0272120204498,69,492088376,2019-11-20,Kaiser Permanente - Continuing Care
YXTUCY0272120214244,131,402867916,2025-10-13,Kaiser Permanente - Patient - Main Travel Dept 191026830
FPSOJM0272120193141,69,470031763,2019-12-18,Hawaii Pilots Association
SBFZRL0272120302726,88,811362241,2025-10-14,Modivcare
OYUVOA0272119237943,157,920320321,2019-05-25,SOH DLE ASO
DNPXHJ0272119001546,161,776828220,2025-10-01,SOH DHHL Land Development Division
GPPWBT0272119838123,134,974709993,2025-10-09,Pape Machinery
ADTAEG0272120312859,131,732296261,2024-07-24,SOH DOE Civil Rights Compliance Branch
HYUBJH0272119951241,65,667818034,2024-07-09,Architects Pacific, Inc. & J3 Construction, Inc.
HGLHXA0272119954593,166,847041506,2025-10-10,Jas W Glover Ltd
FORKRJ0272119133971,161,454806170,2025-10-02,Hawaii Dental Group Inc
OYJUWW0272119849661,129,586920622,2024-01-29,Patterson Dental
FSNFGH0272119894125,166,854523261,2024-03-31,Affiliated Construction
ACXOWK0272118881735,124,853030743,2025-09-30,Southern Glazer Wine and Spirits
HDLTXU0272119910111,240,854523261,2024-12-21,Affiliated Construction
SQYBGD0272119238650,120,774303530,2025-10-03,Foodland 2
YVNTID0272119227159,120,615998504,2025-10-03,NAPA Hawaii
JMHIID0272119736776,142,404978291,2025-10-08,SOH DOE OSSS ESB Special Needs Section
UKNOWQ0272119498219,208,729559725,2021-09-18,HHSC Kauai Region
YOAYDZ0272120278850,208,134734110,2025-10-08,GOODFELLOW BROS., INC.
GEKTWJ0272120179739,124,794445083,2022-04-17,Maui Electric Company Meter Shop
NAUBSA0272119944133,156,510318211,2025-10-10,SOH-Department of Health
LZIRVP0272119503174,191,968145625,2023-09-11,University of Hawaii AVPAPP
YXBLTJ0272120217891,170,928547594,2025-10-13,Transdev Health Solutions
MNCZTL0272119736463,180,732382361,2025-10-08,Mana Up
FNUNRX0272119858402,277,688486956,2019-08-15,Cades Schutte LLP
SMOVIA0272119610715,259,935318720,2025-02-05,KS Kaipuwaiola 99
OAWWIJ0272119749992,314,811362241,2023-06-09,Modivcare
MKZQKJ0272120297655,138,946222104,2025-10-05,Outrigger Hotels and Resorts:  Exec Office
IDSUHU0272119131153,134,441459384,2025-10-02,Partners in Development Foundation
WEJYZS0272119938066,134,992346003,2025-10-10,Servco Corporate Admin
LPSUPF0272120210108,138,545564880,2019-08-14,MCCABE HAMILTON & RENNY
HIBETD0272119951897,244,833477875,2020-03-28,Kaiser Permanente - Patient - Travel 6 191082026
WHEBIN0272119937411,394,847041506,2022-06-08,Jas W Glover Ltd
SBDMTM0272120308739,138,536909332,2025-10-14,Hawaii Organ Procurement Organization
HMGMAU0272119834507,327,797133190,2025-10-09,Koga Engineering and Construction
GRBLFW0272118098148,86,454675454,2019-07-25,Kaiser Permanente - Hawaii Permanente Medical Group 191017482
NTAAOK0272119834953,231,545267542,2025-10-09,HGEA Oahu Division
LOHFVV0272120216848,66,833477875,2025-10-13,Kaiser Permanente - Patient - Travel 6 191082026
UPIGMD0272119937484,194,859301144,2025-10-10,ULU Creative LLC
EVJTQQ0272120125674,227,518788373,2022-03-07,MKC Hawaii
EUKOZT0272120288200,185,675136254,2024-05-21,ILWU Maui Office
QCSZQQ0272119878936,124,157769323,2025-10-07,LIFE FLIGHT NETWORK
FPSFWX0272120278198,171,916607996,2025-02-16,Mid City Restaurant Supply
UUCXGL0272119944144,217,928547594,2025-10-10,Transdev Health Solutions
EIQPGE0272119735151,227,425865462,2024-11-24,BEK, Inc.
EDFGNX0272120209834,69,545564880,2019-08-03,MCCABE HAMILTON & RENNY
EDFGNX0272120209833,69,545564880,2019-08-03,MCCABE HAMILTON & RENNY
UBMQAI0272119028752,161,522276812,2025-10-01,Financial Benefits Insurance
AVDISR0272119619759,175,829507556,2025-10-07,Premier Dental Group HI Incorporated
WICGMH0272119933878,138,997233355,2025-10-10,HEMIC Admin
HFZXPE0272119228509,120,774303530,2025-10-03,Foodland 2
UTNCRY0272120549982,198,920868314,2025-10-16,Kaiser Permanente
ULWTDO0272120305191,203,975941654,2025-10-14,Spine Care Center of Hawaii
QGFCDB0272120442578,171,638283111,2025-10-15,Watumull Properties Corp
MOJEVY0272119738450,109,865309336,2025-10-08,SOH DLIR Hawai'i Labor Relations Board
SJMWYV0272120950947,131,488940255,2025-10-19,Kaiser Permanete - Travel Kacie
GJFFWG0272120205613,166,502730605,2025-02-25,TD Food Group Inc
SGETFC0272120896127,131,847856321,2025-10-20,Kaiser Permanente - Patient - Travel II 191068086
EXHCNH0272120680354,262,421169534,2025-10-18,Matson Terminals
WJHATU0272119083694,585,183703170,2024-12-29,CORNERSTONE GENERAL CONTRA
YUXPQU0272120447541,1364,91479813,2025-10-15,SOA LAA
LDXVMX0272120788327,229,488940255,2022-05-06,Kaiser Permanete - Travel Kacie
UXVZCQ0272119619721,162,833477875,2025-10-07,Kaiser Permanente - Patient - Travel 6 191082026
MOJEVY0272119738451,109,865309336,2025-10-08,SOH DLIR Hawai'i Labor Relations Board
WRDXUM0272120678733,713,34384280,2025-10-18,ALASKA NATIVE MEDICAL CENT
OLSEGP0272120641027,170,982306592,2019-05-17,Gordon Mechanical LLC
HPCFWR0272120894260,174,492003201,2025-10-13,Petrospect Inc
DIARMU0272120654656,166,546099724,2025-10-17,Okahara and Associates Hilo
EIRGQT0272119738130,120,847449256,2025-10-08,Enterprise Holdings 1
SGBTYN0272120897058,138,639687506,2023-04-12,HAWAII LIFE FLIGHT
JLIQKS0272120646477,129,944182175,2019-12-10,Verizon Wireless Administration Office
JIOYDL0272120888673,171,832096241,2022-10-31,MC&A
USSGHO0272120559733,166,448233892,2025-10-16,Dorvin D Leis Co Inc
HHRLKL0272119945566,127,907416974,2025-10-10,SOH DHRD
GWUTXL0272120454004,166,873356816,2025-10-15,Hawaii Pacific Health Medical Group
KMQPES0272120566029,129,535215925,2023-10-03,Central Pacific Bank
AUJUWP0272119623336,171,437287712,2025-10-07,Kaiser Permanente Travel 7
FZLOAZ0272119704558,75,555906875,2021-07-20,KAISER TRAVEL-NORA
UEOBNB0272118320026,398,437024103,2019-06-18,Guiebs Catering LLC dba Guieb Cafe
JKAAYB0272119137321,175,512254503,2022-10-17,Jas w Glover Holding Company Ltd
OVDRWU0272118305697,248,274049300,2025-07-03,PACIFIC OFFICE AUTOMATION
SWVXEB0272117842049,379,157769323,2025-09-19,LIFE FLIGHT NETWORK
CUQIAD0272119232037,243,951746585,2025-10-03,Hawaii State Junior Golf Assn Kauai
NVZKGE0272120306257,153,814955466,2025-10-14,SOH COH Parks and Recreation
JZPXZQ0272120992274,213,509571425,2025-10-21,University Clinical Education & Research Assoc
ACURSU0272121350457,87,948820375,2022-03-27,Group Builders Inc 
OJZBOF0272121220316,415,650641143,2023-06-23,Island Comfort Inc
NOSXPX0272121342620,253,757316000,2025-10-16,Commercial Roofing and Waterproofing Hawaii Inc
HABOYF0272121107103,245,511297345,2025-10-22,Ke Kula O Nawahiokalaniopuu Iki LPCS
NKVWMQ0272121313674,203,940300476,2024-08-31,Aloha Infectious Diseases LLC
OEDRWJ0272119741583,157,914533782,2023-07-22,Operating Engineers JAC
SDQTVB0272120307141,185,484018776,2025-10-14,G70
WKDUKC0272119150865,161,982870173,2025-10-02,Hawaii Association for Infant Mental Health
METBMM0272119611644,203,649517120,2024-03-08,HSTA Negotiations
FAUTXY0272120884627,350,811362241,2025-10-20,Modivcare
KRHZMC0272121254655,83,454675454,2024-09-29,Kaiser Permanente - Hawaii Permanente Medical Group 191017482
IGNMMT0272121102615,164,943926325,2022-02-18,Hana High & Elementary School
JZPXZQ0272120992273,213,509571425,2025-10-21,University Clinical Education & Research Assoc
NXVNCL0272120305074,175,997233355,2025-10-14,HEMIC Admin
KPJLTU0272121245624,158,746260432,2021-11-17,KIEWIT INFRASTRUCTURE WEST CO
JDEGBJ0272120198772,327,568649141,2025-10-13,Nordic PCL Construction-Execs
DHLQCN0272121332889,259,847041506,2021-10-10,Jas W Glover Ltd
MFVVBS0272119614866,191,552884150,2025-10-07,UH Hawaii CC Vice Chancellor of Academic Affairs
NMVIHD0272121347385,272,935318720,2025-10-20,KS Kaipuwaiola 99
MENWNH0272120460762,340,935318720,2025-08-25,KS Kaipuwaiola 99
AILDVT0272120644884,203,512577870,2023-01-30,Hawaiian Telcom Inc Legal
CBFLGF0272120897074,191,424067954,2020-07-07,SOH DHS MQD Finance Office
MFTNYN0272120453689,180,574494981,2025-10-15,Mental Health America of Hawaii
DRDFRG0272121337431,87,470031763,2024-03-14,Hawaii Pilots Association
NLNQDH0272120882738,158,927860533,2024-07-08,Kaiser Permanente - Hawaii Permanente Medical Group - Learning & Program Development
HVHIUQ0272121344011,397,850779705,2025-10-17,Henkels and McCoy Inc
JTMCSE0272121079170,188,835355916,2019-01-09,REPUBLIC NATIONAL DISTRIBUTING COMPANY
NRQYFZ0272120453663,203,764845690,2025-10-15,Unlimited Construction
USTPQA0272120549047,230,485399261,2025-10-16,Society Contracting LLC
MGLJSQ0272121351373,87,605853614,2025-10-24,Hawaiian Pacific Freight, LLC
QIECAE0272120438333,277,455381592,2025-10-15,Kokua Geotech LLC
MPYVRI0272120309947,203,764845690,2020-11-06,Unlimited Construction
MGLJSQ0272121351377,87,605853614,2025-10-24,Hawaiian Pacific Freight, LLC
MGLJSQ0272121351376,87,605853614,2025-10-24,Hawaiian Pacific Freight, LLC
GLNLGK0272119003120,198,697469463,2025-10-01,RM Towill
SWAKBB0272120884596,239,416455760,2019-12-13,AWP SAFETY
KZGJCK0272120560390,180,774303530,2025-10-16,Foodland 2
JPCTBC0272119837469,230,765164444,2022-06-28,Beachside Roofing, LLC
JFVTVA0272121334570,171,581489720,2024-08-09,Foundations Hawaii, Inc.
GVUYCK0272121340931,180,568649141,2025-10-13,Nordic PCL Construction-Execs
WEVFCY0272120551919,333,580266562,2025-10-16,Pauls Electrical
NTGMTR0272120457225,180,686404412,2025-03-04,Child and Family Service
IILWQX0272120548685,203,427959556,2021-07-21,GP Roadway Solutions Inc
SNUBOO0272121324399,160,946042075,2021-11-07,WIS INTERNATIONAL
OARKHC0272120644254,277,819120400,2023-09-01,D.Y. Mikami Construction, Inc. 
GYFOQX0272121056733,333,719610916,2025-10-22,CO-HA Builders, Inc. dba Applied Surfacing Technology
NXBUTR0272120308141,236,948820375,2025-10-14,Group Builders Inc 
IDIXGA0272120987706,180,912689842,2024-11-06,Bowman Connectivity Solutions Inc
CRIGOH0272121235076,259,478398815,2025-10-23,Hawaii Community Foundation
SNUBOO0272121325313,160,946042075,2021-11-07,WIS INTERNATIONAL
SNUBOO0272121325315,160,946042075,2021-11-07,WIS INTERNATIONAL
MFCGSZ0272119620750,147,586991355,2019-06-24,SOH-DOE-School Food Services Branch
LKZNHA0272121108186,193,555906875,2025-01-24,KAISER TRAVEL-NORA
FKAAVH0272119852112,157,774303530,2025-10-09,Foodland 2
HZZCAF0272119955503,152,774303530,2024-11-01,Foodland 2
CNSEKH0272119748816,161,502730605,2025-10-08,TD Food Group Inc
UTBHRX0272119745392,161,948820375,2025-10-08,Group Builders Inc 
CRUQHA0272121094061,244,824616715,2025-10-22,FSM GROUP LLC
OJKDPO0272121237271,157,542727290,2025-10-23,J and C Jewels Inc
WLWMMN0272120987674,175,621878526,2025-10-21,Oceanit Laboratories
CAELCE0272120890352,175,621878526,2025-10-20,Oceanit Laboratories
IYNWNX0272121109879,175,455381592,2022-08-06,Kokua Geotech LLC
UEAWKB0272121419347,79,928547594,2025-10-25,Transdev Health Solutions
NAUUUU0272119952050,171,809840603,2023-06-11,Finance Factors Ltd
OCJPOB0272120641262,171,994843080,2024-04-20,State of Hawaii Organization of Police Officers (SHOPO)
LNNPKT0272118987522,124,662978315,2019-06-15,The Episcopal Church in Hawaii
YVBODW0272121411967,377,157769323,2025-10-15,LIFE FLIGHT NETWORK
KJGPQQ0272120306117,231,948820375,2025-04-17,Group Builders Inc 
DUUKKY0272120655672,147,589186430,2025-10-17,SOH DOE Parker School
DUUKKY0272120655673,147,589186430,2025-10-17,SOH DOE Parker School
DUUKKY0272120655670,147,589186430,2025-10-17,SOH DOE Parker School
DUUKKY0272120655669,147,589186430,2025-10-17,SOH DOE Parker School
NCXCFJ0272119944048,131,644661216,2024-10-22,Honokaa High & Intermediate School
WUMJDP0272121427224,231,985124851,2025-10-22,The Queens Health Systems - Finance
KBQGBY0272121430010,180,541460835,2025-03-18,808 Support Services, LLC
MZHLPC0272121201927,161,960933956,2025-10-14,InVision Imaging
MZHLPC0272121203683,161,960933956,2025-10-14,InVision Imaging
WBOIRQ0272121234085,207,440340876,2019-06-10,HTBYB Direct Bill
OIIODO0272120091435,138,540069456,2025-10-12,Roman Catholic Church in the State of Hawaii
MDCIDC0272120652112,129,662978315,2025-10-10,The Episcopal Church in Hawaii
QBXCVN0272121100861,175,806855243,2025-10-22,Grace Pacific LLC
GGOBGO0272120988976,185,539898096,2020-12-08,US HOUSE OF REPRESENTATIVES , Jill Tokuda (HI-02)
MLJIXG0272121384861,189,706533343,2025-10-22,Kauluwao
SZARSB0272121011183,74,984083811,2025-10-21,Hawaiian Dredging Construction Co Maui
MFBOTW0272119619595,129,649517120,2025-08-18,HSTA Negotiations
UWRXSL0272119623215,138,729559725,2019-09-23,HHSC Kauai Region
OHOSUI0272120091433,138,540069456,2023-12-10,Roman Catholic Church in the State of Hawaii
MEDSBI0272121402258,236,569605794,2020-01-15,Bowers and Kubota Consulting
CNMTWP0272121230701,208,950929210,2024-08-13,Civil Mechanical Contractor
ARUOTE0272119619247,134,662978315,2025-10-07,The Episcopal Church in Hawaii
HMPWCF0272120906840,167,478726275,2023-11-27,Kaiser Permanente 
IHIOVE0272121121091,175,950636746,2025-10-22,Hookipa Homes Inc
WUITMB0272121426079,87,459842073,2022-05-01,Pacific Environmental Corp
AAGZSI0272120970591,147,749119011,2025-09-30,Hawaii Food & Wine Festival
WWTFLV0272120644454,258,943746694,2020-02-02,Title Guaranty of Hawaii
QPEPNZ0272120885462,152,992455030,2019-07-23,Meadow Gold Dairies Hawaii
SXOAHB0272120995040,160,513320290,2024-10-17,DM Air Conditioning and Refrigeration LLC
KVVAPB0272120554493,79,681608712,2025-04-16,Hawaii Petroleum Inc.
OTAIKX0272119964228,81,975158575,2025-10-10,SOH House of Representatives
UBFUFQ0272120204896,166,510318211,2019-08-01,SOH-Department of Health
UXZBNS0272119609267,185,565634451,2025-10-07,UH VP Comm Coll Admin Affrs NM
OXRORG0272119841858,166,988456840,2023-06-08,UH Hon CC Admin
NECPPJ0272119958428,189,695886085,2025-01-28,American Savings Bank
FVBGNX0272119607769,138,774303530,2025-10-07,Foodland 2
CZXQDF0272118849787,234,829429414,2025-06-30,Hawaii Honolulu Mission
FNGDZZ0272120514711,254,940674361,2025-10-09,Kenworth Hawaii LLC
SMPIKC0272119810136,239,670360692,2019-11-13,Liliuokalani Center 1
ISKUKD0272120545874,231,508657380,2025-06-11,VIP GROUPS
WSUXAP0272120539223,185,935572142,2021-06-02,Waltz Engineering Inc
QFBEFC0272120444610,394,719185600,2025-10-15,Maui Oil Company, Inc.
OZJACT0272119229823,138,709255945,2025-10-03,Hawaii Engineering Services
NMFNRB0272119498794,147,847041506,2025-10-06,Jas W Glover Ltd
EGLPUV0272120044805,185,811362241,2025-10-11,Modivcare
FNWCHJ0272119136688,138,548764370,2019-10-02,Kauai Visitors Bureau
GOPADY0272120443526,180,627199635,2023-04-26,Kaiser Permanente - Patient - Travel 5 191078486 1
NVSGFD0272119814685,138,538661281,2025-10-08,Diagnostic Laboratories General
NVSGFD0272119814684,138,538661281,2025-10-08,Diagnostic Laboratories General
UFYNHL0272120432538,147,992455030,2025-10-13,Meadow Gold Dairies Hawaii
YFUJGM0272120226253,286,811362241,2025-10-13,Modivcare
UVQMYU0272119750587,185,811362241,2022-08-13,Modivcare
DPBKLA0272120483130,143,918817384,2025-10-01,UHM Outreach College
QEJXRV0272120481894,180,788849121,2023-06-04,C S Wo and Sons Ltd
GXTZUE0272120460232,180,682049480,2025-10-15,Hawaiian Cement
QMRMIB0272118092488,120,780127250,2025-07-31,First Hawaiian Bank Retail Banking Group
LVGBON0272120449489,156,847449256,2025-10-08,Enterprise Holdings 1
SZXTPJ0272120256660,138,811362241,2025-10-08,Modivcare
NBPVEP0272118776015,143,440340876,2025-09-29,HTBYB Direct Bill
IXASQS0272120282333,277,943746694,2019-04-27,Title Guaranty of Hawaii
UJNYND0272120308567,319,894771452,2025-10-14,UH Sea Grant Program I 1
DDLKSP0272119849301,272,808224885,2023-08-27,Hawaii Job Corps Staff
UCMEZB0272119026189,216,454675454,2020-01-30,Kaiser Permanente - Hawaii Permanente Medical Group 191017482
CTAYHY0272120538443,188,487695320,2021-04-10,Sync Drywall Systems
UEMFLN0272120461394,140,778802220,2022-08-04,SOH COH Prosecuting Attorney
FKKDSR0272120458859,79,667818034,2025-10-15,Architects Pacific, Inc. & J3 Construction, Inc.
UMBPNQ0272120306289,157,627199635,2022-04-09,Kaiser Permanente - Patient - Travel 5 191078486 1
MHTBIR0272119619566,138,877778882,2024-06-07,The Queens Health Systems
FKKDSR0272120458860,79,667818034,2025-10-15,Architects Pacific, Inc. & J3 Construction, Inc.
CTAYHY0272120538440,188,487695320,2021-04-10,Sync Drywall Systems
CTAYHY0272120538442,188,487695320,2021-04-10,Sync Drywall Systems
DDVOXC0272120167724,175,860196702,2025-10-10,Heide & Cook
WSUXAP0272120536695,185,935572142,2021-06-02,Waltz Engineering Inc
AJHTOL0272119227424,152,535215925,2025-10-03,Central Pacific Bank
GWWNEG0272119835448,171,694700996,2023-11-17,Bank of Hawaii 256
SCFTMI0272120295415,194,854523261,2025-10-09,Affiliated Construction
GPJDTS0272120527543,180,951997653,2025-10-07,Pacific AquaScapes Inc
MQTVYG0272120537171,157,849512871,2025-02-26,South-PAC Power Solutions
GKPQIG0272119614666,138,406964644,2025-07-23,Hawaii Energy Systems
KXQBSU0272119935934,286,619635435,2025-10-10,Otis Elevator
FDUQRQ0272118516984,129,675136254,2019-10-05,ILWU Maui Office
ATRKOR0272119016270,317,774303530,2025-10-01,Foodland 2
EAXVBH0272120215127,161,919482502,2019-03-26,Nan Inc.
UJQHAZ0272120322206,147,545449424,2025-10-14,Primatech Construction Inc.
YNMFDD0272118764247,129,675136254,2024-09-11,ILWU Maui Office
QFCMTS0272120526687,157,627199635,2020-03-22,Kaiser Permanente - Patient - Travel 5 191078486 1
OFDFDB0272120211344,136,488940255,2025-10-13,Kaiser Permanete - Travel Kacie
SZXTPJ0272120256659,138,811362241,2025-10-08,Modivcare
NSADFK0272120453110,149,488940255,2025-10-15,Kaiser Permanete - Travel Kacie
IVMPOT0272120042300,185,811362241,2025-01-11,Modivcare
CVQIQT0272119232352,199,935318720,2022-04-18,KS Kaipuwaiola 99
DCUBPM0272119851714,171,935318720,2022-10-07,KS Kaipuwaiola 99
AMOGLQ0272119235088,231,935318720,2025-10-03,KS Kaipuwaiola 99
AMOGLQ0272119235091,231,935318720,2025-10-03,KS Kaipuwaiola 99
OZJACT0272119229822,138,709255945,2025-10-03,Hawaii Engineering Services
LJVRIG0272120283576,180,882158546,2025-03-02,SAUSE HABILL
URVURM0272119946629,147,415464350,2019-11-25,Merrimans Restaurant 3
LJWCUT0272120284278,180,539236681,2021-07-23,Infinity Electric Dean S H Pak Inc dba
NYHMPB0272120312001,171,448233892,2025-10-14,Dorvin D Leis Co Inc
NWMRPI0272120306468,321,450039424,2025-06-23,SOH DOE OSSS EHCY
YXMQTR0272120211682,140,555906875,2019-11-21,KAISER TRAVEL-NORA
ACTDZJ0272120463860,81,975158575,2023-12-15,SOH House of Representatives
MFIIMG0272120449114,248,425865462,2025-10-15,BEK, Inc.
FNKGCH0272120475854,157,639687506,2022-11-21,HAWAII LIFE FLIGHT
HMKDBW0272120542645,194,607958492,2025-10-15,Island Flooring
LACNFU0272120173003,203,925473706,2023-08-29,Telecable Systems, Inc
HSBYWC0272120303586,79,727450102,2025-10-14,Young Brothers
YFUJGM0272120226255,286,811362241,2025-10-13,Modivcare
EKAXCR0272120311837,114,587887134,2025-10-06,Hawaii State Senate
WICGMH0272119933877,138,997233355,2025-10-10,HEMIC Admin
QURLPE0272120541143,172,833477875,2021-08-03,Kaiser Permanente - Patient - Travel 6 191082026
CNUEEM0272119754589,102,421240363,2024-09-16,The Salvation Army-Ray & Joan Kroc Corps Comm Ctr
WLJHHY0272120548433,203,979715225,2022-11-06,Tihati Productions, Ltd.
CNUEEM0272119754590,102,421240363,2024-09-16,The Salvation Army-Ray & Joan Kroc Corps Comm Ctr
MCCUSX0272120203045,249,663719000,2025-10-10,The Nature Conservancy
IJRZTO0272120215541,152,448233892,2025-10-13,Dorvin D Leis Co Inc
DYKQNC0272120118822,152,427553475,2025-10-12,Maryl Group Construction Inc 1
UYCLWX0272119612141,171,902073270,2025-10-07,JD Painting & Decorating, Inc.
MIHLGE0272119611486,171,902073270,2025-10-07,JD Painting & Decorating, Inc.
HEUJWT0272119945529,147,592262215,2025-10-10,Hawaii Gas 1
MEQQCC0272121342692,165,902362285,2025-10-24,Grace Pacific LLC Shop Plants and Quarry
LBPYSH0272121323222,175,950901195,2025-10-09,Word of Life Christian Center
OMOABW0272121377752,180,440340876,2025-10-23,HTBYB Direct Bill
INOHBN0272118711545,608,152681944,2025-06-08,BRISTOL BAY AREA HEALTH CO
SOPNQF0272119232800,258,628576535,2022-06-29,Pacific Concrete Cutting & Coring, Inc
SRHTBJ0272119232204,313,921969521,2025-10-03,Rotary District 5000
OLGEGQ0272118764706,248,972885325,2025-09-29,PAMCAH-UA Local 675
OLGEGQ0272118764707,248,972885325,2025-09-29,PAMCAH-UA Local 675
EIXNFR0272118893030,254,619749793,2025-09-30,Zelinsky Company
UHJMWY0272119248434,180,790449424,2025-10-03,T & T Electric, Inc.
MKOJRL0272119157630,1057,774303530,2025-09-29,Foodland 2
UETGOC0272119246460,102,536909332,2019-09-19,Hawaii Organ Procurement Organization
MPWEDC0272119144130,216,833477875,2021-07-06,Kaiser Permanente - Patient - Travel 6 191082026
ATUBXM0272119017849,174,929119730,2024-07-24,Hawaii USA Federal Credit Union 1
UFNUGD0272119234212,87,458771316,2025-03-25,T3 Wireless and Associates Inc
GISFYN0272119002770,188,843913254,2025-10-01,Kazi Restaurants of Hawaii Inc Burger King
OXOSDR0272119228256,87,568649141,2025-10-03,Nordic PCL Construction-Execs
EDDFFH0272119235851,225,437287712,2025-09-30,Kaiser Permanente Travel 7
EDDFFH0272119234192,225,437287712,2025-09-30,Kaiser Permanente Travel 7
EHAJTX0272119128395,116,682049480,2025-10-02,Hawaiian Cement
SGALIK0272119209493,151,425865462,2025-09-26,BEK, Inc.
JZOXQQ0272119133193,211,545564880,2023-06-21,MCCABE HAMILTON & RENNY
MAKSPM0272118912607,185,828936603,2025-09-30,Mokulua Solar LLC
LFEMBC0272118659541,83,831332563,2025-09-28,EMCO Construction LLC
EIENYM0272119143047,273,905222124,2022-01-12,QRSE, LLC
MAKSPM0272118912609,185,828936603,2025-09-30,Mokulua Solar LLC
NXTABG0272119138200,211,545564880,2025-10-02,MCCABE HAMILTON & RENNY
OMCSCZ0272118780464,198,488940255,2025-09-29,Kaiser Permanete - Travel Kacie
NYDIOW0272118999196,194,951997653,2023-07-23,Pacific AquaScapes Inc
YFLGFG0272119012814,259,843913254,2022-10-19,Kazi Restaurants of Hawaii Inc Burger King
SWYWDY0272119026145,262,714322361,2025-10-01,ADSCO Corporation
KDQIOG0272119229835,188,969093296,2022-05-28,Philips Healthcare
OXCQJU0272119235228,231,843913254,2024-09-02,Kazi Restaurants of Hawaii Inc Burger King
FDJSBH0272120884186,166,400409741,2025-08-19,Charter Communications
NNGORQ0272121095550,269,555906875,2023-06-23,KAISER TRAVEL-NORA
YWAKXI0272120216542,180,415745643,2025-10-13,Hawaii Forklift Service Inc
GVVFMX0272120442501,253,935318720,2023-01-05,KS Kaipuwaiola 99
DTDUKR0272120652052,165,984083811,2019-08-22,Hawaiian Dredging Construction Co Maui
ABKSTM0272120457866,178,996780632,2025-10-15,SOH DLNR DAR
DEBFMT0272121098215,171,903152736,2024-01-10,GKGC Inc
QTIATK0272120204552,248,774303530,2025-10-13,Foodland 2
JZEMVV0272120988364,272,869445920,2025-10-21,Austin, Tsutsumi & Assoc., Inc
GHYPKQ0272120999093,178,537811875,2025-10-21,SOH DOE Kauai Complex Area 
MMIHWT0272120446539,254,774303530,2025-10-15,Foodland 2
OUOSVY0272120254042,203,44309451,2025-10-14,BP AVIATION
EFGXJE0272121222515,203,650641143,2023-10-03,Island Comfort Inc
DVANRS0272120646473,185,769289931,2019-08-22,SOH DCCA Director's Office
WVZWUO0272120639944,160,431657774,2025-10-17,SOH DLNR Chairperson's Office
OLXRYV0272121219452,188,569605794,2025-10-23,Bowers and Kubota Consulting
WYFDNK0272121243224,240,464332573,2025-03-30,One Slap Entertainment
GMLJCX0272120206349,180,963774464,2025-10-13,Retina Institute of Hawaii
FSRBLT0272120986691,170,790851666,2025-10-21,Hawaii Transportation Association
DXGHDM0272120169621,140,454675454,2025-10-01,Kaiser Permanente - Hawaii Permanente Medical Group 191017482
JUATUO0272120892833,158,585250890,2025-10-20,SOH DOT Administration
CDSDNX0272120889866,199,585250890,2025-10-20,SOH DOT Administration
IHBYUN0272121101983,188,982306592,2021-09-17,Gordon Mechanical LLC
CDSDNX0272120889864,199,585250890,2025-10-20,SOH DOT Administration
FRJQBH0272119610883,152,756868954,2025-10-07,Pacific Security Integrations
CDSDNX0272120889865,199,585250890,2025-10-20,SOH DOT Administration
YGTCPK0272121097996,188,974709993,2020-06-11,Pape Machinery
LJGARR0272121108821,174,642593836,2023-01-26,CBRE, Inc.
OMYVBH0272121235986,106,605853614,2025-10-23,Hawaiian Pacific Freight, LLC
MDMTSA0272119938184,157,774303530,2024-01-14,Foodland 2
JMOXHV0272121244487,87,493930216,2025-10-23,Project Vision Hawaii
EKPAOX0272120891981,254,998598215,2025-10-20,Epic Ohana Conferencing
YHSDQC0272121102116,165,555906875,2025-10-22,KAISER TRAVEL-NORA
IFQKXS0272119509276,180,634467783,2025-10-06,Aloha Care Employees
JWFJQD0272120987175,203,535215925,2025-10-21,Central Pacific Bank
IKHZMZ0272120972468,203,892956400,2021-09-06,Kawaikini Charter School
MANPWI0272120560051,149,431657774,2023-07-05,SOH DLNR Chairperson's Office
FURYRY0272120988889,315,640614973,2025-10-21,Operating Engineers Local Union No. 3
GFSQQR0272120991095,231,776828220,2021-12-29,SOH DHHL Land Development Division
SVJIMH0272120300380,180,505709481,2025-10-13,SOH DOE School Transformation Branch
QAZVOG0272121100509,340,794445083,2025-10-22,Maui Electric Company Meter Shop
QCNQBS0272120524941,713,34384280,2025-10-16,ALASKA NATIVE MEDICAL CENT
YRORZL0272118322876,136,454675454,2025-09-24,Kaiser Permanente - Hawaii Permanente Medical Group 191017482
IEIIXK0272119127440,203,662978315,2020-08-17,The Episcopal Church in Hawaii
IHKSJG0272119500113,203,935318720,2020-01-11,KS Kaipuwaiola 99
UUBENO0272120553829,204,506630364,2025-10-16,SOH DOT Airports
GFSQQR0272120991094,231,776828220,2021-12-29,SOH DHHL Land Development Division
OJZBOF0272121220315,415,650641143,2023-06-23,Island Comfort Inc
CXOQAP0272121094681,188,437985623,2022-09-07,Plumbers & Fitters Local 675
GGZVAF0272120714664,161,627199635,2021-02-16,Kaiser Permanente - Patient - Travel 5 191078486 1
WMUATL0272120703967,959,34384280,2019-11-04,ALASKA NATIVE MEDICAL CENT
GICDVY0272120995578,194,437287712,2022-11-10,Kaiser Permanente Travel 7
NTPDBK0272120615077,152,474061803,2025-10-17,Smalt and Company, Inc
WOIVVJ0272120996827,175,448233892,2020-09-14,Dorvin D Leis Co Inc
CAZKGA0272120894071,170,478398815,2025-10-20,Hawaii Community Foundation
MPADLW0272120888581,303,847041506,2025-10-14,Jas W Glover Ltd
NNCNQE0272121103473,165,555906875,2023-06-18,KAISER TRAVEL-NORA
EJFQBI0272120901717,79,859861844,2024-07-01,SOH-HIDOE-HSDB
WJOUSN0272121299004,161,663301310,2025-10-15,SOH COM Office of the Mayor
GWGIRW0272120444979,257,820325586,2025-10-15,Times Supermarket
KWIXNA0272120557871,217,858370262,2025-10-16,Shioi Construction Inc
GOGVKV0272120457891,199,820325586,2025-02-13,Times Supermarket
NVDPVU0272121308279,171,948820375,2023-07-27,Group Builders Inc 
GWGIRW0272120444980,257,820325586,2025-10-15,Times Supermarket
WGTQSF0272120562457,301,134734110,2019-05-01,GOODFELLOW BROS., INC.
KWIXNA0272120557872,217,858370262,2025-10-16,Shioi Construction Inc
KWHJOX0272120562455,301,134734110,2024-10-04,GOODFELLOW BROS., INC.
IZAUVA0272121166785,151,834538832,2020-01-07,Starr and Company Inc
GPDCRO0272120445960,157,825631155,2019-09-17,Envision Networked Solutions
WYVBCL0272120644734,151,487695320,2025-10-17,Sync Drywall Systems
NGOHTZ0272120378575,143,786162893,2025-10-13,PT Hawaii, Inc.
MHYRNT0272119613596,145,454675454,2025-10-07,Kaiser Permanente - Hawaii Permanente Medical Group 191017482
GBBFWQ0272121305880,171,948820375,2024-11-05,Group Builders Inc 
OLFSTF0272121232239,299,512577870,2025-10-23,Hawaiian Telcom Inc Legal
UNOZYO0272121064028,231,545267542,2025-10-10,HGEA Oahu Division
UQJBEQ0272120550684,171,588733386,2024-12-06,Maui Health System
ONXYVY0272120018621,245,545267542,2025-10-11,HGEA Oahu Division
CBLVDU0272121168447,180,569022930,2019-08-01,Paakai Communications
NLBEMR0272120885184,254,535215925,2025-10-20,Central Pacific Bank
AGACDL0272120646404,272,902362285,2025-10-17,Grace Pacific LLC Shop Plants and Quarry
ABKSTM0272120457868,178,996780632,2025-10-15,SOH DLNR DAR
UVXNQZ0272119609226,161,774303530,2025-10-07,Foodland 2
FCNKBK0272120885888,102,922206563,2022-04-18,Island Express Systems
ABKSTM0272120457869,178,996780632,2025-10-15,SOH DLNR DAR
WHFZHE0272120556074,166,592262215,2025-10-16,Hawaii Gas 1
JZEMVV0272120988360,272,869445920,2025-10-21,Austin, Tsutsumi & Assoc., Inc
GOFQEC0272120451021,188,637472883,2023-08-21,Hilo Bay Island Creations
FLTLQG0272120530297,272,448233892,2025-10-16,Dorvin D Leis Co Inc
SGHXLC0272120893259,202,805758951,2019-09-12,InSynergy Engineering Inc.
JZEMVV0272120988362,272,869445920,2025-10-21,Austin, Tsutsumi & Assoc., Inc
JZEMVV0272120988361,272,869445920,2025-10-21,Austin, Tsutsumi & Assoc., Inc
NSCJUQ0272120556075,166,592262215,2025-10-16,Hawaii Gas 1
GCKHUL0272121091519,188,577353755,2025-10-16,First Pacific Builders LLC
GCKHUL0272121094449,188,577353755,2025-10-16,First Pacific Builders LLC
JZEMVV0272120988359,272,869445920,2025-10-21,Austin, Tsutsumi & Assoc., Inc
WXQUNJ0272120835132,180,847041506,2025-10-17,Jas W Glover Ltd
WWDAUL0272121236105,171,402867916,2025-10-23,Kaiser Permanente - Patient - Main Travel Dept 191026830
MZCKTR0272120884745,152,776828220,2019-09-18,SOH DHHL Land Development Division
AHWWPL0272120646569,147,428550032,2019-09-03,SOH DOE Maui High School
AHWWPL0272120646571,147,428550032,2019-09-03,SOH DOE Maui High School
HBIFVA0272121118490,175,706533343,2021-04-11,Kauluwao
LMKIID0272120550400,148,491156912,2023-12-05,Aloha Sunshine Tours LLC
GBPORJ0272120553615,129,432061685,2025-09-25,PATCH - People Attentive to Children
NCVOSJ0272119960482,2756,724923802,2025-10-10,Piliholeis
AOWDRR0272120986351,147,795442130,2025-07-22,Handcrafted Restaurants LLC
IDNUUY0272120719258,138,540069456,2025-10-18,Roman Catholic Church in the State of Hawaii
FBJZXX0272120885406,147,540069456,2025-10-20,Roman Catholic Church in the State of Hawaii
HIWPFC0272121012806,189,731656645,2025-10-21,Hensel Phelps Construction Co,
DAWKNJ0272119888836,732,34384280,2025-10-09,ALASKA NATIVE MEDICAL CENT
HWHVVH0272121371984,134,639687506,2025-09-30,HAWAII LIFE FLIGHT
WISLXF0272120994619,203,449934531,2022-11-27,Aloha Construction, Inc.
ABXVRN0272121354003,157,640625720,2025-10-24,Campervan Hawaii LLC
OAGLSX0272120640242,175,994843080,2025-10-17,State of Hawaii Organization of Police Officers (SHOPO)
UOGOCR0272120449285,120,581489720,2025-10-15,Foundations Hawaii, Inc.
HJZCLU0272120991773,340,698005512,2025-02-05,Tory's Roofing & Waterproofing, Inc.
ODKPNC0272120642311,129,621878526,2023-07-04,Oceanit Laboratories
CFYRRF0272120309810,129,586920622,2025-10-14,Patterson Dental
HJZCLU0272120991002,340,698005512,2025-02-05,Tory's Roofing & Waterproofing, Inc.
GGZTFP0272120988956,131,555906875,2021-10-04,KAISER TRAVEL-NORA
CQCRTF0272120640573,175,994843080,2021-11-19,State of Hawaii Organization of Police Officers (SHOPO)
NXWGYN0272120911735,175,811362241,2025-10-20,Modivcare
IPTKCG0272121000689,131,555906875,2025-10-21,KAISER TRAVEL-NORA
UEBPKO0272120570306,245,660911495,2025-10-16,UHA
HGARIE0272119228173,110,643254426,2025-10-03,Greeters of Hawaii, LTD.
MFVMLV0272119620693,134,650743634,2025-10-07,Parents & Children Together HNL
YTAVPO0272120445792,161,832096241,2025-10-15,MC&A
LRRCBC0272121102654,138,615647480,2020-02-20,CSM ELECTRIC LLC
EJVGEA0272120897314,138,928547594,2025-10-20,Transdev Health Solutions
EBPSUP0272120212242,131,862157940,2021-05-21,UH GEAR UP HAWAII
JSDYTD0272120886447,171,426501110,2025-10-20,Hawaii Coffee Company, LLC
EJVGEA0272120897315,138,928547594,2025-10-20,Transdev Health Solutions
YPJXKA0272121052252,130,925473706,2019-11-28,Telecable Systems, Inc
UDIIDS0272119023813,50,454675454,2025-10-01,Kaiser Permanente - Hawaii Permanente Medical Group 191017482
LMNRLJ0272121055272,239,765164444,2021-05-14,Beachside Roofing, LLC
EKGUDF0272120887314,147,506630364,2025-10-20,SOH DOT Airports
URQWTI0272120552584,129,420192872,2025-10-16,SOH DBEDT LUC
KJNSZZ0272121084902,171,474106286,2024-07-11,Seven Eleven
AUXZNJ0272119012563,128,940572684,2023-02-20,Sim Investment Properties LLC
OKMWNT0272120638336,138,653269853,2025-10-17,Ka'iwa Construction Inc
MXURPU0272120899771,216,555906875,2024-07-27,KAISER TRAVEL-NORA
SKRZLF0272121083372,138,992346003,2025-10-07,Servco Corporate Admin
MYMAEW0272120890256,350,447914364,2024-04-26,GREENPATH TECHNOLOGIES
HJRJWT0272121000842,186,847041506,2020-02-07,Jas W Glover Ltd
GWNRJT0272119836973,217,876814190,2025-10-09,SSFM International
DDBSDJ0272119845959,166,774303530,2023-02-08,Foodland 2
HKDPXM0272120997937,131,555906875,2024-09-06,KAISER TRAVEL-NORA
USSGHO0272120963082,171,448233892,2025-10-16,Dorvin D Leis Co Inc
UTSYBU0272119745134,217,869445920,2021-07-08,Austin, Tsutsumi & Assoc., Inc
NPZGRP0272121104965,244,850223010,2025-10-16,Unitek Insulation, LLC
UMGJHC0272120307663,114,488940255,2022-09-14,Kaiser Permanete - Travel Kacie
KTMYGA0272121060722,138,810160330,2025-08-27,Hawaii Stevedores Inc Dispatch I
YUGXCT0272120994535,185,811362241,2019-05-19,Modivcare
KTMYGA0272121061787,138,810160330,2025-08-27,Hawaii Stevedores Inc Dispatch I
WZAKAR0272120641403,171,994843080,2024-08-26,State of Hawaii Organization of Police Officers (SHOPO)
OCYOCH0272120639199,240,454211634,2025-01-04,Fun Factory Inc
WFDEAR0272120984203,350,928547594,2025-10-20,Transdev Health Solutions
YRLQHJ0272120717506,242,437874161,2025-10-18,Girl Scouts of Hawaii
SVYBPM0272119809132,138,709479186,2025-10-01,BF Tile Inc
SIIJAE0272120893801,131,833477875,2025-10-20,Kaiser Permanente - Patient - Travel 6 191082026
JSQCNY0272120892270,131,424067954,2024-08-17,SOH DHS MQD Finance Office
CAXRFR0272121566758,350,688486956,2024-03-14,Cades Schutte LLP
CMTMCJ0272121196790,692,140867532,2025-08-18,RUEN DRILLING, INC.
WGNZNB0272119085869,470,262686631,2019-05-02,PATHFINDER AVIATION
JYFDCM0272121058028,147,811362241,2020-02-18,Modivcare
IZZCMP0272121108043,147,535215925,2025-10-22,Central Pacific Bank
OIGLTV0272121417904,75,488940255,2025-10-25,Kaiser Permanete - Travel Kacie
WMAHPH0272121298463,642,114522321,2025-10-24,SE ALASKA REGIONAL HEALTH
KBQGBY0272121490952,157,541460835,2025-03-18,808 Support Services, LLC
GHCBJX0272121615913,152,774303530,2025-10-21,Foodland 2
WSBNTJ0272121057091,262,595139403,2021-12-27,Moana Ohana LLC
OIGLTV0272121417903,75,488940255,2025-10-25,Kaiser Permanete - Travel Kacie
CTTEXM0272121102284,160,982306592,2022-03-15,Gordon Mechanical LLC
HBOMZH0272121110053,152,928547594,2025-10-22,Transdev Health Solutions
LABJGE0272118198239,341,38139640,2024-12-03,CTT DESTINATIONS
LABJGE0272118198242,341,38139640,2024-12-03,CTT DESTINATIONS
DOOGAP0272121424185,194,491156912,2025-10-25,Aloha Sunshine Tours LLC
JYFDCM0272121056614,147,811362241,2020-02-18,Modivcare
HJBPGC0272119838790,171,853030743,2025-10-09,Southern Glazer Wine and Spirits
YXIMHE0272120205806,138,992668725,2025-07-01,Hawaiian Paradise Coffee
UUCXGL0272119944146,217,928547594,2025-10-10,Transdev Health Solutions
JGKZQZ0272119728885,102,469236165,2022-04-03,Bottomley Builders
UEXXPJ0272119068106,1785,59287406,2025-09-22,GCI COMMERCIAL SERVICES NA
KBBWPA0272119229871,120,757577273,2025-10-03,Kanuikapono Public Charter School
AMOGLQ0272119235087,231,935318720,2025-10-03,KS Kaipuwaiola 99
NUVSAT0272119840851,271,700974853,2023-06-09,SIMMONS STEEL CORPORATION
NUBVML0272119838491,134,974709993,2025-10-09,Pape Machinery
WDKKPG0272119737299,313,425865462,2025-10-08,BEK, Inc.
WDKKPG0272119737293,313,425865462,2025-10-08,BEK, Inc.
CVQIQT0272119232354,199,935318720,2022-04-18,KS Kaipuwaiola 99
GMXATT0272120207332,208,415379403,2021-06-05,REEF Development of HI, Inc.
GVXTIZ0272119835036,272,969698100,2025-10-09,Maui Kupono Builders, LLC
YZJTWO0272120218789,171,402867916,2024-04-14,Kaiser Permanente - Patient - Main Travel Dept 191026830
NTDUEJ0272120091734,240,671266046,2024-11-11,Kings Cathedral
MRFZDO0272120036439,127,488940255,2022-06-21,Kaiser Permanete - Travel Kacie
ESFVUS0272120101933,131,488940255,2020-02-17,Kaiser Permanete - Travel Kacie
DEKBNI0272119758873,203,713905054,2020-12-23,Mental Health Kokua
NNUCJR0272119918609,166,811362241,2023-06-09,Modivcare
INPENI0272119633884,259,686091766,2020-10-29,Suisan Company, Ltd.
ILOXDP0272119635931,203,501315861,2024-09-03,Kauai Economic Development Board
FGOZOF0272119858019,254,951997653,2019-09-17,Pacific AquaScapes Inc
MHZLVF0272119835339,144,993248885,2025-10-09,American Standard Concrete Pumping Hawaii, Inc
GXJLQU0272119837667,130,581489720,2025-10-09,Foundations Hawaii, Inc.
FPQCTA0272119843722,116,581489720,2019-05-20,Foundations Hawaii, Inc.
MHZLVF0272119835340,144,993248885,2025-10-09,American Standard Concrete Pumping Hawaii, Inc
EGLFMH0272119732607,314,811362241,2025-10-08,Modivcare
WMIGLS0272119143516,446,869520223,2025-10-02,Haley's Christmas Trees
IFIIQH0272119499193,171,545449424,2025-10-06,Primatech Construction Inc.
MEWAYA0272120459060,217,948820375,2025-10-15,Group Builders Inc 
OBUBTI0272118763479,129,774303530,2025-09-29,Foodland 2
AYGXPQ0272120205357,227,134794741,2019-09-18,VALLEY MECHANICAL CONTRACT
EJAXAU0272120028347,175,999664271,2022-07-06,Honsador Lumber Corporation
HTAVVK0272120307696,340,619749793,2024-09-20,Zelinsky Company
EJAXAU0272120028346,175,999664271,2022-07-06,Honsador Lumber Corporation
OPEFJC0272120329506,180,627199635,2025-10-14,Kaiser Permanente - Patient - Travel 5 191078486 1
OPEFJC0272120329505,180,627199635,2025-10-14,Kaiser Permanente - Patient - Travel 5 191078486 1
DRGLHP0272119616693,138,847449256,2023-09-16,Enterprise Holdings 1
GKIQWV0272119003692,129,512577870,2025-10-01,Hawaiian Telcom Inc Legal
WSUXAP0272119509734,138,935572142,2021-06-02,Waltz Engineering Inc
NWBWVJ0272120235547,147,563552021,2025-10-11,Catholic Charities Hawaii
HEUJWT0272119945530,147,592262215,2025-10-10,Hawaii Gas 1
MECCGH0272119933941,157,836865890,2025-10-10,Bow Construction Management Svc Inc
GNLTWC0272120448584,231,757316000,2022-06-30,Commercial Roofing and Waterproofing Hawaii Inc
ORGDVM0272120321702,180,581489720,2025-08-04,Foundations Hawaii, Inc.
OGJUZQ0272118848873,134,829429414,2025-09-30,Hawaii Honolulu Mission
OGJUZQ0272118848872,134,829429414,2025-09-30,Hawaii Honolulu Mission
EFNMFA0272119139230,145,805133265,2021-04-05,DEM WWR Ops Admin
QFCAIY0272119829561,157,670360692,2025-10-02,Liliuokalani Center 1
LNYFVV0272119497535,147,431746652,2025-10-06,Centerscale Automation Hawaii Inc
EGLPUV0272120044804,185,811362241,2025-10-11,Modivcare
QWPSZY0272119755445,69,615998504,2025-10-08,NAPA Hawaii
QVSJLG0272120091230,175,795899344,2025-10-11,MH ELECTRIC CONSTRUCTION INC
CQZJMR0272119748728,138,983053875,2025-10-08,Frito Lay Hawaii
FNGDZZ0272119850897,244,940674361,2025-10-09,Kenworth Hawaii LLC
YYOVYW0272120211453,327,797133190,2019-11-08,Koga Engineering and Construction
INKAAN0272119639315,254,983053875,2025-10-07,Frito Lay Hawaii
OKBKXU0272120324948,257,774303530,2023-06-23,Foodland 2
SYRYWH0272119624834,248,472691380,2025-10-07,First Hawaiian Bank Kona
NXLUQC0272118757211,222,870251465,2025-09-26,Waiakeawaena Elementary School
ULKMDY0272120320194,216,811362241,2025-10-14,Modivcare
OJONFV0272118763781,134,474106286,2019-05-16,Seven Eleven
AFIZHC0272119750840,175,811362241,2025-10-08,Modivcare
FELMFZ0272119844341,69,836865890,2025-10-09,Bow Construction Management Svc Inc
ABGESQ0272120470574,277,442039953,2020-05-16,SOH DBEDT ADC
ISOTKC0272120333224,194,811362241,2025-10-14,Modivcare
GJCFJB0272119611590,180,695886085,2025-10-07,American Savings Bank
YFHTEJ0272120225290,185,811362241,2025-10-13,Modivcare
YFHTEJ0272120225289,185,811362241,2025-10-13,Modivcare
MFZQGN0272119833765,175,832096241,2025-10-09,MC&A
GXSWXS0272119835409,171,694700996,2025-10-09,Bank of Hawaii 256
WIKIKY0272119938055,203,811362241,2025-10-10,Modivcare
GQIBGW0272120451250,180,746260432,2022-10-10,KIEWIT INFRASTRUCTURE WEST CO
USMQUU0272119939279,147,859301144,2025-10-10,ULU Creative LLC
CHENGB0272120309585,157,627199635,2019-02-09,Kaiser Permanente - Patient - Travel 5 191078486 1
ALOXZK0272119226710,166,671266046,2020-02-06,Kings Cathedral
ECIDNW0272120212416,269,402867916,2025-08-13,Kaiser Permanente - Patient - Main Travel Dept 191026830
WDBJCD0272119513908,138,489749120,2025-10-06,Morikawa & Associates, LLC
MFGRHO0272120461778,143,619635435,2025-10-07,Otis Elevator
IKRNYC0272120503967,357,32238710,2023-10-19,UDELHOVEN OILFIELD SYSTEM
UYXYUQ0272120322381,157,627199635,2020-10-01,Kaiser Permanente - Patient - Travel 5 191078486 1
ULSPBL0272120362328,131,940499744,2025-10-08,UH Board of Regents V
QLIWOA0272120549999,203,44309451,2025-09-19,BP AVIATION
EMUKNO0272119191758,147,794445083,2025-10-03,Maui Electric Company Meter Shop
MHWEOO0272119001105,217,642975524,2025-10-01,Network Cabling Unlimited LLC
FVESSQ0272119001649,256,555906875,2023-05-25,KAISER TRAVEL-NORA
OJLIRG0272118776185,216,488940255,2023-11-10,Kaiser Permanete - Travel Kacie
FVESSQ0272119001650,256,555906875,2023-05-25,KAISER TRAVEL-NORA
IJDHZX0272119020525,230,999643503,2019-02-15,Top Priority, Inc. 
DHMUXM0272118986001,1493,878471311,2022-09-26,Beauty Bay Washington LLC
WOYRNS0272119148130,158,616186653,2022-12-09,PACIFIC BIODIESEL
QREDJV0272118900052,179,437287712,2025-09-30,Kaiser Permanente Travel 7
DPLXQA0272119012820,179,555906875,2025-10-01,KAISER TRAVEL-NORA
QREDJV0272118900053,179,437287712,2025-09-30,Kaiser Permanente Travel 7
LAVDNN0272118208447,216,454675454,2019-03-26,Kaiser Permanente - Hawaii Permanente Medical Group 191017482
IBPKMQ0272118220054,216,454675454,2025-09-23,Kaiser Permanente - Hawaii Permanente Medical Group 191017482
WTZUSC0272118880152,185,877778882,2025-09-30,The Queens Health Systems
WTZUSC0272118880153,185,877778882,2025-09-30,The Queens Health Systems
UNUYUR0272118775996,83,833477875,2020-10-13,Kaiser Permanente - Patient - Travel 6 191082026
LSTDAC0272118514128,203,697469463,2022-12-18,RM Towill
WDIDJP0272118596397,83,953587445,2025-09-27,Daddy O's LLC
FAFZUI0272119154662,202,756868954,2025-10-02,Pacific Security Integrations
WJJJOS0272119148751,277,971365986,2024-04-15,Malama Aina Foundation
MPWEDC0272119144131,216,833477875,2021-07-06,Kaiser Permanente - Patient - Travel 6 191082026
IRPXLG0272120868414,124,539846565,2025-10-17,Pacific Rim Land Inc
SLEOCT0272121349031,166,695886085,2025-10-24,American Savings Bank
AKPHJX0272121622532,138,592262215,2024-03-08,Hawaii Gas 1
GIGIIJ0272120992434,120,948820375,2022-10-31,Group Builders Inc 
LRVZAL0272121621979,138,854757632,2022-07-27,First Hawaiian Bank Business Service Division
HWUWKV0272121495334,152,948820375,2018-12-22,Group Builders Inc 
HTTDNV0272120039861,220,787893890,2025-10-11,SOH DLNR DOFAW
SLPRHW0272121355333,308,434461005,2025-10-24,United Parcel Service
IPEVJA0272120994775,221,558452845,2023-08-07,Brown and Caldwell OAHU
LSNFOP0272121615993,97,568109942,2021-10-10,The Islander Group Inc.
HMWIAQ0272120996988,114,422137494,2025-10-21,UH Office of VP for Community Colleges 3
KGZHAB0272121616307,131,454675454,2023-10-20,Kaiser Permanente - Hawaii Permanente Medical Group 191017482
WKEGEG0272121630728,97,522762472,2025-10-27,Alpha Inc
FLWHDF0272121403248,158,402867916,2025-10-24,Kaiser Permanente - Patient - Main Travel Dept 191026830
HTTDNV0272120039860,220,787893890,2025-10-11,SOH DLNR DOFAW
NLEHPT0272121503765,194,984083811,2025-10-26,Hawaiian Dredging Construction Co Maui
SJXGST0272121349623,166,935318720,2025-01-06,KS Kaipuwaiola 99
EWHQKX0272119523720,68,454675454,2019-12-05,Kaiser Permanente - Hawaii Permanente Medical Group 191017482
KNHBLB0272120644197,120,794445083,2025-10-17,Maui Electric Company Meter Shop
YRXZHD0272121504751,138,935318720,2019-09-11,KS Kaipuwaiola 99
JGTCYS0272120884944,124,728917243,2025-10-20,Oahu Plumbing and Sheet Metal Ltd
FVMRDE0272119007298,100,907416974,2025-10-01,SOH DHRD
FVMRDE0272119007299,100,907416974,2025-10-01,SOH DHRD
NVJVPY0272121015315,129,685620821,2025-10-21,Cardiotechhawaii
YAGREH0272119437724,465,139891846,2022-02-07,COASTAL TRANSPORTATION, IN
FLWHDF0272121403245,158,402867916,2025-10-24,Kaiser Permanente - Patient - Main Travel Dept 191026830
YNGUFH0272121506420,227,984083811,2020-09-15,Hawaiian Dredging Construction Co Maui
SMWNNC0272121340761,166,417315824,2025-10-24,Aloha Air Cargo
HWUWKV0272121495336,152,948820375,2018-12-22,Group Builders Inc 
HXNBDQ0272119949626,110,840364700,2025-10-10,CW Associates CPAs
YHIYRR0272121103237,134,976544796,2020-02-29,A3 Electric LLC
AMFJUK0272121621975,208,545564880,2024-01-18,MCCABE HAMILTON & RENNY
ERJAWB0272121597582,147,762684156,2025-10-21,P.E.S.T.
SYYREM0272120994558,138,832096241,2019-11-08,MC&A
GXKEMI0272121343608,227,564895483,2025-10-24,Walters Kimura and Motoda
AMFJUK0272121621974,208,545564880,2024-01-18,MCCABE HAMILTON & RENNY
DRFDAY0272121423714,134,698974636,2025-10-25,Sunspear Energy LLC
WPIVQM0272121621170,88,811362241,2025-10-27,Modivcare
DRFDAY0272121423713,134,698974636,2025-10-25,Sunspear Energy LLC
LPRCTJ0272121061322,129,568649141,2020-02-25,Nordic PCL Construction-Execs
LRDSHR0272118881775,53,443277715,2021-12-30,Aqua Engineers, Inc.
MYQEVC0272120886925,120,568649141,2025-10-20,Nordic PCL Construction-Execs
HMKWGP0272120998713,60,474106286,2019-11-18,Seven Eleven
ALTVTU0272121626855,175,545564880,2025-09-07,MCCABE HAMILTON & RENNY
YDHXCB0272121639048,175,605853614,2025-10-27,Hawaiian Pacific Freight, LLC
FUQNPT0272121638805,175,605853614,2025-03-16,Hawaiian Pacific Freight, LLC
LPAOQQ0272121422534,127,488940255,2020-07-08,Kaiser Permanete - Travel Kacie
NURIDD0272120461376,152,924459432,2024-07-28,Kanu 'O Ka Aina Learning Ohana
UQWRZQ0272120553537,145,920868314,2025-10-16,Kaiser Permanente
NURIDD0272120461375,152,924459432,2024-07-28,Kanu 'O Ka Aina Learning Ohana
LPAOQQ0272121422533,127,488940255,2020-07-08,Kaiser Permanete - Travel Kacie
FFDXZR0272121661711,244,795899344,2023-04-13,MH ELECTRIC CONSTRUCTION INC
GBTFHU0272121345352,122,555906875,2024-03-25,KAISER TRAVEL-NORA
GBTFHU0272121345351,122,555906875,2024-03-25,KAISER TRAVEL-NORA
MRYMTP0272121350255,122,834262634,2025-09-08,SOH DOE Holualoa
MHEMHX0272121343717,129,417315824,2023-09-21,Aloha Air Cargo
IYXBTQ0272121111422,166,595575750,2025-10-22,EnviroServices and Training Center LLC
ADUGXO0272120442533,120,927482776,2025-01-06,Department of Hawaiian Home Lands
DWVIER0272120125269,110,522276812,2025-10-12,Financial Benefits Insurance
DZXZLQ0272121624616,175,545564880,2022-05-03,MCCABE HAMILTON & RENNY
SKWQQH0272121345630,166,999643503,2025-10-24,Top Priority, Inc. 
YIJOYV0272121097756,129,794445083,2019-11-10,Maui Electric Company Meter Shop
WGMCCB0272120562634,129,774303530,2021-01-18,Foodland 2
GNKOUS0272121340881,180,796858171,2025-10-24,Guardian Fire, LLC.
AKQVPZ0272121618971,199,844395484,2025-10-27,HSI Mechanical
WDXTUD0272121447607,134,427553475,2025-10-23,Maryl Group Construction Inc 1
LPNGPJ0272120220809,110,764845690,2025-10-13,Unlimited Construction
GZAGUT0272120452578,120,733122854,2019-10-22,Alaka'i Mechanical Corporation
GDUXPZ0272118426323,82,454675454,2025-09-25,Kaiser Permanente - Hawaii Permanente Medical Group 191017482
NVJCRZ0272121347297,216,555906875,2025-10-24,KAISER TRAVEL-NORA
NVJCRZ0272121347298,216,555906875,2025-10-24,KAISER TRAVEL-NORA
SXIETT0272120999245,138,774303530,2025-03-28,Foodland 2
GVETIQ0272120207937,166,997233355,2025-10-13,HEMIC Admin
NAARUK0272119944333,114,572025064,2025-10-10,State of Hawaii DOT Harbors Division
WISOVR0272119742641,110,774303530,2025-10-08,Foodland 2
JEKAJZ0272121092901,152,405176376,2025-10-20,Seal Masters of Hawaii
YFVMXR0272119017814,77,474106286,2020-01-26,Seven Eleven
GIGIIJ0272120992433,120,948820375,2022-10-31,Group Builders Inc 
DOLZGG0272120623338,129,644105954,2020-08-18,Kone Inc
DOLZGG0272120623702,129,644105954,2020-08-18,Kone Inc
UYCRYQ0272119608527,68,454675454,2025-10-07,Kaiser Permanente - Hawaii Permanente Medical Group 191017482
SKIOTC0272121348845,129,846039294,2023-12-19,Pacific Network Group LLC dba Banyan Networks
YCORUJ0272121622181,258,810160330,2025-10-27,Hawaii Stevedores Inc Dispatch I
NYBGOU0272120520187,120,492003201,2023-12-15,Petrospect Inc
ADFINU0272121350020,194,794445083,2023-04-18,Maui Electric Company Meter Shop
IIAXHT0272119503704,105,813499643,2025-10-06,SOH State Public Charter School Commission
OVPTDG0272118902011,77,558367342,2025-09-30,FCH Enterprises Inc dba Zippys Restaurants
IHVPME0272121122087,166,458112174,2025-10-22,Allied Universal
KVZDKZ0272121120341,138,733122854,2025-10-22,Alaka'i Mechanical Corporation
YEYQTO0272121101423,129,733122854,2020-04-03,Alaka'i Mechanical Corporation
QCYVBX0272121102857,166,745093856,2025-10-22,Altres
YSLEIE0272121310022,180,948820375,2025-05-23,Group Builders Inc 
FQRDMY0272121344902,129,692476746,2025-01-31,WorkStar Occupational Health Systems, Inc.
MRYHWM0272121347470,122,555906875,2025-10-24,KAISER TRAVEL-NORA
JNLAMW0272121498854,131,488940255,2024-10-14,Kaiser Permanete - Travel Kacie
QFFAYA0272120446546,114,488940255,2019-04-15,Kaiser Permanete - Travel Kacie
ITNQUX0272118757104,50,506630364,2019-07-17,SOH DOT Airports
YTYPMN0272121007116,161,929119730,2024-07-14,Hawaii USA Federal Credit Union 1
SZBEXV0272120999576,161,929119730,2025-10-21,Hawaii USA Federal Credit Union 1
MWLFJI0272120887532,161,894902665,2025-10-20,Kauai Medical Clinic
GHEEIG0272121399723,166,681930874,2025-10-24,Family Hui Hawaii
DSWBOL0272120643991,120,935654860,2021-06-04,Ohana Pacific Health
MGPOUB0272118096652,86,454675454,2025-09-22,Kaiser Permanente - Hawaii Permanente Medical Group 191017482
YDFUME0272119610893,152,487520261,2025-10-07,International Life Support, Inc dba American Medical Response
OYGXAO0272119236892,95,912303980,2019-05-29,SOH DLNR ENG
WYJSQP0272121230333,180,694700996,2021-10-31,Bank of Hawaii 256
CYNTWK0272120163056,516,920118883,2024-11-21,New Zealand Seafoods of Hawaii Ltd
YBVHNO0272119009716,149,683522092,2025-10-01,SOH DOT Highways
GMGEQB0272119614510,175,833477875,2025-10-07,Kaiser Permanente - Patient - Travel 6 191082026
CUQCQO0272119232397,180,426099520,2019-09-24,SOH Judiciary Third Circuit
QZRFKK0272119745950,350,506763165,2019-09-03,Commercial Training Consultants Inc
FOXPHY0272119854585,217,484953442,2024-12-23,808 Support Services, LLC
OGWOJO0272118782660,143,946222104,2025-09-29,Outrigger Hotels and Resorts:  Exec Office
FKRRVG0272119842533,249,545564880,2025-10-09,MCCABE HAMILTON & RENNY
JBOUZF0272119601320,240,882158546,2025-09-29,SAUSE HABILL
LWMHQO0272119505958,185,587887134,2019-10-19,Hawaii State Senate
EGZFIX0272119729943,178,705504811,2024-01-05,SOH DAB
IIFTTZ0272119506508,203,484176254,2025-10-06,Coalition for a Tobacco Free Hawaii
JMTAGX0272119735563,277,969698100,2025-10-08,Maui Kupono Builders, LLC
YUBKKH0272118321749,149,454675454,2025-09-24,Kaiser Permanente - Hawaii Permanente Medical Group 191017482
JLUKQN0272119137391,188,935318720,2025-10-02,KS Kaipuwaiola 99
LIWSLM0272119607895,315,492003201,2023-08-12,Petrospect Inc
JMZVFK0272119740473,286,873356816,2021-06-07,Hawaii Pacific Health Medical Group
JBOUZF0272119601693,240,882158546,2025-09-29,SAUSE HABILL
IPEYSP0272119627440,229,488940255,2025-10-07,Kaiser Permanete - Travel Kacie
NTOORQ0272118727868,434,302826112,2025-09-29,SAFELOGIC ALASKA LLC
LTEYPT0272119141732,254,568649141,2024-02-10,Nordic PCL Construction-Execs
ANDAEV0272119247700,313,134734110,2019-07-24,GOODFELLOW BROS., INC.
NJFMNJ0272119512116,188,484176254,2025-10-06,Coalition for a Tobacco Free Hawaii
OTMRYR0272119472666,152,948820375,2023-12-18,Group Builders Inc 
DBRMSX0272119599496,1421,274049300,2019-06-05,PACIFIC OFFICE AUTOMATION
IYVPNH0272119743645,216,506763165,2025-10-08,Commercial Training Consultants Inc
NGEALY0272119861017,211,545564880,2025-10-09,MCCABE HAMILTON & RENNY
MSIBOX0272119841787,211,545564880,2022-09-03,MCCABE HAMILTON & RENNY
MUCUNU0272119856671,258,545564880,2020-02-26,MCCABE HAMILTON & RENNY
OXDFFY0272119839188,240,545564880,2025-10-09,MCCABE HAMILTON & RENNY
GXBWLQ0272119833997,211,545564880,2024-09-11,MCCABE HAMILTON & RENNY
GPWVRQ0272119834725,211,545564880,2023-11-06,MCCABE HAMILTON & RENNY
AUIWYV0272119617133,259,847449256,2020-12-20,Enterprise Holdings 1
JMNOSQ0272119450378,464,37083130,2025-09-26,TANANA CHIEFS CONFERENCE I
LXWGOS0272119495898,180,698974636,2020-02-12,Sunspear Energy LLC
AHEXKE0272118893216,157,847449256,2025-09-30,Enterprise Holdings 1
NVGGAU0272119159524,148,555906875,2025-09-29,KAISER TRAVEL-NORA
FDKDFV0272119143028,79,474110884,2025-10-02,Airborne Aviation Inc
NVGGAU0272119158307,148,555906875,2025-09-29,KAISER TRAVEL-NORA
GMDQCB0272119002838,157,866789346,2025-10-01,PARS Group LLC
ILCQBJ0272119134307,208,675136254,2025-09-29,ILWU Maui Office
SHEINT0272118906420,840,910976791,2021-11-24,LBJ Tropical Medical Center
AKXWFB0272119043762,152,883317562,2025-02-20,Polynesian Adventure Activities, LLC
AXTYCM0272118755358,74,416455760,2025-09-29,AWP SAFETY
IPXNXI0272119020153,79,960346752,2025-10-01,Brotherhood Builders LLC
LUVEIO0272119137150,79,951997653,2021-04-22,Pacific AquaScapes Inc
MUSNQR0272118200252,236,682049480,2025-09-23,Hawaiian Cement
MPVDZQ0272119143029,79,629695290,2019-09-05,Kamoku Contracting LLC
NBGMUP0272118777872,194,402867916,2025-09-29,Kaiser Permanente - Patient - Main Travel Dept 191026830
IPXNXI0272119020151,79,960346752,2025-10-01,Brotherhood Builders LLC
QNAWPD0272118898591,193,555906875,2024-10-01,KAISER TRAVEL-NORA
QJHXUD0272118976074,147,951997653,2025-09-18,Pacific AquaScapes Inc
NBGMUP0272118777871,194,402867916,2025-09-29,Kaiser Permanente - Patient - Main Travel Dept 191026830
DTMDKH0272118761849,189,833477875,2022-12-12,Kaiser Permanente - Patient - Travel 6 191082026
YTQLKM0272118888017,194,858370262,2025-09-24,Shioi Construction Inc
NPPNFX0272119028938,254,858370262,2024-09-12,Shioi Construction Inc
UWSAWI0272119012258,292,539462560,2021-04-22,Hawaiian Linen Supply Hilo
GIXQMR0272119011691,79,506561090,2025-10-01,Creative Designs Hawaii (formerly Billabong Jrs)
YONBUR0272118757932,189,555906875,2025-09-29,KAISER TRAVEL-NORA
EXAMAC0272119143010,245,833477875,2019-04-10,Kaiser Permanente - Patient - Travel 6 191082026
OVMMOZ0272119214331,257,545831193,2023-08-10,Mas Tec Network Solutions Turf
EGBGHQ0272119132445,165,833477875,2025-10-02,Kaiser Permanente - Patient - Travel 6 191082026
FCZKMD0272118513728,180,402867916,2025-09-26,Kaiser Permanente - Patient - Main Travel Dept 191026830
NNJEZR0272118517400,244,961674335,2025-09-26,DEAN SH PAK, INC dba INFINITY ELECTRIC
NNJEZR0272118517399,244,961674335,2025-09-26,DEAN SH PAK, INC dba INFINITY ELECTRIC
YROWFO0272118722075,290,700974853,2024-01-02,SIMMONS STEEL CORPORATION
NKMAQP0272119207052,202,584234976,2025-09-30,Hawaii National Bank
FCZKMD0272118513727,180,402867916,2025-09-26,Kaiser Permanente - Patient - Main Travel Dept 191026830
NNJEZR0272118517401,244,961674335,2025-09-26,DEAN SH PAK, INC dba INFINITY ELECTRIC
HIGYRH0272118301157,340,847041506,2024-11-24,Jas W Glover Ltd
USTVCQ0272119214429,262,946222104,2025-09-26,Outrigger Hotels and Resorts:  Exec Office
WAWFOY0272118902267,217,65904252,2025-09-30,NANA MANAGEMENT SERVICES
FBJQUW0272119137136,188,744083340,2022-11-21,Ohana Stairlifts
MJVWUE0272118749452,202,431464154,2025-09-29,Leu Okuda and Doi
UOICFJ0272118771593,1332,536772084,2025-09-29,Stanford Carr Development LLC
HJIGQA0272119106181,160,951997653,2025-09-19,Pacific AquaScapes Inc
IBNSLM0272119129913,116,847449256,2019-12-10,Enterprise Holdings 1
DHCWNN0272119165979,87,522237855,2025-10-03,REEF Development of HI, Inc.
IBNSLM0272119129914,116,847449256,2019-12-10,Enterprise Holdings 1
EHCNPP0272119133415,202,847856321,2025-10-02,Kaiser Permanente - Patient - Travel II 191068086
IDHTXB0272118722076,290,700974853,2024-12-08,SIMMONS STEEL CORPORATION
UOICFJ0272118771597,1332,536772084,2025-09-29,Stanford Carr Development LLC
NKBRUY0272119180965,160,951997653,2023-06-24,Pacific AquaScapes Inc
GWCQKZ0272117826711,152,951997653,2025-09-19,Pacific AquaScapes Inc
MVHZTU0272118883263,157,951997653,2022-05-05,Pacific AquaScapes Inc
UOICFJ0272118771594,1332,536772084,2025-09-29,Stanford Carr Development LLC
QXPCXM0272119223450,169,833477875,2021-05-24,Kaiser Permanente - Patient - Travel 6 191082026
YIDOFY0272119018480,175,896130605,2025-10-01,Hawaiian Alliance Equipment Co
SXTVPQ0272118420155,151,974709993,2019-08-20,Pape Machinery
GYTREY0272121345910,244,568649141,2019-05-10,Nordic PCL Construction-Execs
URWNDE0272120554371,143,476734381,2021-11-21,Island Movers - PCI 2
JRRSKK0272120889356,147,860196702,2025-10-20,Heide & Cook
URWNDE0272120554372,143,476734381,2021-11-21,Island Movers - PCI 2
NDBLST0272121518285,291,569674092,2024-06-24,Harris Rebar South Pacific Inc
IZAWXM0272121106026,272,134734110,2025-04-27,GOODFELLOW BROS., INC.
QOCNFG0272120885202,171,568649141,2025-10-20,Nordic PCL Construction-Execs
OJFSMG0272121218745,301,948820375,2025-10-23,Group Builders Inc 
CXVNDQ0272121332858,277,873933992,2024-06-26,DKI808, LLC dba Premier Restoration Hawaii
WBHAIM0272121231029,333,948820375,2024-03-16,Group Builders Inc 
ITUUAR0272121476264,157,948820375,2023-03-29,Group Builders Inc 
OJFSMG0272121218744,301,948820375,2025-10-23,Group Builders Inc 
WJHQBA0272120990186,152,948820375,2025-10-21,Group Builders Inc 
WJRFTA0272120987889,160,948820375,2025-10-21,Group Builders Inc 
LKJNDF0272121101987,245,568649141,2025-10-22,Nordic PCL Construction-Execs
LKJNDF0272121101984,245,568649141,2025-10-22,Nordic PCL Construction-Execs
JWPPMU0272120991663,152,948820375,2025-10-21,Group Builders Inc 
WBHAIM0272121231028,333,948820375,2024-03-16,Group Builders Inc 
WBHAIM0272121231026,333,948820375,2024-03-16,Group Builders Inc 
MEWFFG0272121346466,180,877236964,2023-11-10,D. Suehiro Electric, Inc. 
QUICXW0272120204411,259,568649141,2025-10-13,Nordic PCL Construction-Execs
IZAWXM0272121106027,272,134734110,2025-04-27,GOODFELLOW BROS., INC.
KYZWIE0272120552673,171,820325586,2022-04-27,Times Supermarket
QUICXW0272120204409,259,568649141,2025-10-13,Nordic PCL Construction-Execs
GZIXZO0272121340756,147,949636634,2019-06-25,Hawaiian Dredging Construction Co Commercial Div
LQFZVX0272119498163,147,757363331,2025-10-06,Papa Ola Lokahi
ORQVPT0272118906241,127,752991142,2025-09-30,Kaiser Permanente - Business Development 191019628
GGOUZP0272121001643,152,686404412,2025-10-21,Child and Family Service
FKEPFC0272119843684,185,502730605,2025-07-30,TD Food Group Inc
YUODIS0272120990230,147,883317562,2025-10-21,Polynesian Adventure Activities, LLC
IYDATQ0272119735029,134,764253464,2021-12-25,Outrigger Hotels and Resorts: Human Resources 1
IQWAYJ0272121215047,147,811362241,2025-10-21,Modivcare
CSMZNL0272121520808,134,778783681,2025-09-25,Foundation Building Materials
UDVFXV0272120201083,129,861951296,2025-10-13,Associa Hawaii
YCKVQF0272119612992,515,857361116,2019-06-30,YWCA Kauai
WEJWJP0272120556494,147,506630364,2025-10-16,SOH DOT Airports
SNVEPR0272119233110,129,998598215,2025-01-12,Epic Ohana Conferencing
JSNUAX0272120377161,704,475978436,2023-08-12,American Bald Eagle Foundation
GBJGHA0272121346347,140,488940255,2025-10-24,Kaiser Permanete - Travel Kacie
CQUILJ0272121228643,140,555906875,2025-10-23,KAISER TRAVEL-NORA
HMEOOT0272121003203,180,686404412,2025-10-21,Child and Family Service
MWLHWO0272120889790,138,847041506,2025-10-20,Jas W Glover Ltd
FVRABA0272120986689,147,811362241,2021-12-07,Modivcare
FVRABA0272120986690,147,811362241,2021-12-07,Modivcare
GEGDHL0272121015244,134,568617755,2021-11-22,Halau Mohala Ilima
JIXNDP0272120647611,122,975158575,2025-10-17,SOH House of Representatives
JPIQUQ0272121485880,301,27575295,2023-04-26,CRUZ CONSTRUCTION INC
YPREYU0272121499158,79,636801896,2025-10-26,Valley Well Drilling, LLC
LHKLYZ0272121564646,152,791302175,2022-03-18,Mastercare Inc.
IBYXXU0272120987595,147,510318211,2025-10-21,SOH-Department of Health
ULQZLH0272120306750,194,134734110,2025-10-14,GOODFELLOW BROS., INC.
JRJNGV0272121186592,152,694263441,2025-10-14,The Audio Visual Company
IZHZQM0272121206393,254,732470583,2025-10-08,Firetek Pacific Inc
IEYESD0272121077221,180,770529524,2023-02-01,Hawaiian Cool Water
EGFNPL0272121205594,194,732470583,2025-08-14,Firetek Pacific Inc
MREVTY0272120312974,272,425865462,2020-07-28,BEK, Inc.
MREVTY0272120312977,272,425865462,2020-07-28,BEK, Inc.
MREVTY0272120312972,272,425865462,2020-07-28,BEK, Inc.
JIPRAS0272120886573,203,943746694,2019-09-27,Title Guaranty of Hawaii
LNNPKT0272118986951,124,662978315,2019-06-15,The Episcopal Church in Hawaii
EZJOHQ0272121022064,157,948820375,2022-11-26,Group Builders Inc 
GWLODV0272120450816,131,451104931,2022-02-07,Kaiser Permanente HI Pharmacy
UEXDUK0272120205505,129,935318720,2025-10-13,KS Kaipuwaiola 99
MEFYKZ0272120554798,178,404978291,2025-10-16,SOH DOE OSSS ESB Special Needs Section
SZZJVB0272120995465,599,493735771,2025-10-21,Pacific Power Electrical Contracting LLC
QRQARD0272120205639,129,935318720,2022-05-25,KS Kaipuwaiola 99
GWRVUC0272120449420,138,916607996,2025-10-15,Mid City Restaurant Supply
NUXUXN0272119836163,143,400409741,2025-10-09,Charter Communications
FXJQJB0272121185470,208,933273806,2025-10-17,Elite Concrete LLC
QTYVHS0272120204660,138,451104931,2025-10-13,Kaiser Permanente HI Pharmacy
OATAKO0272120642929,147,935318720,2023-06-06,KS Kaipuwaiola 99
IDEDBV0272120992513,171,833477875,2025-07-27,Kaiser Permanente - Patient - Travel 6 191082026
SFKISN0272120893351,175,568649141,2021-10-13,Nordic PCL Construction-Execs
KRGSBM0272121191247,194,933273806,2023-09-13,Elite Concrete LLC
CQICZV0272120970760,143,492755760,2025-10-17,Pacific Current LLC
WYOEKJ0272121024572,254,948820375,2025-10-17,Group Builders Inc 
YXIRHG0272120948743,203,746260432,2022-03-29,KIEWIT INFRASTRUCTURE WEST CO
IPOANB0272121210728,230,692897214,2019-08-30,Derrick's Well Drilling & Pump Services, LLC
QODTPP0272120895940,102,674742600,2025-10-20,Waldron Norton Lilly Intl LLC
ANIYEN0272121086928,188,896997371,2025-10-15,Hawaiian Dredging Construction Co HEAVY
NAVILZ0272119942888,147,401314244,2025-04-13,Hawaiian Housewares Ltd
KUJKZY0272121144101,245,727895943,2025-10-22,See's Candies
NWREQN0272121185480,171,568649141,2025-10-14,Nordic PCL Construction-Execs
IBTCWC0272120990238,171,402867916,2025-10-21,Kaiser Permanente - Patient - Main Travel Dept 191026830
ETXWST0272121206456,157,619749793,2025-10-21,Zelinsky Company
EDEOJF0272121146887,476,308093240,2024-09-13,NORTHERN INSULATION SOLUTI
IEDBJY0272120994230,314,811362241,2025-10-21,Modivcare
IOQAUE0272120996998,327,425865462,2025-02-15,BEK, Inc.
KDFBDN0272120653764,296,811362241,2025-10-17,Modivcare
FYPLFN0272120656979,147,853030743,2025-08-28,Southern Glazer Wine and Spirits
IDPLID0272121204879,303,427553475,2025-10-21,Maryl Group Construction Inc 1
CNQDRI0272121210705,157,688486956,2019-12-28,Cades Schutte LLP
MILNPM0272120452855,138,616186653,2025-10-15,PACIFIC BIODIESEL
QCIXMQ0272120232003,147,853030743,2025-10-13,Southern Glazer Wine and Spirits
MREVTY0272120312979,272,425865462,2020-07-28,BEK, Inc.
MREVTY0272120312976,272,425865462,2020-07-28,BEK, Inc.
MREVTY0272120312975,272,425865462,2020-07-28,BEK, Inc.
SBAMGX0272120314435,147,935654860,2025-06-12,Ohana Pacific Health
IQXMKO0272121003452,171,437287712,2025-10-21,Kaiser Permanente Travel 7
OUDWFR0272120564314,66,772965082,2025-10-16,SOH Department of Finance
SXCKTO0272120997593,149,424067954,2025-05-01,SOH DHS MQD Finance Office
SETCBN0272119970775,131,585250890,2025-10-11,SOH DOT Administration
JTHEJH0272120890998,147,592262215,2025-10-20,Hawaii Gas 1
LMJQUB0272121211399,171,794445083,2023-04-07,Maui Electric Company Meter Shop
EVIROT0272121095533,134,692476746,2024-11-22,WorkStar Occupational Health Systems, Inc.
URGNJW0272120939245,174,794445083,2019-08-16,Maui Electric Company Meter Shop
NAZEVT0272119956496,138,951997653,2025-10-10,Pacific AquaScapes Inc
YUZBVN0272120444463,217,627199635,2025-10-15,Kaiser Permanente - Patient - Travel 5 191078486 1
IAXXMV0272120997096,216,402867916,2021-07-06,Kaiser Permanente - Patient - Main Travel Dept 191026830
CSTAOR0272121092638,175,492088376,2021-08-20,Kaiser Permanente - Continuing Care
LVHIVF0272120863199,147,948820375,2025-10-08,Group Builders Inc 
LVHIVF0272120865073,147,948820375,2025-10-08,Group Builders Inc 
LVHIVF0272120864298,147,948820375,2025-10-08,Group Builders Inc 
MQTMAM0272119735232,129,935318720,2024-02-08,KS Kaipuwaiola 99
KJGQIS0272119954445,122,482519332,2025-10-10,SOH DOE MDO CA HLLM
OPQNSA0272120320321,175,935318720,2025-10-14,KS Kaipuwaiola 99
WFYSXV0272120408655,69,975716571,2025-10-10,Aloun Farm, Inc.
CGGRQD0272118754104,110,774303530,2025-09-29,Foodland 2
UZVQKV0272119006510,157,789078032,2025-01-04,HPH Human Resources
UPVJJV0272119940435,240,794445083,2021-11-18,Maui Electric Company Meter Shop
YBVWGW0272119619712,69,553546416,2025-10-07,Johnson Brothers of Hawaii
MKHAYV0272118756809,157,529244041,2025-09-29,Island Court Reporting & Transcription Services
WFYSXV0272120409752,69,975716571,2025-10-10,Aloun Farm, Inc.
AUAIXO0272120273453,244,854523261,2025-10-07,Affiliated Construction
MPOGTF0272120306365,175,811362241,2021-07-08,Modivcare
FGVYWR0272120307472,122,975158575,2025-10-06,SOH House of Representatives
UTWAQV0272119936460,199,836865890,2025-10-10,Bow Construction Management Svc Inc
YVSJAZ0272120211248,171,406964644,2025-10-13,Hawaii Energy Systems
UXCPMC0272120316103,138,462794231,2025-02-15,Boss Communication Technologies
DCDUQK0272119847312,134,869445920,2025-10-09,Austin, Tsutsumi & Assoc., Inc
URXRPD0272119744973,147,453140531,2024-10-10,LKM Enterprises, Inc. dba AIRPRO Indoor Air Solutions
URXRPD0272119744975,147,453140531,2024-10-10,LKM Enterprises, Inc. dba AIRPRO Indoor Air Solutions
URXRPD0272119744976,147,453140531,2024-10-10,LKM Enterprises, Inc. dba AIRPRO Indoor Air Solutions
NKJYJJ0272119505483,120,999664271,2024-03-25,Honsador Lumber Corporation
GMDXCY0272120204746,138,896997371,2025-10-13,Hawaiian Dredging Construction Co HEAVY
AUAIXO0272120272290,244,854523261,2025-10-07,Affiliated Construction
AUHCIJ0272120276815,244,854523261,2025-04-14,Affiliated Construction
OZLTBD0272119850432,134,869445920,2025-10-09,Austin, Tsutsumi & Assoc., Inc
UXCDKR0272120330802,88,811362241,2025-10-14,Modivcare
GJGDSG0272120379263,134,835355916,2025-10-10,REPUBLIC NATIONAL DISTRIBUTING COMPANY
FAYTBH0272119444228,394,272005565,2019-08-01,NANA NATURAL RESOURCES
IDCELR0272119135050,129,694700996,2025-10-02,Bank of Hawaii 256
YATWTG0272119618418,129,454356335,2025-10-07,Kona Community Hospital
GKTLUA0272119614310,129,510321420,2025-10-07,Armstrong Builders LLC
HFIVPB0272120295027,102,975158575,2020-10-01,SOH House of Representatives
ATPMUW0272119028912,185,454675454,2025-10-01,Kaiser Permanente - Hawaii Permanente Medical Group 191017482
KAJTYT0272119234273,138,794445083,2019-05-10,Maui Electric Company Meter Shop
AMYIIA0272119232890,129,403669980,2025-08-13,AMEL Technologies, Inc
UBMYQT0272120202256,203,568649141,2025-10-13,Nordic PCL Construction-Execs
NZPTAO0272120305087,245,811362241,2025-10-14,Modivcare
NZPTAO0272120305088,245,811362241,2025-10-14,Modivcare
GWVAAE0272119833176,134,809771314,2025-10-09,Hawaii Visitors and Convention Bureau
UGQYFH0272120455649,138,549346851,2025-10-13,Hawaii Technology Academy
FKFVXG0272120470174,69,883317562,2025-08-17,Polynesian Adventure Activities, LLC
FEBPXW0272119154328,770,659996864,2022-07-16,Ameriprise WTK
LSLVWD0272119132685,227,920970400,2019-05-31,Tony Hawaii Automotive Group, Ltd. dba Tony Group
OEHZJE0272119751982,244,951970132,2025-06-02,Makauila, Inc
WTPPYK0272118881614,147,569605794,2025-09-30,Bowers and Kubota Consulting
FMDAGB0272119849496,220,833477875,2025-10-09,Kaiser Permanente - Patient - Travel 6 191082026
GIILLY0272119983848,502,40106721,2022-07-15,NANA LYNDEN LOGISTICS
JJFEBN0272119739392,116,587687030,2025-10-08,Manaola Group LLC dba Manaola
UTTYHG0272119743382,259,935318720,2025-10-08,KS Kaipuwaiola 99
FOXPHY0272120071386,217,484953442,2024-12-23,808 Support Services, LLC
AUISQD0272121228719,152,425865462,2025-10-23,BEK, Inc.
WXANAH0272119482327,1055,105223683,2025-10-01,CAPE FOX CORPORATION
DHNOYZ0272120650536,97,491156912,2025-10-17,Aloha Sunshine Tours LLC
HVXKBU0272120572346,97,491156912,2019-07-24,Aloha Sunshine Tours LLC
HVXKBU0272120572343,97,491156912,2019-07-24,Aloha Sunshine Tours LLC
NUWLTL0272121346913,160,999643503,2023-06-09,Top Priority, Inc. 
IEGIBN0272121060797,166,985124851,2025-04-19,The Queens Health Systems - Finance
AUISQD0272121228722,152,425865462,2025-10-23,BEK, Inc.
AUISQD0272121228721,152,425865462,2025-10-23,BEK, Inc.
AEKLKG0272121238320,230,440340876,2022-06-03,HTBYB Direct Bill
WBEMYJ0272121237526,244,440340876,2025-10-23,HTBYB Direct Bill
AHTDWR0272121234307,230,440340876,2024-01-11,HTBYB Direct Bill
UFZZJH0272121385859,147,764981324,2025-10-01,Marketing Resource Group Inc
GPWCJW0272120451650,147,821639803,2019-10-14,EKOLU PRODUCTIONS LTD
FAWCJU0272120994083,164,594735120,2025-10-20,SOH DHS SSD Adm
UJOIOX0272120902924,83,646897016,2025-06-19,191055088 American Industrial LLC
GVSZUO0272121601627,254,455381592,2025-10-24,Kokua Geotech LLC
EIINBV0272121220772,143,843913254,2024-09-05,Kazi Restaurants of Hawaii Inc Burger King
SJSIUJ0272121345753,74,727450102,2022-05-06,Young Brothers
AGPLOA0272120640102,147,444592396,2025-10-17,SOH DHS DVR SBB
MGJNDN0272121345836,189,833477875,2025-10-24,Kaiser Permanente - Patient - Travel 6 191082026
MFLPCF0272121345667,79,811362241,2025-10-24,Modivcare
CXOCYE0272121604734,208,502730605,2025-10-22,TD Food Group Inc
WBZHMY0272121224131,147,555906875,2025-10-23,KAISER TRAVEL-NORA
FNKITX0272121346784,140,833477875,2025-09-01,Kaiser Permanente - Patient - Travel 6 191082026
AGWHDT0272120641097,88,995345993,2019-12-26,MM Medical Transport
WSIPFM0272121603891,165,502730605,2020-12-26,TD Food Group Inc
AGWHDT0272120641096,88,995345993,2019-12-26,MM Medical Transport
NSQBJN0272121346702,131,555906875,2023-08-21,KAISER TRAVEL-NORA
GEAKCM0272120725534,138,938229250,2020-06-24,Hawaii Association of Realtors
MIFRKU0272121352515,147,833477875,2021-12-29,Kaiser Permanente - Patient - Travel 6 191082026
WUQBEW0272121431975,161,732470583,2025-10-25,Firetek Pacific Inc
MGJNDN0272121345837,189,833477875,2025-10-24,Kaiser Permanente - Patient - Travel 6 191082026
MMAAQF0272121434179,254,732470583,2022-06-20,Firetek Pacific Inc
IBYXXU0272120987594,147,510318211,2025-10-21,SOH-Department of Health
YRWDMA0272120998295,231,694700996,2025-10-21,Bank of Hawaii 256
ALWNJZ0272121323778,147,756868954,2023-12-03,Pacific Security Integrations
SKVZOS0272121343493,244,902362285,2019-02-27,Grace Pacific LLC Shop Plants and Quarry
LTFMWM0272121332685,147,405176376,2021-02-08,Seal Masters of Hawaii
FNSLRX0272121341074,244,902362285,2025-10-24,Grace Pacific LLC Shop Plants and Quarry
NZMMWA0272120307070,79,663719000,2025-10-14,The Nature Conservancy
LYYMCD0272121512527,79,557611250,2021-06-16,Ferguson Enterprises
ABJVYC0272121348646,147,928547594,2025-10-24,Transdev Health Solutions
EVDHIE0272121583785,161,757316000,2024-06-06,Commercial Roofing and Waterproofing Hawaii Inc
WTLEYZ0272121075732,357,122484821,2025-10-22,GEOTEK ALASKA, INC.
WBOCLK0272121221044,147,555906875,2020-01-06,KAISER TRAVEL-NORA
EUXDFO0272118055211,131,454675454,2021-12-26,Kaiser Permanente - Hawaii Permanente Medical Group 191017482
YJHGSQ0272120787172,415,44314734,2021-03-14,ANCHORAGE INVENTORY SERVIC
IDXZXB0272121001246,231,587091466,2025-10-21,Island Energy Services
NOYYKU0272121104732,231,733122854,2025-10-22,Alaka'i Mechanical Corporation
AIJAVZ0272119741776,166,774303530,2025-10-08,Foodland 2
YUECTW0272120996223,286,811362241,2022-02-04,Modivcare
YUECTW0272120996224,286,811362241,2022-02-04,Modivcare
CTKVTG0272121100134,175,916607996,2025-10-22,Mid City Restaurant Supply
YTJZTY0272120989116,825,136097905,2021-04-07,MAGTEC ALASKA, LLC
YSTLAT0272120988577,147,992455030,2022-07-11,Meadow Gold Dairies Hawaii
AHXJEI0272120645936,166,753013796,2024-11-04,UHH OVCSA
NZBZMZ0272121620377,157,619749793,2024-03-28,Zelinsky Company
KLTPUF0272120556249,138,660911495,2025-10-16,UHA
CZZIRA0272121440055,152,400409741,2025-10-22,Charter Communications
SLBIRL0272121353730,185,811362241,2024-05-01,Modivcare
JFCMJN0272120886995,131,927860533,2025-10-20,Kaiser Permanente - Hawaii Permanente Medical Group - Learning & Program Development
EKXYLG0272120897933,138,510321420,2019-06-24,Armstrong Builders LLC
IQALJD0272119627548,129,522276812,2025-10-07,Financial Benefits Insurance
SAQRGV0272120986120,315,728917243,2025-10-21,Oahu Plumbing and Sheet Metal Ltd
ARXRIM0272121233102,285,697469463,2023-05-21,RM Towill
WAVUTH0272121089650,79,843913254,2025-10-22,Kazi Restaurants of Hawaii Inc Burger King
WGHHGB0272120564877,147,925383491,2025-10-16,Painters Local Union
GHCBJX0272120988580,138,774303530,2025-10-21,Foodland 2
GEEOKG0272121343622,157,581489720,2022-08-17,Foundations Hawaii, Inc.
ADIDQG0272121349395,167,488940255,2025-10-24,Kaiser Permanete - Travel Kacie
IJAOMQ0272121422579,147,427643053,2024-08-27,Honolulu Coffee Company
YGBYCE0272121092598,152,976544796,2019-05-09,A3 Electric LLC
MWLVBI0272120892783,147,638087844,2023-01-24,Interior Showplace 
MERXWA0272119621883,152,774303530,2025-10-07,Foodland 2
METFXI0272121338790,231,806855243,2025-10-24,Grace Pacific LLC
FOZSKQ0272121343374,277,688486956,2025-10-24,Cades Schutte LLP
AGVRSU0272121245495,171,619635435,2019-10-21,Otis Elevator
WDBGVY0272121220343,323,925473706,2025-10-23,Telecable Systems, Inc
AGVRSU0272121245494,171,619635435,2019-10-21,Otis Elevator
MWLVBI0272120892784,147,638087844,2023-01-24,Interior Showplace 
NRZDVX0272121009398,152,825631155,2023-07-07,Envision Networked Solutions
NRZDVX0272121009400,152,825631155,2023-07-07,Envision Networked Solutions
WCVMRZ0272121286397,152,765164444,2025-10-24,Beachside Roofing, LLC
GWHZIN0272121343061,248,902362285,2025-10-24,Grace Pacific LLC Shop Plants and Quarry
FRFWXC0272121350025,254,902362285,2025-10-24,Grace Pacific LLC Shop Plants and Quarry
AEUNVF0272121248008,319,746260432,2024-08-27,KIEWIT INFRASTRUCTURE WEST CO
FOVYEY0272121347432,140,833477875,2025-10-24,Kaiser Permanente - Patient - Travel 6 191082026
NLWVYO0272121500228,79,629695290,2025-10-26,Kamoku Contracting LLC
MIFRKU0272121352516,147,833477875,2021-12-29,Kaiser Permanente - Patient - Travel 6 191082026
GYFOQX0272121056736,333,719610916,2025-10-22,CO-HA Builders, Inc. dba Applied Surfacing Technology
FTYGRC0272119320894,138,774303530,2025-10-04,Foodland 2
AVJBGU0272121301130,259,581489720,2022-08-01,Foundations Hawaii, Inc.
LJTFFM0272121109225,222,733122854,2019-12-14,Alaka'i Mechanical Corporation
DIRRSZ0272120957661,180,580266562,2024-08-07,Pauls Electrical
WBMQGH0272121214977,249,465050191,2025-10-23,United Public Workers
WBQWLR0272121239395,147,861951296,2021-11-09,Associa Hawaii
QUHPJG0272119731673,189,998598215,2025-07-27,Epic Ohana Conferencing
EGDACV0272120613941,490,26562023,2019-08-20,NORTON SOUND HEALTH CORPOR
WLUGKW0272120991004,249,811362241,2025-10-21,Modivcare
WLUGKW0272120991005,249,811362241,2025-10-21,Modivcare
WLCFIJ0272120988739,315,935318720,2019-02-09,KS Kaipuwaiola 99
WCREFP0272121235715,140,833477875,2025-10-23,Kaiser Permanente - Patient - Travel 6 191082026
QFZKFI0272121331347,138,400409741,2025-10-17,Charter Communications
QDQICA0272121093748,249,744685104,2021-02-08,TST SERVICES INC. DBA SENETICS
NQENHX0272121098633,244,559592574,2024-02-18,Pacific Commercial Services, Inc.
KNYRAR0272121245500,142,510318211,2019-08-10,SOH-Department of Health
WAHKWS0272121220339,175,427553475,2021-09-23,Maryl Group Construction Inc 1
ODMQDA0272118763122,127,920868314,2025-09-29,Kaiser Permanente
IHCKLA0272121104147,180,916539105,2022-10-20,I Ola Lahui Inc.
WUFZOB0272121195980,138,619635435,2025-10-16,Otis Elevator
LJMSIO0272121100351,340,425865462,2025-10-22,BEK, Inc.
NNPGFT0272121101061,340,425865462,2025-05-31,BEK, Inc.
NNPGFT0272121101066,340,425865462,2025-05-31,BEK, Inc.
HMKHBA0272120998671,244,728917243,2025-10-21,Oahu Plumbing and Sheet Metal Ltd
SFSRAZ0272120904704,217,539236681,2024-01-31,Infinity Electric Dean S H Pak Inc dba
YGEYHV0272121100323,272,425865462,2019-05-25,BEK, Inc.
NQENHX0272121098632,244,559592574,2024-02-18,Pacific Commercial Services, Inc.
NNPGFT0272121101065,340,425865462,2025-05-31,BEK, Inc.
HMKHBA0272120998670,244,728917243,2025-10-21,Oahu Plumbing and Sheet Metal Ltd
URBIMB0272121550951,134,754404921,2025-10-10,Pacific Pipe Company Inc
JWOTVC0272121582703,152,943746694,2025-10-24,Title Guaranty of Hawaii
KSLYSI0272121501872,180,775517794,2025-10-26,Acutron, LLC
WBQWLR0272121239396,147,861951296,2021-11-09,Associa Hawaii
QOCNFG0272120885205,171,568649141,2025-10-20,Nordic PCL Construction-Execs
NRHAXW0272121094462,175,501989176,2025-02-27,Sterling Project Development
FUJDXG0272119613409,129,603523852,2025-10-07,Swinerton
SKBOMU0272121362006,194,811362241,2025-10-24,Modivcare
GZSXQZ0272121338765,175,603059015,2025-10-24,Honolulu Theatre for Youth
OTGRIQ0272121371285,189,795899344,2025-10-25,MH ELECTRIC CONSTRUCTION INC
OTGRIQ0272121371284,189,795899344,2025-10-25,MH ELECTRIC CONSTRUCTION INC
SJHXIU0272121473646,175,950901195,2025-10-10,Word of Life Christian Center
CDZHXW0272121304283,259,847041506,2025-10-06,Jas W Glover Ltd
CUPTUL0272121095131,214,99638851,2025-10-22,MARILYN K GNAD CPA
DDOUPX0272121108561,305,466851943,2025-10-13,Commercial Shelving
HPAHFJ0272120202201,157,571828541,2019-07-30,Hawaii Life
WVWIJM0272121227911,106,995345993,2024-01-27,MM Medical Transport
WJAPAO0272120207027,248,568649141,2025-05-25,Nordic PCL Construction-Execs
DDOUPX0272121117705,305,466851943,2025-10-13,Commercial Shelving
MEFNXQ0272120560259,194,488940255,2023-07-16,Kaiser Permanete - Travel Kacie
LPTMDI0272119495924,171,441459384,2020-09-01,Partners in Development Foundation
MGCOIW0272120450661,203,948820375,2024-09-09,Group Builders Inc 
GVSNFX0272119836109,138,935318720,2025-10-09,KS Kaipuwaiola 99
LQZVWH0272118884983,350,923297093,2025-09-30,Educational Resource Designs Inc
MYRFJF0272120319581,227,578384391,2025-10-05,Halau Hula O Napunaheleonapua
YCPHEF0272117805335,277,77866552,2019-08-06,NORTHWEST ARCTIC BOROUGH
LOWPTV0272120633547,156,975158575,2020-11-04,SOH House of Representatives
EEJKLU0272119136972,129,894896763,2021-09-20,Community Case Management Corp
MGCOIW0272120450660,203,948820375,2024-09-09,Group Builders Inc 
JNIWFQ0272118206833,129,754404921,2020-02-29,Pacific Pipe Company Inc
FWTNRK0272118969062,194,134734110,2025-09-26,GOODFELLOW BROS., INC.
OMYPAC0272118774690,131,555906875,2023-10-29,KAISER TRAVEL-NORA
NCWPVJ0272118775218,138,694700996,2025-09-29,Bank of Hawaii 256
FBBXBZ0272118505970,122,402867916,2025-09-26,Kaiser Permanente - Patient - Main Travel Dept 191026830
EEJRTG0272118510691,122,555906875,2025-09-26,KAISER TRAVEL-NORA
CGQOMC0272118940261,129,448233892,2025-09-23,Dorvin D Leis Co Inc
GAOIEE0272118425289,166,961215415,2025-09-25,Hawthorne Pacific Corp.
DEUTUO0272117541510,115,660048336,2025-09-16,Kelleher, A Woodgrain Company
OPKKVK0272118996134,227,618163895,2023-09-06,M Nakai Repair Service Ltd
SQOVOC0272119228520,231,912689842,2020-08-29,Bowman Connectivity Solutions Inc
NKTRYZ0272119501368,102,957930293,2025-10-06,Kapili Roofing and Painting LLC
ESVIQF0272119601215,185,681608712,2025-10-04,Hawaii Petroleum Inc.
FGTGWJ0272119839157,116,492088376,2021-08-13,Kaiser Permanente - Continuing Care
EVFWGQ0272119760541,188,991053081,2020-01-08,Larson Talent
UUWBAY0272119945243,301,983793160,2025-09-29,Hawaii Heart Associates
LYHGIB0272119503470,203,484176254,2025-10-06,Coalition for a Tobacco Free Hawaii
NWEMQU0272119495161,369,723865203,2025-10-02,Tamura Enterprises, Inc.
JLMGHZ0272118511185,343,847041506,2025-09-26,Jas W Glover Ltd
FAXOTN0272119110194,327,458700351,2025-10-02,COMMERCIAL PLUMBING INC
FAXOTN0272119110195,327,458700351,2025-10-02,COMMERCIAL PLUMBING INC
FAXOTN0272119110196,327,458700351,2025-10-02,COMMERCIAL PLUMBING INC
FGZSIL0272119491904,315,847041506,2019-09-10,Jas W Glover Ltd
UYMYKT0272119009864,180,427553475,2020-09-19,Maryl Group Construction Inc 1
LXKTIE0272119495744,203,593575183,2025-10-06,Healthy Mothers Healthy Ba
KCGUIB0272119843363,174,694700996,2024-02-04,Bank of Hawaii 256
QKEDLC0272119548202,147,568649141,2025-10-01,Nordic PCL Construction-Execs
DDFONF0272119845865,81,537811875,2022-02-12,SOH DOE Kauai Complex Area 
FRGMDJ0272119129700,253,699250716,2021-10-30,Kua'aina Ulu ' Auamo
CHTUJC0272119408103,258,635737734,2019-05-02,Hawaii Veterinary Vision Care
NKAMUD0272119496358,315,567142866,2025-10-06,HAWAII LONGSHORE DIVISION
YEYGAP0272119009665,327,448233892,2024-03-12,Dorvin D Leis Co Inc
FAUFIF0272119906279,231,568649141,2025-08-01,Nordic PCL Construction-Execs
UUXLSO0272119945446,166,969698100,2025-10-10,Maui Kupono Builders, LLC
KFSJNL0272119079026,327,448233892,2019-09-23,Dorvin D Leis Co Inc
WBYJPE0272119735210,229,555906875,2025-05-12,KAISER TRAVEL-NORA
LTIWGD0272119742422,216,448233892,2020-01-24,Dorvin D Leis Co Inc
CHTUJC0272119408102,258,635737734,2019-05-02,Hawaii Veterinary Vision Care
FFZJRA0272119727733,116,950180221,2025-10-06,All Civil Process, Incorporated
DDZKBY0272119838665,272,909528410,2023-11-05,PACIFIC ISLANDS GROUP
LRTCAW0272119078396,315,847041506,2025-09-26,Jas W Glover Ltd
LUIPBD0272118969145,272,828956833,2025-10-01,Leeward Roofing and General Contracting
FHTKMR0272118515897,357,847041506,2025-09-26,Jas W Glover Ltd
FPMVNQ0272119851329,370,935318720,2025-10-09,KS Kaipuwaiola 99
NJRTSK0272119497399,164,683522092,2025-10-06,SOH DOT Highways
FTCWSX0272119806646,185,568649141,2025-10-01,Nordic PCL Construction-Execs
CHTUJC0272119408101,258,635737734,2019-05-02,Hawaii Veterinary Vision Care
YZLZJD0272119745913,162,555906875,2019-12-14,KAISER TRAVEL-NORA
UJEZGP0272118780965,272,474106286,2025-09-29,Seven Eleven
NKTRYZ0272119501369,102,957930293,2025-10-06,Kapili Roofing and Painting LLC
AHVZLG0272119741357,180,506561090,2023-02-21,Creative Designs Hawaii (formerly Billabong Jrs)
CUQNGE0272119237440,165,528355656,2025-10-03,SOH Executive Office of Governor Operations
UAULLT0272119878758,3155,405045373,2025-10-07,Hula Halau O Kamuela
UVKWUG0272119741595,174,716673635,2025-08-14,Blasting Technology Inc.
OLXWKH0272118763027,171,555906875,2024-05-29,KAISER TRAVEL-NORA
OLXWKH0272118763028,171,555906875,2024-05-29,KAISER TRAVEL-NORA
KIYRNC0272119129143,102,400409741,2025-10-01,Charter Communications
INHSIM0272118425632,217,458700351,2020-06-10,COMMERCIAL PLUMBING INC
IXFGBI0272118519570,231,719311600,2025-09-26,Castle Resorts & Hotels
UYWLHB0272119007270,179,555906875,2025-10-01,KAISER TRAVEL-NORA
GLNAHV0272119012908,273,447689546,2025-10-01,JC Trucking LLC
OKHHJY0272119223408,333,635608746,2025-09-29,SOH West Hawaii SBBH
FUEYBJ0272118728821,147,552884150,2025-01-21,UH Hawaii CC Vice Chancellor of Academic Affairs
SSXYIW0272119219822,156,883317562,2020-09-25,Polynesian Adventure Activities, LLC
LQLOMN0272118889429,83,745093856,2025-09-30,Altres
LYGCJD0272119223185,170,810918452,2025-09-30,Prince Resorts Hawaii
KXRQSE0272118779550,272,602252044,2025-09-29,Y Hata and Company, Limited
FYJEXP0272118209972,231,834538832,2025-09-23,Starr and Company Inc
NLDSKA0272118976373,299,811362241,2025-09-30,Modivcare
GLLKRL0272119224135,281,789078032,2025-10-01,HPH Human Resources
CYENJJ0272119068534,161,454675454,2025-09-23,Kaiser Permanente - Hawaii Permanente Medical Group 191017482
JJTGPW0272118508726,203,406964644,2025-09-26,Hawaii Energy Systems
EWNQDN0272118596958,144,953587445,2024-05-30,Daddy O's LLC
EWNQDN0272118596956,144,953587445,2024-05-30,Daddy O's LLC
JMSXYG0272119136547,120,833477875,2025-10-02,Kaiser Permanente - Patient - Travel 6 191082026
QFHSOH0272119220560,175,424150510,2025-10-02,Steves Plumbing & AC Service
MQGLZG0272119140305,262,745093856,2025-10-02,Altres
IAUYEC0272119132614,256,833477875,2023-04-25,Kaiser Permanente - Patient - Travel 6 191082026
WJCGMT0272119201666,257,902362285,2025-09-26,Grace Pacific LLC Shop Plants and Quarry
YUFOZR0272118312331,287,448233892,2019-06-21,Dorvin D Leis Co Inc
JXVZYD0272119133196,211,545564880,2022-07-18,MCCABE HAMILTON & RENNY
YCKVTG0272119232201,257,568649141,2022-04-07,Nordic PCL Construction-Execs
JXVZYD0272119133197,211,545564880,2022-07-18,MCCABE HAMILTON & RENNY
OLSWLG0272118761621,120,833477875,2023-11-28,Kaiser Permanente - Patient - Travel 6 191082026
IAUYEC0272119132615,256,833477875,2023-04-25,Kaiser Permanente - Patient - Travel 6 191082026
WJCGMT0272119200159,257,902362285,2025-09-26,Grace Pacific LLC Shop Plants and Quarry
WFILPZ0272118195010,161,854523261,2020-10-21,Affiliated Construction
UKXEHL0272118198894,157,854523261,2022-02-08,Affiliated Construction
DVFNKP0272118764464,203,406964644,2025-09-29,Hawaii Energy Systems
WFILPZ0272118195008,161,854523261,2020-10-21,Affiliated Construction
NPZIBB0272118482731,236,458700351,2025-09-24,COMMERCIAL PLUMBING INC
FDHEGQ0272118506333,230,806855243,2022-11-03,Grace Pacific LLC
OZZVJA0272119236262,165,902362285,2025-10-03,Grace Pacific LLC Shop Plants and Quarry
FBVEFD0272118514971,343,847041506,2022-05-13,Jas W Glover Ltd
KACXUN0272119236734,226,607958492,2025-10-03,Island Flooring
MFYPWN0272119002045,659,34000536,2023-03-01,PEAK OILFIELD SERVICE COMP
HLQJHF0272120729047,174,491156912,2019-06-10,Aloha Sunshine Tours LLC
UTVKJF0272119145180,134,813862420,2022-02-09,Accuity LLP
MOIGOM0272120307669,152,780880343,2025-10-14,WE Painting Inc
FMRZJN0272120593690,383,700974853,2025-10-17,SIMMONS STEEL CORPORATION
GNWOLP0272120463398,277,405176376,2025-10-15,Seal Masters of Hawaii
KLSJNF0272120849371,432,114522321,2019-12-11,SE ALASKA REGIONAL HEALTH
MQVFLB0272120031065,313,506561090,2025-10-11,Creative Designs Hawaii (formerly Billabong Jrs)
DVFNRT0272121243012,216,847856321,2025-10-23,Kaiser Permanente - Patient - Travel II 191068086
KRKAYJ0272121067408,257,414560661,2025-10-20,In Line Flooring LLC
KRKAYJ0272121067401,257,414560661,2025-10-20,In Line Flooring LLC
CVJFSG0272120628006,156,862157940,2025-10-03,UH GEAR UP HAWAII
YWIOPL0272121001586,180,709479186,2025-10-01,BF Tile Inc
LXKGBB0272121318856,116,982547554,2024-07-19,Environmental Science International
KMVRRT0272119955937,203,512577870,2023-10-21,Hawaiian Telcom Inc Legal
IYLQZA0272119139634,245,685000105,2025-10-02,UH Hilo Conference Center
MVJVAB0272119845140,171,833477875,2023-11-19,Kaiser Permanente - Patient - Travel 6 191082026
OWORGY0272119851109,329,568053570,2025-10-09,James Ishii General Contracting Inc
KFVYFY0272119677401,194,882158546,2024-02-24,SAUSE HABILL
IPEYSP0272119627439,229,488940255,2025-10-07,Kaiser Permanete - Travel Kacie
KKBWXM0272119841785,211,545564880,2025-10-09,MCCABE HAMILTON & RENNY
DXICVT0272119223991,217,806855243,2025-10-01,Grace Pacific LLC
JQFEAW0272118208504,145,454675454,2025-09-23,Kaiser Permanente - Hawaii Permanente Medical Group 191017482
HWGDBT0272119960508,120,811362241,2025-10-10,Modivcare
YBEHCZ0272119004481,166,757577273,2020-01-07,Kanuikapono Public Charter School
ICTICO0272119837772,217,948820375,2020-05-13,Group Builders Inc 
FLGZPO0272119845103,287,535215925,2025-10-09,Central Pacific Bank
WIZNIY0272119745937,273,928547594,2025-10-08,Transdev Health Solutions
LRHSSP0272118895212,350,997233355,2025-09-30,HEMIC Admin
KDIVFG0272119233665,259,920970400,2021-08-06,Tony Hawaii Automotive Group, Ltd. dba Tony Group
MIGNQA0272119613691,162,833477875,2019-11-26,Kaiser Permanente - Patient - Travel 6 191082026
UULSTY0272119449962,415,92514240,2025-10-06,SEALASKA TIMBER CORPORATIO
AEQMYB0272119747308,116,917223392,2020-10-15,Hawaiian Lifeguard Association
YDRAXS0272119011533,152,569605794,2025-10-01,Bowers and Kubota Consulting
OBUKOL0272118762868,143,595575750,2025-09-29,EnviroServices and Training Center LLC
IRBOYE0272119620892,180,989658806,2025-10-07,Mechanical Enterprises Inc
SYWZIG0272119639736,333,440340876,2025-10-07,HTBYB Direct Bill
UFGXXB0272119235008,145,847856321,2020-02-10,Kaiser Permanente - Patient - Travel II 191068086
AZOOAR0272118754017,236,668241324,2025-09-29,Layton Construction
OVPAUT0272118904063,194,833477875,2025-09-30,Kaiser Permanente - Patient - Travel 6 191082026
OJOPIN0272118760802,180,733122854,2025-09-29,Alaka'i Mechanical Corporation
UBDUIG0272119022472,79,562068080,2023-03-20,Jason M Laird, MD, LLC
AUTOVL0272119010106,258,810160330,2025-10-01,Hawaii Stevedores Inc Dispatch I
DRAWKW0272119007713,258,810160330,2025-10-01,Hawaii Stevedores Inc Dispatch I
MSJGAE0272118200011,171,448233892,2025-01-10,Dorvin D Leis Co Inc
AWNVAG0272118756878,217,896997371,2025-09-29,Hawaiian Dredging Construction Co HEAVY
KVGYZF0272119053931,254,952344293,2025-09-30,Hawaii Police Department
OAFKCO0272118760256,203,774303530,2025-09-29,Foodland 2
YCFJZF0272119008744,226,545564880,2025-10-01,MCCABE HAMILTON & RENNY
OKROJS0272118757731,120,833477875,2025-09-29,Kaiser Permanente - Patient - Travel 6 191082026
GLYCGG0272119010262,236,982306592,2025-10-01,Gordon Mechanical LLC
MLVGOP0272118751965,249,896997371,2022-11-06,Hawaiian Dredging Construction Co HEAVY
YGKTWQ0272119008893,165,432342433,2023-03-26,HARRIS REBAR SOUTH PACIFIC
KWVVTZ0272118760504,147,935572142,2025-09-29,Waltz Engineering Inc
ASXSET0272118417383,152,400409741,2025-09-25,Charter Communications
DQYLMZ0272119003817,157,425865462,2021-08-19,BEK, Inc.
EMYDUC0272118906818,193,512577870,2024-01-01,Hawaiian Telcom Inc Legal
WDSESN0272118887016,149,402867916,2025-09-30,Kaiser Permanente - Patient - Main Travel Dept 191026830
JDMJNV0272118964398,153,402867916,2022-10-01,Kaiser Permanente - Patient - Main Travel Dept 191026830
EXAMAC0272118898608,245,833477875,2019-04-10,Kaiser Permanente - Patient - Travel 6 191082026
EACKKO0272119067546,213,402867916,2025-09-30,Kaiser Permanente - Patient - Main Travel Dept 191026830
UYRPAO0272119005763,161,628576535,2025-10-01,Pacific Concrete Cutting & Coring, Inc
GJVNTT0272119001491,157,909528410,2025-10-01,PACIFIC ISLANDS GROUP
DGDIYK0272119037573,184,847856321,2025-09-30,Kaiser Permanente - Patient - Travel II 191068086
OJGBGW0272118769933,147,402867916,2025-08-11,Kaiser Permanente - Patient - Main Travel Dept 191026830
GLNAHV0272119012909,273,447689546,2025-10-01,JC Trucking LLC
OJGBGW0272118769932,147,402867916,2025-08-11,Kaiser Permanente - Patient - Main Travel Dept 191026830
YBYGVK0272118999893,175,569022930,2020-08-03,Paakai Communications
MSMOLC0272119015447,166,850779705,2025-05-04,Henkels and McCoy Inc
UCMNZC0272119023095,175,953223191,2025-10-01,HIFINEST INC
WSIOQE0272118588600,79,829429414,2025-09-27,Hawaii Honolulu Mission
KWGZPE0272118773792,70,402867916,2025-09-29,Kaiser Permanente - Patient - Main Travel Dept 191026830
WBGAHV0272118588842,74,829429414,2025-09-27,Hawaii Honolulu Mission
AGBCMK0272118590365,74,829429414,2025-09-27,Hawaii Honolulu Mission
WBFVHT0272118590561,74,829429414,2025-09-27,Hawaii Honolulu Mission
WBFVHT0272118590562,74,829429414,2025-09-27,Hawaii Honolulu Mission
GISFYN0272119002769,188,843913254,2025-10-01,Kazi Restaurants of Hawaii Inc Burger King
NKKYAN0272118585544,74,829429414,2025-09-27,Hawaii Honolulu Mission
NKKYAN0272118585543,74,829429414,2025-09-27,Hawaii Honolulu Mission
NKKYAN0272118585547,74,829429414,2025-09-27,Hawaii Honolulu Mission
WBFVHT0272118590563,74,829429414,2025-09-27,Hawaii Honolulu Mission
AUTOVL0272119010105,258,810160330,2025-10-01,Hawaii Stevedores Inc Dispatch I
YCFJZF0272119008745,226,545564880,2025-10-01,MCCABE HAMILTON & RENNY
IWSZXQ0272118519671,175,488940255,2025-09-26,Kaiser Permanete - Travel Kacie
DRAWKW0272119007714,258,810160330,2025-10-01,Hawaii Stevedores Inc Dispatch I
IWSZXQ0272118519670,175,488940255,2025-09-26,Kaiser Permanete - Travel Kacie
WSIOQE0272118588598,79,829429414,2025-09-27,Hawaii Honolulu Mission
WSBKMP0272118586874,74,829429414,2025-09-27,Hawaii Honolulu Mission
AGGQGY0272118583397,74,829429414,2025-09-27,Hawaii Honolulu Mission
FFMZKF0272119037643,79,902362285,2019-05-09,Grace Pacific LLC Shop Plants and Quarry
LWKVRD0272118590124,74,829429414,2019-12-05,Hawaii Honolulu Mission
YUNOFC0272120524173,180,448233892,2022-03-25,Dorvin D Leis Co Inc
HJTYPS0272120439160,74,119536841,2025-10-15,DHR CONSTRUCTION
HJTYPS0272120439161,74,119536841,2025-10-15,DHR CONSTRUCTION
HJTYPS0272120439164,74,119536841,2025-10-15,DHR CONSTRUCTION
DFGDCT0272120656372,79,816421955,2024-10-14,SOH DOE Waiakea High School
DIKXJC0272120648720,79,843913254,2024-04-22,Kazi Restaurants of Hawaii Inc Burger King
GGOBSH0272120713674,175,627199635,2025-10-18,Kaiser Permanente - Patient - Travel 5 191078486 1
AXYZMF0272120204110,157,992455030,2024-06-29,Meadow Gold Dairies Hawaii
HDYEQK0272117550793,171,854971644,2022-10-06,Hawaii Credit Union League
CLAJOK0272119727414,230,682049480,2023-11-13,Hawaiian Cement
UMUARC0272120309475,147,625784633,2025-10-14,Statewide Office on Homelessness and Housing Solutions
KOEOFZ0272120650437,79,843913254,2025-10-17,Kazi Restaurants of Hawaii Inc Burger King
LMRSIJ0272120552415,236,928547594,2019-03-12,Transdev Health Solutions
OSWNOA0272118900518,309,536909332,2025-09-30,Hawaii Organ Procurement Organization
DKZBOR0272118656675,175,878672771,2023-12-29,Hawaiian Dredging Construction Company, Inc.
OMIUID0272118759940,166,961215415,2025-05-06,Hawthorne Pacific Corp.
IQZLNB0272118426719,158,488940255,2023-03-23,Kaiser Permanete - Travel Kacie
IQYYIW0272118426147,216,488940255,2025-09-25,Kaiser Permanete - Travel Kacie
OVQOEU0272118903684,138,545564880,2024-07-29,MCCABE HAMILTON & RENNY
AXVWAV0272118748338,213,811362241,2024-06-17,Modivcare
UOKEZK0272118767709,216,833477875,2025-09-29,Kaiser Permanente - Patient - Travel 6 191082026
WWOXTM0272118952325,310,283698682,2025-10-01,GLOBAL DIVING AND SALVAGE,
YRXCDH0272117753730,905,94174706,2025-09-18,HGI MARK KEELER
ODMZYH0272118769753,138,478726275,2025-09-29,Kaiser Permanente 
FBBXBZ0272118505969,122,402867916,2025-09-26,Kaiser Permanente - Patient - Main Travel Dept 191026830
AFHYJN0272118892278,131,402867916,2023-05-31,Kaiser Permanente - Patient - Main Travel Dept 191026830
UQLTFB0272118772057,180,459685284,2025-06-01,Werner Financial Services, LLC
KXBUJE0272118773641,171,642975524,2025-09-29,Network Cabling Unlimited LLC
WGLLMK0272118419849,180,459685284,2021-04-23,Werner Financial Services, LLC
AOCTNG0272118657794,122,488940255,2022-10-27,Kaiser Permanete - Travel Kacie
LXCEKB0272118880975,217,810160330,2025-09-30,Hawaii Stevedores Inc Dispatch I
FAHGWY0272118516348,271,607958492,2024-03-04,Island Flooring
GLSNEM0272119002927,147,727450102,2020-08-24,Young Brothers
EPYFYS0272118707829,171,668241324,2025-09-29,Layton Construction
YNOVYA0272121514488,157,903235933,2020-03-19,Roman Catholic Church in the State of Hawaii
OZWKGL0272121349101,167,833477875,2019-02-11,Kaiser Permanente - Patient - Travel 6 191082026
WCIRDI0272121220100,227,125945665,2025-10-23,ALASKA DEMOLITION LLC
ABJVYC0272121348645,147,928547594,2025-10-24,Transdev Health Solutions
GROXVD0272120511313,264,122404030,2022-08-17,RAIN PROOF ROOFING
CASVJE0272121584534,203,756868954,2025-10-23,Pacific Security Integrations
SPVJSJ0272119237922,167,833477875,2025-10-03,Kaiser Permanente - Patient - Travel 6 191082026
NWOHLE0272121565635,157,669163250,2019-05-15,Surf Line Hawaii Ltd dba Jams World
MHQVGK0272121353164,140,833477875,2025-10-24,Kaiser Permanente - Patient - Travel 6 191082026
GATYUZ0272120608843,138,961080610,2019-06-23,Mauna Kea Resort - Executive Office
GEEEGR0272121584218,236,969698100,2025-10-24,Maui Kupono Builders, LLC
NVZFJF0272118515057,138,649517120,2023-10-09,HSTA Negotiations
UIDLAT0272119235536,240,801268392,2025-08-01,SOH DOE Kauai High School
UIDLAT0272119235538,240,801268392,2025-08-01,SOH DOE Kauai High School
UIDLAT0272119235540,240,801268392,2025-08-01,SOH DOE Kauai High School
UIDLAT0272119235541,240,801268392,2025-08-01,SOH DOE Kauai High School
LYEPHG0272119499241,249,577620584,2021-02-09,Liliuokalani Trust
OFCZKG0272120214228,217,427959556,2025-10-13,GP Roadway Solutions Inc
OXVUVX0272119847395,203,484018776,2024-03-13,G70
HSFAFG0272120310142,203,806141501,2025-10-14,District Council 50 - Joint Apprenticeship and Training Fund
OFCZKG0272120214230,217,427959556,2025-10-13,GP Roadway Solutions Inc
NXVSVJ0272120310647,175,784976264,2025-10-14,Roeca Luria Shin LLP
CNEBEE0272120642551,333,440340876,2025-10-17,HTBYB Direct Bill
OPCNBN0272120040164,357,122484821,2025-10-11,GEOTEK ALASKA, INC.