RecordLocator,RecordId,Name,Description,BookingDate,Reason,TicketNumber
QLMUEF,N/A,Passenger Record 1,"Record from 10/16/2025, 12:09:32.942 AM",2025-08-21T00:00:00.0000000Z,Non-AFB customer,0272115158216
FJRLQG,N/A,Passenger Record 2,"Record from 10/16/2025, 4:11:32.391 AM",2025-10-09T23:07:55.0000000Z,Non-AFB customer,0272119855191
NWGGIV,N/A,Passenger Record 6,"Record from 10/14/2025, 3:40:48.853 AM",2025-07-14T00:00:00.0000000Z,Non-AFB customer,0277300302392
DMCYLI,N/A,Passenger Record 7,"Record from 10/14/2025, 3:32:12.167 AM",2025-08-26T00:00:00.0000000Z,Non-AFB customer,0272115602953
DDTZYP,N/A,Passenger Record 11,"Record from 10/15/2025, 4:14:11.288 AM",2025-10-13T07:27:15.0000000Z,Non-AFB customer,0272120137879
MKHOUV,N/A,Passenger Record 12,"Record from 10/27/2025, 4:18:43.259 AM",2025-09-26T00:00:00.0000000Z,Non-AFB customer,8812478806976
HGEXLB,N/A,Passenger Record 14,"Record from 10/26/2025, 1:02:54.711 AM",2025-10-01T00:00:00.0000000Z,Non-AFB customer,2972784152426
YLOYCO,N/A,Passenger Record 15,"Record from 10/26/2025, 12:49:09.998 AM",2025-10-19T00:00:00.0000000Z,Non-AFB customer,0272120777302
GFKKUR,N/A,Passenger Record 18,"Record from 10/26/2025, 3:01:00.954 AM",2025-10-22T00:00:00.0000000Z,Non-AFB customer,0277342297514
SLTHFS,N/A,Passenger Record 22,"Record from 10/26/2025, 12:43:50.509 AM",2025-10-24T00:00:00.0000000Z,Non-AFB customer,0272121349562
DSZZCQ,N/A,Passenger Record 23,"Record from 10/26/2025, 3:02:40.892 AM",2025-10-17T00:00:00.0000000Z,Non-AFB customer,0272120645006
NSRYLI,N/A,Passenger Record 24,"Record from 10/25/2025, 11:04:20.509 PM",2025-10-24T00:00:00.0000000Z,Non-AFB customer,0272121282116
QKDXDQ,N/A,Passenger Record 33,"Record from 10/25/2025, 10:45:09.083 PM",2025-04-27T00:00:00.0000000Z,Non-AFB customer,0276374674322
OZGRXC,N/A,Passenger Record 34,"Record from 10/25/2025, 10:54:18.519 PM",2025-10-13T00:00:00.0000000Z,Non-AFB customer,0272120164448
FPHYQD,N/A,Passenger Record 35,"Record from 10/25/2025, 10:58:30.690 PM",2025-05-25T00:00:00.0000000Z,Non-AFB customer,1732805887365
OQBVVQ,N/A,Passenger Record 41,"Record from 10/24/2025, 8:55:39.352 AM",2025-08-21T00:00:00.0000000Z,Non-AFB customer,0272115169619
WFOQVJ,N/A,Passenger Record 43,"Record from 10/25/2025, 4:20:18.608 AM",2025-10-14T10:00:23.0000000Z,Non-AFB customer,1897380308510
QMDOGN,N/A,Passenger Record 46,"Record from 10/25/2025, 4:37:54.996 AM",2025-09-02T20:32:57.0000000Z,Non-AFB customer,0272116187413
DVHGJR,N/A,Passenger Record 47,"Record from 10/24/2025, 6:27:47.824 AM",2025-10-16T00:00:00.0000000Z,Non-AFB customer,0272120528286
HCKLCG,N/A,Passenger Record 48,"Record from 10/24/2025, 6:28:03.284 AM",2025-09-02T00:00:00.0000000Z,Non-AFB customer,0272116197974
HUKGRB,N/A,Passenger Record 58,"Record from 10/24/2025, 8:10:10.858 PM",2025-09-13T00:00:00.0000000Z,Non-AFB customer,0277311160745
EQTTBJ,N/A,Passenger Record 59,"Record from 10/25/2025, 12:13:37.783 AM",2025-07-03T00:00:00.0000000Z,Non-AFB customer,0272110460117
MTTQSE,N/A,Passenger Record 60,"Record from 10/24/2025, 8:24:39.520 PM",10/24/2025 12:00:00 AM,Non-AFB customer,N/A
OHFJXM,N/A,Passenger Record 63,"Record from 10/24/2025, 8:25:23.033 PM",2025-10-22T00:00:00.0000000Z,Non-AFB customer,0277342527873
WFKBCV,N/A,Passenger Record 64,"Record from 10/24/2025, 8:08:06.538 PM",2025-10-20T00:00:00.0000000Z,Non-AFB customer,0277341505921
EYVWWG,N/A,Passenger Record 65,"Record from 10/24/2025, 8:36:53.014 PM",2025-10-19T00:00:00.0000000Z,Non-AFB customer,0272120779546
HVYEZA,N/A,Passenger Record 69,"Record from 10/26/2025, 4:35:01.146 AM",2025-09-07T20:16:57.0000000Z,Non-AFB customer,1737375383003
KMWRXL,N/A,Passenger Record 71,"Record from 10/24/2025, 9:50:01.202 PM",2025-09-03T00:00:00.0000000Z,Non-AFB customer,0272116212307
CEKXNP,N/A,Passenger Record 73,"Record from 10/26/2025, 4:25:38.049 AM",2025-08-06T21:36:13.0000000Z,Non-AFB customer,0277280037150
WGGLBW,N/A,Passenger Record 74,"Record from 10/24/2025, 8:45:08.737 PM",2025-09-23T00:00:00.0000000Z,Non-AFB customer,0272118191883
LIUBGB,N/A,Passenger Record 77,"Record from 10/21/2025, 3:30:33.248 AM",2025-10-20T00:00:00.0000000Z,Non-AFB customer,0272120827183
EPENZL,N/A,Passenger Record 79,"Record from 10/21/2025, 3:40:39.190 AM",2025-09-16T14:02:48.0000000Z,Non-AFB customer,0272117510931
YGKKUI,N/A,Passenger Record 85,"Record from 10/21/2025, 9:58:47.050 AM",2025-06-09T00:00:00.0000000Z,Non-AFB customer,1733590678592
QBJUBN,N/A,Passenger Record 87,"Record from 10/22/2025, 4:11:14.560 AM",2025-10-08T02:02:02.0000000Z,Non-AFB customer,0277338948806
QTDXIW,N/A,Passenger Record 88,"Record from 10/21/2025, 8:07:09.575 AM",2025-10-05T00:00:00.0000000Z,Non-AFB customer,0272119347713
UPPDOT,N/A,Passenger Record 89,"Record from 10/22/2025, 4:16:15.574 AM",2025-10-14T08:52:41.0000000Z,Non-AFB customer,0272120244283
JICCPJ,N/A,Passenger Record 92,"Record from 10/21/2025, 7:31:11.461 AM",2025-08-18T00:00:00.0000000Z,Non-AFB customer,0272114896995
AXYGUB,N/A,Passenger Record 93,"Record from 10/21/2025, 7:25:27.278 AM",2025-10-19T00:00:00.0000000Z,Non-AFB customer,0272120810207
ERDTGP,N/A,Passenger Record 100,"Record from 10/21/2025, 3:38:15.453 AM",2025-08-25T00:00:00.0000000Z,Non-AFB customer,0272115448751
NDIWST,N/A,Passenger Record 104,"Record from 10/21/2025, 7:06:41.437 AM",2025-10-17T00:00:00.0000000Z,Non-AFB customer,0272120582877
AUJVZO,N/A,Passenger Record 107,"Record from 10/20/2025, 10:08:01.434 PM",2025-10-17T00:00:00.0000000Z,Non-AFB customer,0272120627857
QHGLEK,N/A,Passenger Record 110,"Record from 10/5/2025, 12:19:03.678 AM",2025-08-27T00:00:00.0000000Z,Non-AFB customer,0272115709206
DGRFXK,N/A,Passenger Record 111,"Record from 10/5/2025, 12:55:09.073 AM",2025-09-27T00:00:00.0000000Z,Non-AFB customer,0272118538763
STEQOO,N/A,Passenger Record 112,"Record from 10/5/2025, 1:33:17.845 AM",2025-08-06T00:00:00.0000000Z,Non-AFB customer,0272113774548
SOTVSE,N/A,Passenger Record 113,"Record from 10/5/2025, 1:33:01.085 AM",2025-07-06T00:00:00.0000000Z,Non-AFB customer,0272110629779
FKTLQK,N/A,Passenger Record 114,"Record from 10/5/2025, 12:35:26.861 AM",2025-10-01T00:00:00.0000000Z,Non-AFB customer,0272118918525
OEMAQZ,N/A,Passenger Record 115,"Record from 10/5/2025, 2:04:41.611 AM",2025-09-01T00:00:00.0000000Z,Non-AFB customer,0272116089284
GTDVZW,N/A,Passenger Record 117,"Record from 10/4/2025, 9:07:01.775 PM",2025-07-08T00:00:00.0000000Z,Non-AFB customer,0272110878304
ITAGJY,N/A,Passenger Record 118,"Record from 10/4/2025, 9:19:06.883 PM",2025-08-28T00:00:00.0000000Z,Non-AFB customer,0272115760262
GXLVOI,N/A,Passenger Record 121,"Record from 10/6/2025, 1:36:00.576 AM",2025-10-03T00:00:00.0000000Z,Non-AFB customer,0277335713107
CLKLPQ,N/A,Passenger Record 122,"Record from 10/6/2025, 1:34:17.444 AM",2025-09-26T00:00:00.0000000Z,Non-AFB customer,0272118444752
NZHDMU,N/A,Passenger Record 123,"Record from 10/5/2025, 5:21:33.575 AM",2025-05-07T00:00:00.0000000Z,Non-AFB customer,1732313261952
DBWQMS,N/A,Passenger Record 124,"Record from 10/5/2025, 5:11:47.102 PM",2025-09-04T00:00:00.0000000Z,Non-AFB customer,0272116335049
JTBDGK,N/A,Passenger Record 125,"Record from 10/6/2025, 2:20:37.685 AM",2025-10-04T00:00:00.0000000Z,Non-AFB customer,0272119283314
MMYKJJ,N/A,Passenger Record 127,"Record from 10/6/2025, 4:04:17.985 AM",2025-09-18T02:38:51.0000000Z,Non-AFB customer,0272117697627
OIFTTG,N/A,Passenger Record 129,"Record from 10/7/2025, 4:14:44.254 AM",2025-08-07T21:41:59.0000000Z,Non-AFB customer,0272113888715
YYFPEF,N/A,Passenger Record 133,"Record from 10/12/2025, 4:37:17.180 PM",2025-09-17T00:00:00.0000000Z,Non-AFB customer,0272117619867
UPMNCP,N/A,Passenger Record 134,"Record from 10/9/2025, 4:58:11.124 PM",2025-09-01T00:00:00.0000000Z,Non-AFB customer,0272116064208
AQPDEJ,N/A,Passenger Record 135,"Record from 10/13/2025, 4:30:56.939 AM",2025-10-01T00:00:00.0000000Z,Non-AFB customer,0277337333753
KWMBLU,N/A,Passenger Record 136,"Record from 10/11/2025, 4:10:42.151 AM",2025-10-05T23:57:59.0000000Z,Non-AFB customer,0272119416106
FCRYAL,N/A,Passenger Record 138,"Record from 10/9/2025, 6:51:05.305 PM",2025-10-08T00:00:00.0000000Z,Non-AFB customer,0272119658772
ALGVAG,N/A,Passenger Record 139,"Record from 10/11/2025, 4:34:41.229 AM",2025-01-26T07:49:53.0000000Z,Non-AFB customer,0272394985232
FUEMCB,N/A,Passenger Record 140,"Record from 10/10/2025, 5:24:10.377 PM",2025-08-26T00:00:00.0000000Z,Non-AFB customer,0277327033696
AGYVAO,N/A,Passenger Record 141,"Record from 10/12/2025, 4:41:02.727 PM",2025-05-29T00:00:00.0000000Z,Non-AFB customer,0272107042895
CGCWWH,N/A,Passenger Record 142,"Record from 10/9/2025, 8:24:18.371 PM",2025-07-12T00:00:00.0000000Z,Non-AFB customer,0272111205104
NGILQR,N/A,Passenger Record 143,"Record from 10/10/2025, 4:34:58.339 AM",2025-08-23T16:49:09.0000000Z,Non-AFB customer,0272115334658
SWTTYQ,N/A,Passenger Record 144,"Record from 10/10/2025, 5:13:41.087 PM",2025-08-05T00:00:00.0000000Z,Non-AFB customer,0277370805487
OARQBD,N/A,Passenger Record 146,"Record from 10/19/2025, 7:58:06.715 PM",2025-08-06T00:00:00.0000000Z,Non-AFB customer,0272113653961
ORSQHA,N/A,Passenger Record 147,"Record from 10/19/2025, 9:44:38.360 PM",2025-09-30T00:00:00.0000000Z,Non-AFB customer,0277336957217
MUUIXG,N/A,Passenger Record 148,"Record from 10/19/2025, 7:59:08.493 PM",2025-06-10T00:00:00.0000000Z,Non-AFB customer,0272108116884
UOPJCF,N/A,Passenger Record 149,"Record from 10/19/2025, 9:44:16.688 PM",2025-08-28T00:00:00.0000000Z,Non-AFB customer,0272115806412
OMXIKG,N/A,Passenger Record 150,"Record from 10/21/2025, 4:14:46.006 AM",2025-09-16T10:33:03.0000000Z,Non-AFB customer,0277333472081
EKMGER,N/A,Passenger Record 151,"Record from 10/20/2025, 4:40:19.894 AM",2025-10-03T00:00:00.0000000Z,Non-AFB customer,0272119190461
YVMKHP,N/A,Passenger Record 152,"Record from 10/20/2025, 6:29:41.318 PM",2025-10-19T00:00:00.0000000Z,Non-AFB customer,0272120731700
LNAJYT,N/A,Passenger Record 153,"Record from 10/20/2025, 4:46:19.718 AM",2025-08-10T00:00:00.0000000Z,Non-AFB customer,0272114154568
YQRMTO,N/A,Passenger Record 154,"Record from 10/20/2025, 5:14:01.796 AM",2025-09-01T00:00:00.0000000Z,Non-AFB customer,0272116037852
HHRTQC,N/A,Passenger Record 157,"Record from 10/20/2025, 10:24:07.578 PM",2025-10-20T00:00:00.0000000Z,Non-AFB customer,0272120852339
LLATLP,N/A,Passenger Record 161,"Record from 10/20/2025, 7:30:15.017 PM",2025-09-21T00:00:00.0000000Z,Non-AFB customer,0272118003116
FKVDVZ,N/A,Passenger Record 162,"Record from 10/22/2025, 4:02:34.585 AM",2025-09-16T19:28:39.0000000Z,Non-AFB customer,0277333356204
OVYLJR,N/A,Passenger Record 164,"Record from 10/14/2025, 3:40:48.946 AM",2025-09-24T00:00:00.0000000Z,Non-AFB customer,0272118329648
OBXOCY,N/A,Passenger Record 165,"Record from 10/14/2025, 3:51:31.098 AM",2025-04-17T00:00:00.0000000Z,Non-AFB customer,0272102857568
YGUWEA,N/A,Passenger Record 166,"Record from 10/14/2025, 8:27:53.793 AM",2025-04-28T00:00:00.0000000Z,Non-AFB customer,0272103866314
WFHSPQ,N/A,Passenger Record 167,"Record from 10/15/2025, 8:44:04.573 AM",2025-07-14T00:00:00.0000000Z,Non-AFB customer,1732314476030
OCKUCK,N/A,Passenger Record 174,"Record from 10/11/2025, 12:31:37.146 AM",2025-10-02T00:00:00.0000000Z,Non-AFB customer,0272119062532
JXAQPL,N/A,Passenger Record 176,"Record from 10/12/2025, 4:36:10.965 AM",2025-05-29T07:45:13.0000000Z,Non-AFB customer,0272106949516
MNWQZV,N/A,Passenger Record 186,"Record from 10/11/2025, 1:10:36.616 AM",2025-10-08T00:00:00.0000000Z,Non-AFB customer,0272119739580
IXJLKR,N/A,Passenger Record 190,"Record from 10/10/2025, 11:22:00.109 PM",2025-08-10T00:00:00.0000000Z,Non-AFB customer,0272114104898
OYMYIG,N/A,Passenger Record 194,"Record from 10/12/2025, 8:06:01.761 AM",2025-03-20T00:00:00.0000000Z,Non-AFB customer,0272100208840
NYELJI,N/A,Passenger Record 195,"Record from 10/11/2025, 2:26:13.575 AM",2025-08-10T00:00:00.0000000Z,Non-AFB customer,0277280758504
IYVUVY,N/A,Passenger Record 198,"Record from 10/13/2025, 12:51:04.385 AM",2025-10-08T00:00:00.0000000Z,Non-AFB customer,0272119738840
AOYFOS,N/A,Passenger Record 199,"Record from 10/13/2025, 12:53:03.100 AM",2025-07-25T00:00:00.0000000Z,Non-AFB customer,0272112500266
KAHEFD,N/A,Passenger Record 200,"Record from 10/12/2025, 4:28:38.274 AM",2025-08-05T19:30:07.0000000Z,Non-AFB customer,0272113610395
DSQUCP,N/A,Passenger Record 201,"Record from 10/11/2025, 3:40:33.556 AM",2025-08-25T00:00:00.0000000Z,Non-AFB customer,0272115482538
CVWQVT,N/A,Passenger Record 203,"Record from 10/19/2025, 4:24:46.108 AM",2025-10-16T14:53:20.0000000Z,Non-AFB customer,0272120523119
WJRPGY,N/A,Passenger Record 209,"Record from 10/16/2025, 12:27:44.365 AM",2025-10-10T00:00:00.0000000Z,Non-AFB customer,0272119896815
YKMYPL,N/A,Passenger Record 210,"Record from 10/16/2025, 12:27:04.080 AM",2025-06-30T00:00:00.0000000Z,Non-AFB customer,0272110050063
EAQJNZ,N/A,Passenger Record 211,"Record from 10/15/2025, 11:56:08.537 PM",2025-08-22T00:00:00.0000000Z,Non-AFB customer,0272115268919
OKULKS,N/A,Passenger Record 223,"Record from 10/23/2025, 7:12:24.386 PM",2025-10-17T00:00:00.0000000Z,Non-AFB customer,1762799610893
GCFFFI,N/A,Passenger Record 224,"Record from 10/23/2025, 7:43:18.620 PM",2025-10-15T00:00:00.0000000Z,Non-AFB customer,0277380533857
JWKAWQ,N/A,Passenger Record 225,"Record from 10/23/2025, 8:16:10.210 PM",2025-10-21T00:00:00.0000000Z,Non-AFB customer,0272120974762
JFMWCD,N/A,Passenger Record 227,"Record from 10/23/2025, 8:16:57.964 PM",2025-10-20T00:00:00.0000000Z,Non-AFB customer,0277341988087
FSEBEO,N/A,Passenger Record 230,"Record from 10/23/2025, 8:38:18.808 PM",2025-10-18T00:00:00.0000000Z,Non-AFB customer,0272120689532
MSIRSZ,N/A,Passenger Record 232,"Record from 10/23/2025, 6:22:46.176 PM",2025-10-13T00:00:00.0000000Z,Non-AFB customer,1737320124044
DVJXDD,N/A,Passenger Record 234,"Record from 10/23/2025, 6:14:26.123 PM",2025-09-20T00:00:00.0000000Z,Non-AFB customer,0272117914632
DKNTSX,N/A,Passenger Record 240,"Record from 10/23/2025, 7:17:35.328 PM",2025-10-09T00:00:00.0000000Z,Non-AFB customer,0272119783077
MSNFVP,N/A,Passenger Record 245,"Record from 10/23/2025, 6:27:19.659 PM",2021-10-11T00:00:00.0000000Z,Non-AFB customer,0272116775647
NXCHVZ,N/A,Passenger Record 250,"Record from 10/23/2025, 6:35:27.963 PM",2025-10-17T00:00:00.0000000Z,Non-AFB customer,0272120598865
KMADUP,N/A,Passenger Record 251,"Record from 10/23/2025, 6:55:29.647 PM",2025-09-22T00:00:00.0000000Z,Non-AFB customer,0277377445862
FFHFEM,N/A,Passenger Record 277,"Record from 10/23/2025, 6:45:49.980 PM",2025-09-17T00:00:00.0000000Z,Non-AFB customer,0272117675572
IPGBJC,N/A,Passenger Record 278,"Record from 10/24/2025, 4:20:48.586 AM",2025-09-29T16:20:00.0000000Z,Non-AFB customer,0277336821379
FOSKXD,N/A,Passenger Record 293,"Record from 10/23/2025, 7:09:03.675 PM",2025-08-26T00:00:00.0000000Z,Non-AFB customer,0272115562962
IYAHRA,N/A,Passenger Record 309,"Record from 10/23/2025, 7:53:38.237 PM",2025-10-08T00:00:00.0000000Z,Non-AFB customer,0277395017367
DKQWOI,N/A,Passenger Record 310,"Record from 10/8/2025, 1:08:45.607 AM",2025-10-03T00:00:00.0000000Z,Non-AFB customer,0277337883792
GMMLLA,N/A,Passenger Record 311,"Record from 10/7/2025, 11:22:50.759 PM",2025-10-01T00:00:00.0000000Z,Non-AFB customer,0272119013076
NEUQDO,N/A,Passenger Record 312,"Record from 10/8/2025, 1:08:01.339 AM",2025-09-04T00:00:00.0000000Z,Non-AFB customer,0272116411107
KYYXQO,N/A,Passenger Record 317,"Record from 10/8/2025, 2:33:09.111 AM",2025-08-25T00:00:00.0000000Z,Non-AFB customer,0272115484872
WJEJVY,N/A,Passenger Record 318,"Record from 10/7/2025, 10:22:01.373 AM",2025-09-01T00:00:00.0000000Z,Non-AFB customer,0272116038356
YSXTML,N/A,Passenger Record 319,"Record from 10/7/2025, 8:32:31.564 AM",2025-10-03T00:00:00.0000000Z,Non-AFB customer,0272119213891
IDTOAG,N/A,Passenger Record 320,"Record from 10/7/2025, 6:07:19.288 AM",2025-06-25T00:00:00.0000000Z,Non-AFB customer,0272109562542
QCJGXD,N/A,Passenger Record 322,"Record from 10/21/2025, 4:50:12.725 PM",2025-10-16T00:00:00.0000000Z,Non-AFB customer,0272120522752
IQECWX,N/A,Passenger Record 392,"Record from 10/21/2025, 4:56:47.722 PM",2025-10-15T00:00:00.0000000Z,Non-AFB customer,0272120419553
GFUEOG,N/A,Passenger Record 398,"Record from 10/21/2025, 6:02:27.922 PM",2025-10-18T00:00:00.0000000Z,Non-AFB customer,0272120723331
LXOZUP,N/A,Passenger Record 399,"Record from 10/21/2025, 7:02:05.716 PM",2025-09-30T00:00:00.0000000Z,Non-AFB customer,0277336933328
FYKOZM,N/A,Passenger Record 407,"Record from 10/21/2025, 7:04:01.560 PM",2025-08-09T00:00:00.0000000Z,Non-AFB customer,0272114068889
UZHCDI,N/A,Passenger Record 408,"Record from 10/21/2025, 3:20:28.584 PM",2025-07-20T00:00:00.0000000Z,Non-AFB customer,0272112049590
MKJLKM,N/A,Passenger Record 409,"Record from 10/21/2025, 7:49:24.644 PM",2025-10-14T00:00:00.0000000Z,Non-AFB customer,0272120251907
MOPOKZ,N/A,Passenger Record 411,"Record from 10/21/2025, 3:26:23.341 PM",2025-10-21T00:00:00.0000000Z,Non-AFB customer,0272120919204
YFVFSF,N/A,Passenger Record 412,"Record from 10/21/2025, 2:12:35.494 PM",2025-05-21T00:00:00.0000000Z,Non-AFB customer,0272106201023
YWWBBC,N/A,Passenger Record 424,"Record from 10/21/2025, 4:13:15.926 PM",2025-09-19T00:00:00.0000000Z,Non-AFB customer,1732315590336
AEAWRQ,N/A,Passenger Record 425,"Record from 10/21/2025, 2:24:06.369 PM",2025-10-19T00:00:00.0000000Z,Non-AFB customer,0272120747338
IZMVRZ,N/A,Passenger Record 430,"Record from 10/21/2025, 4:45:35.106 PM",2025-10-21T00:00:00.0000000Z,Non-AFB customer,0272120930952
LPKNJW,N/A,Passenger Record 431,"Record from 10/21/2025, 2:27:21.613 PM",2025-10-16T00:00:00.0000000Z,Non-AFB customer,0275516535662
AIQSOK,N/A,Passenger Record 434,"Record from 10/21/2025, 3:52:58.612 PM",2025-10-17T00:00:00.0000000Z,Non-AFB customer,0277341501802
SENZYO,N/A,Passenger Record 436,"Record from 10/21/2025, 4:40:21.753 PM",2025-09-18T00:00:00.0000000Z,Non-AFB customer,0272117736173
YEFBFY,N/A,Passenger Record 439,"Record from 10/21/2025, 7:49:10.711 PM",2025-02-17T00:00:00.0000000Z,Non-AFB customer,0272397085247
YUNMSE,N/A,Passenger Record 453,"Record from 10/22/2025, 4:15:01.778 AM",2025-10-20T00:00:00.0000000Z,Non-AFB customer,0272120852231
IXZZCF,N/A,Passenger Record 455,"Record from 10/23/2025, 7:29:56.713 AM",2025-07-10T00:00:00.0000000Z,Non-AFB customer,0272111093262
FCBJGE,N/A,Passenger Record 456,"Record from 10/22/2025, 5:06:35.208 AM",2025-10-14T00:00:00.0000000Z,Non-AFB customer,0272120261158
NAVXZS,N/A,Passenger Record 465,"Record from 10/22/2025, 4:14:38.676 AM",2025-10-04T00:00:00.0000000Z,Non-AFB customer,0277217472546
SAKVGE,N/A,Passenger Record 474,"Record from 10/22/2025, 3:23:04.991 AM",2025-06-12T00:00:00.0000000Z,Non-AFB customer,0272108429888
LKLCZE,N/A,Passenger Record 475,"Record from 10/22/2025, 4:30:53.207 AM",2025-07-31T09:33:35.0000000Z,Non-AFB customer,0272113087201
CRKEPI,N/A,Passenger Record 508,"Record from 10/22/2025, 1:56:48.319 AM",2025-08-01T00:00:00.0000000Z,Non-AFB customer,0272113214074
JDIGYQ,N/A,Passenger Record 510,"Record from 10/22/2025, 2:34:59.115 AM",2025-09-07T00:00:00.0000000Z,Non-AFB customer,0272116690233
ICWEYB,N/A,Passenger Record 521,"Record from 10/22/2025, 1:48:56.396 AM",2025-10-15T00:00:00.0000000Z,Non-AFB customer,0277340529465
UVTBSU,N/A,Passenger Record 522,"Record from 10/22/2025, 2:44:12.382 AM",2025-08-20T00:00:00.0000000Z,Non-AFB customer,0272115020500
WKHVEH,N/A,Passenger Record 530,"Record from 10/22/2025, 1:05:56.901 AM",2025-07-20T00:00:00.0000000Z,Non-AFB customer,0272112052439
EKBQWN,N/A,Passenger Record 540,"Record from 10/22/2025, 2:31:09.809 AM",2025-10-20T00:00:00.0000000Z,Non-AFB customer,0272120893903
SBVLJZ,N/A,Passenger Record 545,"Record from 10/22/2025, 1:10:40.178 AM",2025-09-18T00:00:00.0000000Z,Non-AFB customer,0272117774218
ISTKLO,N/A,Passenger Record 554,"Record from 10/22/2025, 1:37:59.057 AM",2025-07-30T00:00:00.0000000Z,Non-AFB customer,0812373924585
FDJTAW,N/A,Passenger Record 563,"Record from 10/27/2025, 4:54:25.076 PM",2025-08-19T00:00:00.0000000Z,Non-AFB customer,0277372794637
CLFFSK,N/A,Passenger Record 565,"Record from 10/26/2025, 1:05:18.411 PM",2025-10-15T00:00:00.0000000Z,Non-AFB customer,0272120340560
WKINZA,N/A,Passenger Record 567,"Record from 10/27/2025, 1:58:10.731 AM",2025-10-24T00:00:00.0000000Z,Non-AFB customer,0272121302547
QHXJVN,N/A,Passenger Record 568,"Record from 10/28/2025, 4:29:25.105 AM",2025-10-02T17:46:06.0000000Z,Non-AFB customer,0272119119879
JYXJJI,N/A,Passenger Record 569,"Record from 10/28/2025, 4:24:22.612 AM",2025-08-15T18:06:32.0000000Z,Non-AFB customer,0272114633282
OYSIWK,N/A,Passenger Record 570,"Record from 10/26/2025, 1:35:47.555 PM",2025-09-24T00:00:00.0000000Z,Non-AFB customer,0272118329441
AKROZN,N/A,Passenger Record 573,"Record from 10/26/2025, 2:13:02.548 PM",2025-10-24T00:00:00.0000000Z,Non-AFB customer,0272121314468
YYKBWC,N/A,Passenger Record 579,"Record from 10/27/2025, 4:59:33.619 PM",2025-10-01T13:53:14.0000000Z,Non-AFB customer,0272118958779
FTXXEG,N/A,Passenger Record 580,"Record from 10/20/2025, 4:17:31.015 AM",2025-10-09T00:00:00.0000000Z,Non-AFB customer,0272119791491
OGPZXA,N/A,Passenger Record 581,"Record from 10/20/2025, 4:27:27.295 AM",2025-09-09T00:00:00.0000000Z,Non-AFB customer,0272116829185
NFIHLE,N/A,Passenger Record 582,"Record from 10/20/2025, 4:30:01.364 AM",2025-07-10T00:00:00.0000000Z,Non-AFB customer,0272111084653
ODLCEF,N/A,Passenger Record 583,"Record from 10/19/2025, 9:25:22.099 PM",2025-09-11T00:00:00.0000000Z,Non-AFB customer,0272117083633
UMYJHG,N/A,Passenger Record 584,"Record from 10/19/2025, 9:26:11.878 PM",2025-09-01T00:00:00.0000000Z,Non-AFB customer,0272116108476
NUKKAX,N/A,Passenger Record 588,"Record from 10/19/2025, 11:44:59.776 PM",2025-08-12T00:00:00.0000000Z,Non-AFB customer,0272114289060
IBADXX,N/A,Passenger Record 590,"Record from 10/8/2025, 5:53:08.397 PM",2025-08-11T00:00:00.0000000Z,Non-AFB customer,0272114184860
NTGKBQ,N/A,Passenger Record 593,"Record from 10/8/2025, 5:38:05.143 PM",2025-09-23T00:00:00.0000000Z,Non-AFB customer,0272118142455
AEXVBR,N/A,Passenger Record 594,"Record from 10/8/2025, 4:08:23.347 PM",2025-10-03T00:00:00.0000000Z,Non-AFB customer,0272119189829
NKISUF,N/A,Passenger Record 595,"Record from 10/8/2025, 6:09:10.080 PM",2025-09-07T00:00:00.0000000Z,Non-AFB customer,0272116640592
HSBCCY,N/A,Passenger Record 610,"Record from 10/10/2025, 9:40:59.346 AM",2025-07-15T00:00:00.0000000Z,Non-AFB customer,0272111575175
IXIJJU,N/A,Passenger Record 611,"Record from 10/8/2025, 9:36:13.292 PM",2025-07-07T00:00:00.0000000Z,Non-AFB customer,0272110723096
KMDSOG,N/A,Passenger Record 612,"Record from 10/10/2025, 4:18:39.554 AM",2025-09-12T11:41:54.0000000Z,Non-AFB customer,0272117155850
MRETON,N/A,Passenger Record 613,"Record from 10/8/2025, 10:09:18.681 PM",2025-09-03T00:00:00.0000000Z,Non-AFB customer,0272116320244
UTRBSC,N/A,Passenger Record 614,"Record from 10/8/2025, 9:37:20.750 PM",2025-09-17T00:00:00.0000000Z,Non-AFB customer,0272117618506
LRCPVK,N/A,Passenger Record 615,"Record from 10/29/2025, 4:20:56.942 AM",2025-03-07T21:22:29.0000000Z,Non-AFB customer,0271407432879
IXEDYY,N/A,Passenger Record 616,"Record from 10/28/2025, 4:39:22.681 PM",2021-11-07T00:00:00.0000000Z,Non-AFB customer,0272119236790
KJTGZI,N/A,Passenger Record 617,"Record from 10/28/2025, 4:46:23.010 PM",2025-10-25T00:00:00.0000000Z,Non-AFB customer,0272121377296
JORGXF,N/A,Passenger Record 618,"Record from 10/28/2025, 4:47:01.598 PM",2025-08-23T00:00:00.0000000Z,Non-AFB customer,0272115330675
KSBBMG,N/A,Passenger Record 619,"Record from 10/28/2025, 4:46:01.141 PM",2025-09-18T00:00:00.0000000Z,Non-AFB customer,0277311316281
UEVVXW,N/A,Passenger Record 620,"Record from 10/28/2025, 4:47:02.406 PM",2025-10-13T00:00:00.0000000Z,Non-AFB customer,0272120189372
COYSOA,N/A,Passenger Record 621,"Record from 10/28/2025, 4:45:24.191 PM",2025-09-21T00:00:00.0000000Z,Non-AFB customer,0272117988244
NMGIKG,N/A,Passenger Record 629,"Record from 10/17/2025, 10:57:17.908 PM",2025-09-24T00:00:00.0000000Z,Non-AFB customer,0277324545426
KXKZMY,N/A,Passenger Record 632,"Record from 10/18/2025, 4:43:31.029 AM",2025-09-23T00:00:00.0000000Z,Non-AFB customer,0272118163150
LZTIRU,N/A,Passenger Record 638,"Record from 10/17/2025, 10:58:29.431 PM",2025-07-19T00:00:00.0000000Z,Non-AFB customer,0272111937625
IZFDAZ,N/A,Passenger Record 659,"Record from 10/19/2025, 4:01:17.354 AM",2025-10-16T00:00:00.0000000Z,Non-AFB customer,0272120539513
CVRWPU,N/A,Passenger Record 661,"Record from 10/19/2025, 4:26:49.537 AM",2025-09-09T00:00:00.0000000Z,Non-AFB customer,0272116887270
HZOEHB,N/A,Passenger Record 662,"Record from 10/19/2025, 4:05:34.842 AM",2025-10-16T22:49:22.0000000Z,Non-AFB customer,0272120569988
DUQRJX,N/A,Passenger Record 664,"Record from 10/19/2025, 7:14:13.306 AM",2025-07-18T00:00:00.0000000Z,Non-AFB customer,0272111825020
NXJTUO,N/A,Passenger Record 668,"Record from 10/19/2025, 3:06:14.575 AM",2025-09-30T00:00:00.0000000Z,Non-AFB customer,0272118813971
KRBTXL,N/A,Passenger Record 670,"Record from 10/18/2025, 10:14:24.515 PM",2025-08-07T00:00:00.0000000Z,Non-AFB customer,0272113859433
UPDCFY,N/A,Passenger Record 671,"Record from 10/18/2025, 9:56:51.571 PM",2025-07-27T00:00:00.0000000Z,Non-AFB customer,0272112697922
LMCQKO,N/A,Passenger Record 672,"Record from 10/18/2025, 10:14:07.598 PM",2025-08-18T00:00:00.0000000Z,Non-AFB customer,0277326112226
UTSJPI,N/A,Passenger Record 677,"Record from 10/19/2025, 1:12:54.567 AM",2025-10-02T00:00:00.0000000Z,Non-AFB customer,0272119143550
UXCFHK,N/A,Passenger Record 680,"Record from 10/19/2025, 1:59:06.107 AM",2025-07-30T00:00:00.0000000Z,Non-AFB customer,0272112986242
LONJXG,N/A,Passenger Record 681,"Record from 10/19/2025, 8:10:32.402 AM",2025-09-12T00:00:00.0000000Z,Non-AFB customer,0272117160978
YTNZMP,N/A,Passenger Record 684,"Record from 10/19/2025, 2:29:18.046 AM",2025-10-03T00:00:00.0000000Z,Non-AFB customer,0277338103597
FUNTDT,N/A,Passenger Record 686,"Record from 10/19/2025, 2:49:01.714 AM",2025-08-14T00:00:00.0000000Z,Non-AFB customer,0272114468644
IAFGSX,N/A,Passenger Record 687,"Record from 10/19/2025, 7:04:05.522 AM",2025-10-09T00:00:00.0000000Z,Non-AFB customer,0277336822992
UUMITZ,N/A,Passenger Record 689,"Record from 10/24/2025, 1:36:17.273 AM",2025-10-02T00:00:00.0000000Z,Non-AFB customer,0272119147792
LJFSMW,N/A,Passenger Record 692,"Record from 10/24/2025, 1:38:11.937 AM",2025-10-20T00:00:00.0000000Z,Non-AFB customer,0272120837369
FDWRFK,N/A,Passenger Record 699,"Record from 10/24/2025, 1:39:53.695 AM",2025-10-20T00:00:00.0000000Z,Non-AFB customer,0272120873595
NKBBLY,N/A,Passenger Record 701,"Record from 10/24/2025, 1:56:20.918 AM",2025-10-06T00:00:00.0000000Z,Non-AFB customer,0272119514820
SFELXK,N/A,Passenger Record 731,"Record from 10/24/2025, 1:34:24.738 AM",2025-09-27T00:00:00.0000000Z,Non-AFB customer,0272118591471
FGWPGI,N/A,Passenger Record 732,"Record from 10/24/2025, 1:13:59.889 AM",2025-08-10T00:00:00.0000000Z,Non-AFB customer,0272114092733
AICDZB,N/A,Passenger Record 749,"Record from 10/23/2025, 9:54:06.314 PM",2025-09-27T00:00:00.0000000Z,Non-AFB customer,0272118571090
IRBORZ,N/A,Passenger Record 755,"Record from 10/23/2025, 10:17:18.281 PM",2025-10-17T00:00:00.0000000Z,Non-AFB customer,0272120619227
IMUYYB,N/A,Passenger Record 762,"Record from 10/23/2025, 9:25:58.359 PM",2025-10-01T00:00:00.0000000Z,Non-AFB customer,0272119016716
SUZVTM,N/A,Passenger Record 764,"Record from 10/23/2025, 9:28:09.296 PM",2025-09-26T00:00:00.0000000Z,Non-AFB customer,0277336293676
YWUCAB,N/A,Passenger Record 768,"Record from 10/23/2025, 9:17:16.015 PM",2025-10-22T00:00:00.0000000Z,Non-AFB customer,0272121073097
EJYWVE,N/A,Passenger Record 770,"Record from 10/23/2025, 9:34:35.514 PM",2025-06-25T00:00:00.0000000Z,Non-AFB customer,0272109653883
ITNWQQ,N/A,Passenger Record 783,"Record from 10/27/2025, 8:19:17.913 PM",2025-10-27T00:00:00.0000000Z,Non-AFB customer,0162343632197
AHZPNG,N/A,Passenger Record 786,"Record from 10/27/2025, 8:21:09.923 PM",2025-08-21T00:00:00.0000000Z,Non-AFB customer,0272115199458
UNVWQM,N/A,Passenger Record 789,"Record from 10/27/2025, 5:24:38.995 AM",2025-08-08T00:00:00.0000000Z,Non-AFB customer,0272113913778
NESHLV,N/A,Passenger Record 798,"Record from 10/27/2025, 4:45:27.404 AM",2025-10-25T00:00:00.0000000Z,Non-AFB customer,0272121380656
OJHWDS,N/A,Passenger Record 799,"Record from 10/27/2025, 4:58:48.864 AM",2025-10-12T00:00:00.0000000Z,Non-AFB customer,0272120059633
DLDJWG,N/A,Passenger Record 800,"Record from 10/27/2025, 5:59:52.395 AM",2025-10-24T00:00:00.0000000Z,Non-AFB customer,0272121269158
WKMDZE,N/A,Passenger Record 809,"Record from 10/27/2025, 3:54:23.003 AM",2025-08-29T00:00:00.0000000Z,Non-AFB customer,0272115873218
FTJNDT,N/A,Passenger Record 816,"Record from 10/21/2025, 7:19:48.278 AM",2025-07-19T00:00:00.0000000Z,Non-AFB customer,0012259425099
YKMNEA,N/A,Passenger Record 817,"Record from 10/21/2025, 10:33:13.240 AM",2025-09-24T00:00:00.0000000Z,Non-AFB customer,0272118243441
QNEXMJ,N/A,Passenger Record 818,"Record from 10/21/2025, 8:19:17.269 AM",2025-10-11T00:00:00.0000000Z,Non-AFB customer,0272120001906
JGDXIO,N/A,Passenger Record 819,"Record from 10/21/2025, 7:31:13.484 AM",2025-10-14T00:00:00.0000000Z,Non-AFB customer,0277340554081
ANKOIF,N/A,Passenger Record 820,"Record from 10/21/2025, 9:48:50.318 AM",2025-06-30T00:00:00.0000000Z,Non-AFB customer,0272110118110
KYJUXB,N/A,Passenger Record 821,"Record from 10/17/2025, 11:13:17.950 PM",2025-09-29T00:00:00.0000000Z,Non-AFB customer,0272118778067
FSTPUG,N/A,Passenger Record 822,"Record from 10/17/2025, 11:13:38.354 PM",2025-10-13T00:00:00.0000000Z,Non-AFB customer,0272120171731
EWQZWF,N/A,Passenger Record 829,"Record from 10/17/2025, 8:56:08.725 PM",2025-08-27T00:00:00.0000000Z,Non-AFB customer,0272115664524
JKHYGN,N/A,Passenger Record 831,"Record from 10/5/2025, 12:58:56.028 AM",2025-08-19T00:00:00.0000000Z,Non-AFB customer,0272114935179
GAMNHE,N/A,Passenger Record 832,"Record from 10/5/2025, 1:18:16.006 AM",2025-10-04T00:00:00.0000000Z,Non-AFB customer,0272119275088
YSDGVF,N/A,Passenger Record 839,"Record from 10/4/2025, 5:27:00.135 PM",2025-09-25T00:00:00.0000000Z,Non-AFB customer,0277335640532
JVPDCO,N/A,Passenger Record 846,"Record from 10/5/2025, 4:34:11.613 AM",2025-09-08T13:51:34.0000000Z,Non-AFB customer,0272116735683
MESEDA,N/A,Passenger Record 847,"Record from 10/5/2025, 4:29:28.439 AM",2025-08-03T21:03:35.0000000Z,Non-AFB customer,0272113423771
EXVVLO,N/A,Passenger Record 848,"Record from 10/4/2025, 5:52:04.382 PM",2025-10-02T00:00:00.0000000Z,Non-AFB customer,0272119052868
EYNKXA,N/A,Passenger Record 851,"Record from 10/4/2025, 6:12:08.802 PM",2025-07-17T00:00:00.0000000Z,Non-AFB customer,0272111758165
GYLZKK,N/A,Passenger Record 855,"Record from 10/19/2025, 5:46:30.577 AM",2025-09-18T00:00:00.0000000Z,Non-AFB customer,0272117749886
SSBJJT,N/A,Passenger Record 856,"Record from 10/19/2025, 5:43:00.825 AM",2025-09-26T00:00:00.0000000Z,Non-AFB customer,0272118497531
YIZBLN,N/A,Passenger Record 857,"Record from 10/19/2025, 6:50:36.881 AM",2025-09-05T00:00:00.0000000Z,Non-AFB customer,0277374908162
AJILTD,N/A,Passenger Record 858,"Record from 10/20/2025, 1:45:01.161 AM",2025-08-28T00:00:00.0000000Z,Non-AFB customer,0272115742880
DIFCVR,N/A,Passenger Record 859,"Record from 10/20/2025, 2:14:12.969 AM",2025-10-18T00:00:00.0000000Z,Non-AFB customer,0272120664280
FFUUPJ,N/A,Passenger Record 860,"Record from 10/20/2025, 2:45:09.890 AM",2025-09-15T00:00:00.0000000Z,Non-AFB customer,0272117443887
NTAPRI,N/A,Passenger Record 867,"Record from 10/15/2025, 3:13:00.774 PM",2025-10-05T00:00:00.0000000Z,Non-AFB customer,0272119363702
UQQCJE,N/A,Passenger Record 869,"Record from 10/15/2025, 1:02:14.328 PM",2025-09-23T00:00:00.0000000Z,Non-AFB customer,0272118181715
IPVRMD,N/A,Passenger Record 877,"Record from 10/15/2025, 3:26:12.094 AM",2025-09-13T00:00:00.0000000Z,Non-AFB customer,0272117223929
OCFTHN,N/A,Passenger Record 878,"Record from 10/17/2025, 9:45:10.950 AM",2025-10-08T00:00:00.0000000Z,Non-AFB customer,0272119740024
UVQGFH,N/A,Passenger Record 889,"Record from 10/14/2025, 11:02:07.429 PM",2025-07-07T00:00:00.0000000Z,Non-AFB customer,0272110750517
UOKFYZ,N/A,Passenger Record 890,"Record from 10/14/2025, 11:03:11.959 PM",2025-10-10T00:00:00.0000000Z,Non-AFB customer,0272119938354
QKUHUX,N/A,Passenger Record 895,"Record from 10/15/2025, 12:43:37.631 AM",2025-10-14T00:00:00.0000000Z,Non-AFB customer,0272120262350
SPXIGD,N/A,Passenger Record 896,"Record from 10/15/2025, 1:22:19.144 AM",2025-10-14T00:00:00.0000000Z,Non-AFB customer,0272120266989
JFYTYF,N/A,Passenger Record 898,"Record from 10/15/2025, 12:44:38.866 AM",2025-08-12T00:00:00.0000000Z,Non-AFB customer,0272114301942
EIHIUT,N/A,Passenger Record 899,"Record from 10/15/2025, 12:45:33.674 AM",2025-10-02T00:00:00.0000000Z,Non-AFB customer,0272119133683
JJQWVR,N/A,Passenger Record 900,"Record from 10/15/2025, 12:25:56.799 PM",2025-10-02T00:00:00.0000000Z,Non-AFB customer,0277337818894
JYOXUC,N/A,Passenger Record 901,"Record from 10/15/2025, 12:52:17.532 AM",2025-08-21T00:00:00.0000000Z,Non-AFB customer,1732315128649
DQXBXT,N/A,Passenger Record 908,"Record from 10/4/2025, 4:26:17.270 AM",2025-09-08T11:53:10.0000000Z,Non-AFB customer,0272116722695
LKPUYU,N/A,Passenger Record 909,"Record from 10/3/2025, 3:40:19.546 AM",2025-07-02T00:00:00.0000000Z,Non-AFB customer,0272110286779
CXWOJR,N/A,Passenger Record 910,"Record from 10/3/2025, 3:40:29.138 AM",2025-09-03T00:00:00.0000000Z,Non-AFB customer,0272116250482
WVWLAZ,N/A,Passenger Record 921,"Record from 10/4/2025, 4:35:41.093 AM",2025-10-01T12:56:39.0000000Z,Non-AFB customer,0277337274072
HCAEAN,N/A,Passenger Record 924,"Record from 10/3/2025, 5:55:19.970 AM",2025-09-25T00:00:00.0000000Z,Non-AFB customer,0272118341632
DRWYAE,N/A,Passenger Record 926,"Record from 10/3/2025, 4:34:53.565 AM",2025-09-26T10:37:27.0000000Z,Non-AFB customer,0272118462437
UFYKMV,N/A,Passenger Record 928,"Record from 10/4/2025, 9:09:25.170 AM",2025-09-18T00:00:00.0000000Z,Non-AFB customer,0272117750381
MULSLF,N/A,Passenger Record 929,"Record from 10/3/2025, 5:43:12.283 AM",2025-06-08T00:00:00.0000000Z,Non-AFB customer,0272107932393
ANUNLQ,N/A,Passenger Record 930,"Record from 10/3/2025, 6:59:53.657 AM",2025-09-15T00:00:00.0000000Z,Non-AFB customer,0272117393560
EFWJIV,N/A,Passenger Record 931,"Record from 10/4/2025, 8:05:41.448 AM",2025-08-08T00:00:00.0000000Z,Non-AFB customer,0272113984756
JBCJSS,N/A,Passenger Record 932,"Record from 10/20/2025, 6:24:05.488 PM",2025-10-18T13:37:20.0000000Z,Non-AFB customer,0272120685193
FGQVWD,N/A,Passenger Record 948,"Record from 10/20/2025, 9:09:08.438 PM",2025-03-14T00:00:00.0000000Z,Non-AFB customer,0272399576409
MJYXGV,N/A,Passenger Record 949,"Record from 10/8/2025, 2:09:01.502 AM",2025-07-16T00:00:00.0000000Z,Non-AFB customer,0272111680699
KEBTBO,N/A,Passenger Record 952,"Record from 10/8/2025, 4:32:59.959 AM",2025-09-22T22:31:31.0000000Z,Non-AFB customer,0272118100154
CYTVIQ,N/A,Passenger Record 953,"Record from 10/8/2025, 7:08:53.127 AM",2025-09-04T00:00:00.0000000Z,Non-AFB customer,0272116343916
GRUYQU,N/A,Passenger Record 955,"Record from 10/8/2025, 3:45:34.486 AM",2025-09-22T00:00:00.0000000Z,Non-AFB customer,0272118070220
LLWWKN,N/A,Passenger Record 956,"Record from 10/8/2025, 3:54:07.470 AM",2025-07-17T00:00:00.0000000Z,Non-AFB customer,0277236895724
YOYVYE,N/A,Passenger Record 957,"Record from 10/8/2025, 4:24:01.270 AM",2025-10-05T00:00:00.0000000Z,Non-AFB customer,0272119384142
AYTDSY,N/A,Passenger Record 958,"Record from 10/8/2025, 8:24:01.177 AM",2025-09-07T00:00:00.0000000Z,Non-AFB customer,0272116661472
ALUSJP,N/A,Passenger Record 959,"Record from 10/8/2025, 4:09:52.412 AM",2025-09-03T16:01:08.0000000Z,Non-AFB customer,0272116275646
IWWARX,N/A,Passenger Record 961,"Record from 10/8/2025, 1:35:48.399 AM",2025-08-21T00:00:00.0000000Z,Non-AFB customer,0272115200958
CSUSVC,N/A,Passenger Record 963,"Record from 10/8/2025, 1:37:10.572 AM",2025-09-16T00:00:00.0000000Z,Non-AFB customer,0272117496311
NOTLUX,N/A,Passenger Record 968,"Record from 10/8/2025, 4:45:27.661 AM",2025-10-07T00:00:00.0000000Z,Non-AFB customer,0272119563499
KEOJPS,N/A,Passenger Record 971,"Record from 10/8/2025, 1:17:34.674 AM",2025-09-06T00:00:00.0000000Z,Non-AFB customer,0272116619451
JCUDBH,N/A,Passenger Record 972,"Record from 10/8/2025, 2:27:01.040 AM",2025-09-26T00:00:00.0000000Z,Non-AFB customer,0272118452568
WGGOPW,N/A,Passenger Record 973,"Record from 10/8/2025, 7:49:51.178 AM",2025-08-30T00:00:00.0000000Z,Non-AFB customer,0272115937344
OGZNIU,N/A,Passenger Record 979,"Record from 10/5/2025, 11:12:17.180 PM",2025-09-17T00:00:00.0000000Z,Non-AFB customer,0272117601108
KGLZOG,N/A,Passenger Record 984,"Record from 10/6/2025, 9:08:51.926 AM",2025-09-02T00:00:00.0000000Z,Non-AFB customer,0272116161241
DRRLRY,N/A,Passenger Record 985,"Record from 10/5/2025, 11:28:41.308 PM",2025-09-23T00:00:00.0000000Z,Non-AFB customer,0272118183546
OUPXVB,N/A,Passenger Record 986,"Record from 10/7/2025, 4:33:53.398 AM",2025-09-18T18:38:23.0000000Z,Non-AFB customer,0277334305009
LSDBOZ,N/A,Passenger Record 987,"Record from 10/6/2025, 2:36:07.304 AM",2025-10-03T00:00:00.0000000Z,Non-AFB customer,0277338120251
GWSEVB,N/A,Passenger Record 988,"Record from 10/5/2025, 8:01:47.338 PM",2025-10-02T00:00:00.0000000Z,Non-AFB customer,0272119048225
OZUEUN,N/A,Passenger Record 989,"Record from 10/5/2025, 7:32:15.913 PM",2025-09-28T00:00:00.0000000Z,Non-AFB customer,0272118635048
INGQBG,N/A,Passenger Record 990,"Record from 10/5/2025, 6:58:11.453 PM",2025-10-01T00:00:00.0000000Z,Non-AFB customer,0272119007612
FAAHFM,N/A,Passenger Record 993,"Record from 10/27/2025, 1:46:09.337 PM",2025-09-09T00:00:00.0000000Z,Non-AFB customer,1732315420263
SMAQSQ,N/A,Passenger Record 995,"Record from 10/27/2025, 9:13:52.849 AM",2025-10-04T00:00:00.0000000Z,Non-AFB customer,0272119309701
KFRCAZ,N/A,Passenger Record 996,"Record from 10/27/2025, 2:00:13.656 PM",2025-09-25T00:00:00.0000000Z,Non-AFB customer,0277335780801
SKHASG,N/A,Passenger Record 1001,"Record from 10/27/2025, 1:51:45.231 PM",2025-10-24T00:00:00.0000000Z,Non-AFB customer,0272121345580
NATSOB,N/A,Passenger Record 1002,"Record from 10/16/2025, 2:55:22.890 AM",2025-09-17T00:00:00.0000000Z,Non-AFB customer,0272117599065
KZRPIT,N/A,Passenger Record 1004,"Record from 10/16/2025, 10:12:00.939 AM",2025-08-30T00:00:00.0000000Z,Non-AFB customer,0272115928858
YTGDRU,N/A,Passenger Record 1005,"Record from 10/16/2025, 10:16:17.553 AM",2025-08-17T00:00:00.0000000Z,Non-AFB customer,0272114747535
UMYAJS,N/A,Passenger Record 1006,"Record from 10/16/2025, 9:36:59.475 AM",2025-08-26T00:00:00.0000000Z,Non-AFB customer,0272115576857
OSRSBZ,N/A,Passenger Record 1009,"Record from 10/16/2025, 3:10:37.819 AM",2025-05-16T00:00:00.0000000Z,Non-AFB customer,0272105794194
KKYEXC,N/A,Passenger Record 1010,"Record from 10/16/2025, 5:57:14.147 AM",2025-10-07T00:00:00.0000000Z,Non-AFB customer,0272119568197
GRCYCL,N/A,Passenger Record 1018,"Record from 10/17/2025, 4:33:33.559 AM",2025-09-16T16:37:04.0000000Z,Non-AFB customer,0277333622156
NGOGJS,N/A,Passenger Record 1022,"Record from 10/16/2025, 3:07:06.607 AM",2025-10-13T00:00:00.0000000Z,Non-AFB customer,0272120172616
KEMHAY,N/A,Passenger Record 1025,"Record from 10/15/2025, 6:57:01.663 PM",2025-09-03T00:00:00.0000000Z,Non-AFB customer,0272116299481
YIIBNQ,N/A,Passenger Record 1026,"Record from 10/15/2025, 5:27:02.286 PM",2025-08-28T00:00:00.0000000Z,Non-AFB customer,0272115786025
GGFRMH,N/A,Passenger Record 1032,"Record from 10/11/2025, 5:33:02.915 PM",2025-07-18T00:00:00.0000000Z,Non-AFB customer,0272111868771
SQYDOR,N/A,Passenger Record 1033,"Record from 10/11/2025, 5:46:51.393 PM",2025-09-05T00:00:00.0000000Z,Non-AFB customer,0272116538567
NQGPPN,N/A,Passenger Record 1034,"Record from 10/11/2025, 4:21:16.451 PM",2025-10-03T00:00:00.0000000Z,Non-AFB customer,0277311859065
UEOLLY,N/A,Passenger Record 1035,"Record from 10/11/2025, 4:23:10.166 PM",2025-07-14T00:00:00.0000000Z,Non-AFB customer,0272111439929
EGJTNG,N/A,Passenger Record 1042,"Record from 10/6/2025, 3:13:16.479 PM",2025-09-26T00:00:00.0000000Z,Non-AFB customer,0272118498615
CBUNQI,N/A,Passenger Record 1043,"Record from 10/6/2025, 3:42:28.655 PM",2025-08-19T00:00:00.0000000Z,Non-AFB customer,0272114927920
UMNWWM,N/A,Passenger Record 1051,"Record from 10/6/2025, 1:51:05.624 PM",2025-10-02T00:00:00.0000000Z,Non-AFB customer,0272119070585
SHGSPC,N/A,Passenger Record 1060,"Record from 10/6/2025, 5:47:51.962 PM",2025-09-24T00:00:00.0000000Z,Non-AFB customer,0272118297372
HOFXBP,N/A,Passenger Record 1061,"Record from 10/6/2025, 6:38:03.460 PM",2025-08-20T00:00:00.0000000Z,Non-AFB customer,0272115104458
CUSPRU,N/A,Passenger Record 1075,"Record from 10/6/2025, 5:17:43.773 PM",2025-09-18T00:00:00.0000000Z,Non-AFB customer,0272117771725
HWEOUX,N/A,Passenger Record 1077,"Record from 10/6/2025, 5:20:48.102 PM",2025-03-16T00:00:00.0000000Z,Non-AFB customer,0272399708627
EODYPL,N/A,Passenger Record 1084,"Record from 10/7/2025, 1:21:44.361 AM",2025-09-22T00:00:00.0000000Z,Non-AFB customer,0277334009630
LNMFHW,N/A,Passenger Record 1086,"Record from 10/6/2025, 7:12:03.990 PM",2025-09-06T00:00:00.0000000Z,Non-AFB customer,0272116616559
JDLRAS,N/A,Passenger Record 1087,"Record from 10/6/2025, 10:51:00.945 PM",2025-10-05T00:00:00.0000000Z,Non-AFB customer,0272119396416
YOXBZR,N/A,Passenger Record 1097,"Record from 10/14/2025, 7:56:44.142 PM",2025-10-11T00:00:00.0000000Z,Non-AFB customer,0162339237787
IGIFTQ,N/A,Passenger Record 1101,"Record from 10/14/2025, 6:24:39.836 PM",2025-10-11T00:00:00.0000000Z,Non-AFB customer,0272119994350
IJMYFN,N/A,Passenger Record 1120,"Record from 10/14/2025, 5:11:07.140 PM",2024-12-22T00:00:00.0000000Z,Non-AFB customer,0272391655259
SANZZK,N/A,Passenger Record 1121,"Record from 10/14/2025, 5:12:28.815 PM",2025-09-07T00:00:00.0000000Z,Non-AFB customer,0272116673888
UWQAKG,N/A,Passenger Record 1122,"Record from 10/14/2025, 4:55:55.770 PM",2025-10-01T00:00:00.0000000Z,Non-AFB customer,1737337455048
QGSDIL,N/A,Passenger Record 1124,"Record from 10/6/2025, 9:42:34.671 PM",2025-07-28T00:00:00.0000000Z,Non-AFB customer,0272112818735
KKBXWW,N/A,Passenger Record 1127,"Record from 10/6/2025, 8:18:59.801 PM",2025-09-12T00:00:00.0000000Z,Non-AFB customer,0272117154090
GBONZW,N/A,Passenger Record 1130,"Record from 10/6/2025, 7:36:20.261 PM",2025-09-29T00:00:00.0000000Z,Non-AFB customer,0272118721628
HHGYFD,N/A,Passenger Record 1133,"Record from 10/6/2025, 9:25:13.927 PM",2025-09-18T00:00:00.0000000Z,Non-AFB customer,0277334234466
GFWNOB,N/A,Passenger Record 1135,"Record from 10/26/2025, 9:36:39.194 PM",2025-09-22T00:00:00.0000000Z,Non-AFB customer,0272118061398
LGQXNX,N/A,Passenger Record 1141,"Record from 10/26/2025, 9:46:16.512 PM",2025-09-28T00:00:00.0000000Z,Non-AFB customer,0272118648590
OKCIPY,N/A,Passenger Record 1142,"Record from 10/26/2025, 7:37:43.681 PM",2025-10-24T00:00:00.0000000Z,Non-AFB customer,0272121323416
OLEHYX,N/A,Passenger Record 1143,"Record from 10/26/2025, 7:47:01.588 PM",2025-09-24T00:00:00.0000000Z,Non-AFB customer,0272118240399
LLXSII,N/A,Passenger Record 1144,"Record from 10/26/2025, 8:02:14.139 PM",2025-06-06T00:00:00.0000000Z,Non-AFB customer,0277295120421
OSDTMG,N/A,Passenger Record 1145,"Record from 10/26/2025, 8:16:06.485 PM",2025-09-30T00:00:00.0000000Z,Non-AFB customer,0272118911747
HKHQGA,N/A,Passenger Record 1146,"Record from 10/26/2025, 8:18:53.953 PM",2025-10-24T00:00:00.0000000Z,Non-AFB customer,0277341244881
GALMUQ,N/A,Passenger Record 1147,"Record from 10/26/2025, 8:20:15.118 PM",2025-07-26T00:00:00.0000000Z,Non-AFB customer,0272112591974
NOYURH,N/A,Passenger Record 1159,"Record from 10/17/2025, 3:12:37.329 AM",2025-08-12T00:00:00.0000000Z,Non-AFB customer,0272114289340
HOVWZI,N/A,Passenger Record 1160,"Record from 10/16/2025, 11:57:46.212 PM",2025-08-29T00:00:00.0000000Z,Non-AFB customer,0272115864377
GAAPWL,N/A,Passenger Record 1161,"Record from 10/16/2025, 11:58:16.184 PM",2025-10-15T00:00:00.0000000Z,Non-AFB customer,0277340818101
UITZUD,N/A,Passenger Record 1164,"Record from 10/18/2025, 4:21:33.762 AM",10/16/2025 12:00:00 AM,Non-AFB customer,N/A
CNFEWW,N/A,Passenger Record 1167,"Record from 10/18/2025, 4:26:07.288 AM",2025-09-01T09:44:35.0000000Z,Non-AFB customer,0272116042714
KKUYIX,N/A,Passenger Record 1180,"Record from 10/9/2025, 6:13:19.984 PM",2025-08-13T18:57:54.0000000Z,Non-AFB customer,0272114419853
JHUEQD,N/A,Passenger Record 1189,"Record from 10/10/2025, 4:18:35.464 AM",2025-09-15T02:01:51.0000000Z,Non-AFB customer,0277333072709
NRLAKJ,N/A,Passenger Record 1190,"Record from 10/9/2025, 4:13:00.317 AM",2025-09-02T00:00:00.0000000Z,Non-AFB customer,0272116148914
INHLXZ,N/A,Passenger Record 1193,"Record from 10/8/2025, 10:15:32.588 AM",2025-05-14T00:00:00.0000000Z,Non-AFB customer,0272105556532
CVTVDY,N/A,Passenger Record 1203,"Record from 10/10/2025, 4:34:52.981 AM",2025-09-03T19:48:42.0000000Z,Non-AFB customer,0272116303193
GCRBES,N/A,Passenger Record 1204,"Record from 10/9/2025, 3:38:18.419 AM",2025-05-06T00:00:00.0000000Z,Non-AFB customer,0277290393810
FNRWZW,N/A,Passenger Record 1209,"Record from 10/17/2025, 6:10:08.584 AM",2025-10-16T00:00:00.0000000Z,Non-AFB customer,0272120482183
OHZKUF,N/A,Passenger Record 1211,"Record from 10/17/2025, 7:06:54.059 AM",2025-07-30T00:00:00.0000000Z,Non-AFB customer,0272112965303
AGXYSG,N/A,Passenger Record 1212,"Record from 10/17/2025, 12:13:26.934 PM",2025-02-24T00:00:00.0000000Z,Non-AFB customer,0272397729498
CKUWOC,N/A,Passenger Record 1222,"Record from 10/17/2025, 5:25:53.455 AM",2025-03-05T00:00:00.0000000Z,Non-AFB customer,0272398665574
WXUWOI,N/A,Passenger Record 1228,"Record from 10/17/2025, 5:28:05.165 AM",2025-09-04T00:00:00.0000000Z,Non-AFB customer,0272116401687
KHMUAJ,N/A,Passenger Record 1257,"Record from 10/21/2025, 6:18:11.360 PM",2025-10-01T00:00:00.0000000Z,Non-AFB customer,0272118980324
LFXRMM,N/A,Passenger Record 1269,"Record from 10/21/2025, 6:22:20.057 PM",2025-09-18T00:00:00.0000000Z,Non-AFB customer,0272117761496
WAEKZF,N/A,Passenger Record 1294,"Record from 10/14/2025, 12:55:00.889 PM",2025-10-06T00:00:00.0000000Z,Non-AFB customer,0272119525070
UHUZGB,N/A,Passenger Record 1295,"Record from 10/14/2025, 12:45:01.400 PM",2025-07-09T00:00:00.0000000Z,Non-AFB customer,0272110957661
OVKJDV,N/A,Passenger Record 1296,"Record from 10/14/2025, 2:00:15.951 PM",2025-09-22T00:00:00.0000000Z,Non-AFB customer,0272118040901
OMGOUZ,N/A,Passenger Record 1297,"Record from 10/14/2025, 2:16:40.172 PM",2025-06-02T00:00:00.0000000Z,Non-AFB customer,0272107371893
YAKEKR,N/A,Passenger Record 1298,"Record from 10/14/2025, 10:57:07.765 AM",2025-08-21T00:00:00.0000000Z,Non-AFB customer,0272115185957
HJUAUK,N/A,Passenger Record 1299,"Record from 10/14/2025, 7:17:42.730 AM",2025-09-13T00:00:00.0000000Z,Non-AFB customer,0012274593170
FLWJIK,N/A,Passenger Record 1301,"Record from 10/14/2025, 7:41:17.516 AM",2025-05-04T00:00:00.0000000Z,Non-AFB customer,0272104478560
LWZGHS,N/A,Passenger Record 1307,"Record from 10/26/2025, 3:53:16.564 AM",2025-10-10T00:00:00.0000000Z,Non-AFB customer,0272119911219
KLDHIQ,N/A,Passenger Record 1308,"Record from 10/25/2025, 3:16:16.412 PM",2025-09-28T00:00:00.0000000Z,Non-AFB customer,0272118669747
LONZWH,N/A,Passenger Record 1311,"Record from 10/26/2025, 3:50:05.772 AM",2025-09-09T00:00:00.0000000Z,Non-AFB customer,0272116894046
AFODYF,N/A,Passenger Record 1312,"Record from 10/26/2025, 4:06:18.966 AM",2025-10-12T00:00:00.0000000Z,Non-AFB customer,1737320054767
YEZDUT,N/A,Passenger Record 1316,"Record from 10/25/2025, 3:11:22.051 PM",2025-10-01T00:00:00.0000000Z,Non-AFB customer,0272119013884
AWPHZP,N/A,Passenger Record 1317,"Record from 10/25/2025, 1:15:38.542 PM",2025-10-22T00:00:00.0000000Z,Non-AFB customer,0272121051089
AIMHGK,N/A,Passenger Record 1324,"Record from 10/10/2025, 4:38:27.447 PM",2025-09-07T00:00:00.0000000Z,Non-AFB customer,0272116688881
EEHJKV,N/A,Passenger Record 1325,"Record from 10/10/2025, 4:40:01.158 PM",2025-09-25T00:00:00.0000000Z,Non-AFB customer,0272118400254
QHLLRR,N/A,Passenger Record 1326,"Record from 10/10/2025, 8:39:09.112 AM",2025-10-09T00:00:00.0000000Z,Non-AFB customer,0272119804285
JEBSHG,N/A,Passenger Record 1328,"Record from 10/10/2025, 12:22:24.069 AM",2025-10-08T00:00:00.0000000Z,Non-AFB customer,0272119674195
SVWKEK,N/A,Passenger Record 1329,"Record from 10/10/2025, 12:25:14.966 AM",2025-05-08T00:00:00.0000000Z,Non-AFB customer,0272105005078
MBQSCF,N/A,Passenger Record 1334,"Record from 10/16/2025, 4:10:23.055 AM",2025-09-17T00:00:00.0000000Z,Non-AFB customer,0272117578783
CZZEST,N/A,Passenger Record 1335,"Record from 10/16/2025, 3:24:55.235 AM",2025-07-06T00:00:00.0000000Z,Non-AFB customer,0272110619429
FVIYJD,N/A,Passenger Record 1336,"Record from 10/16/2025, 3:39:09.088 AM",2025-10-15T00:00:00.0000000Z,Non-AFB customer,0272120372761
EIHOGZ,N/A,Passenger Record 1345,"Record from 10/15/2025, 5:57:18.944 PM",2025-10-02T00:00:00.0000000Z,Non-AFB customer,0272119142566
ATTMXS,N/A,Passenger Record 1361,"Record from 10/15/2025, 4:27:51.386 PM",2025-09-05T00:00:00.0000000Z,Non-AFB customer,0277374908154
MMMZOZ,N/A,Passenger Record 1362,"Record from 10/15/2025, 3:57:26.043 PM",2025-08-12T00:00:00.0000000Z,Non-AFB customer,0272114326382
LTWQHC,N/A,Passenger Record 1368,"Record from 10/22/2025, 12:42:12.192 AM",2025-10-09T00:00:00.0000000Z,Non-AFB customer,0277339269868
LGCUEZ,N/A,Passenger Record 1370,"Record from 10/21/2025, 11:31:24.452 PM",2025-10-07T00:00:00.0000000Z,Non-AFB customer,0272119559069
SFSIOH,N/A,Passenger Record 1373,"Record from 10/21/2025, 11:38:25.378 PM",2025-10-11T00:00:00.0000000Z,Non-AFB customer,0277339806095
NKHJJG,N/A,Passenger Record 1376,"Record from 10/21/2025, 11:27:59.498 PM",2025-10-20T00:00:00.0000000Z,Non-AFB customer,0272120866249
SGNTCA,N/A,Passenger Record 1379,"Record from 10/21/2025, 10:24:17.293 PM",2025-05-11T00:00:00.0000000Z,Non-AFB customer,0272105255769
EMUUMG,N/A,Passenger Record 1382,"Record from 10/21/2025, 10:10:30.012 PM",2025-10-06T00:00:00.0000000Z,Non-AFB customer,0272119522570
QZNBDI,N/A,Passenger Record 1383,"Record from 10/21/2025, 10:34:42.883 PM",2025-10-09T00:00:00.0000000Z,Non-AFB customer,0272119764011
JRBIYX,N/A,Passenger Record 1384,"Record from 10/22/2025, 12:15:49.669 AM",2025-09-23T00:00:00.0000000Z,Non-AFB customer,0272118201428
KTASZP,N/A,Passenger Record 1385,"Record from 10/21/2025, 10:19:01.684 PM",2025-08-20T00:00:00.0000000Z,Non-AFB customer,0272115117085
WCFEQR,N/A,Passenger Record 1402,"Record from 10/22/2025, 8:03:49.211 PM",2025-10-11T00:00:00.0000000Z,Non-AFB customer,0272120041112
QTJFXY,N/A,Passenger Record 1405,"Record from 10/22/2025, 7:58:06.835 PM",2025-10-05T00:00:00.0000000Z,Non-AFB customer,0272119349250
OKJMRH,N/A,Passenger Record 1419,"Record from 10/22/2025, 9:27:05.419 PM",2025-09-16T00:00:00.0000000Z,Non-AFB customer,0272117486216
DEIDMU,N/A,Passenger Record 1420,"Record from 10/22/2025, 7:09:32.595 PM",2025-10-22T00:00:00.0000000Z,Non-AFB customer,0272121037635
IIDSQN,N/A,Passenger Record 1432,"Record from 10/22/2025, 7:08:06.879 PM",2025-10-10T00:00:00.0000000Z,Non-AFB customer,0272119904813
HIGYXY,N/A,Passenger Record 1437,"Record from 10/22/2025, 8:50:40.751 PM",2025-09-28T00:00:00.0000000Z,Non-AFB customer,0272118613742
GBVJDT,N/A,Passenger Record 1438,"Record from 10/22/2025, 8:52:01.539 PM",2025-07-07T00:00:00.0000000Z,Non-AFB customer,0272110716046
OQROOR,N/A,Passenger Record 1441,"Record from 10/22/2025, 9:41:27.086 PM",2025-09-30T00:00:00.0000000Z,Non-AFB customer,0272118845903
OWLFUS,N/A,Passenger Record 1444,"Record from 10/9/2025, 7:54:14.380 PM",2025-09-11T00:00:00.0000000Z,Non-AFB customer,0272117117614
CULUEE,N/A,Passenger Record 1445,"Record from 10/9/2025, 5:41:49.158 PM",2025-07-17T00:00:00.0000000Z,Non-AFB customer,0272111798891
NLFKUS,N/A,Passenger Record 1448,"Record from 10/9/2025, 7:26:41.419 PM",2025-09-10T00:00:00.0000000Z,Non-AFB customer,0272116914686
SWMOUX,N/A,Passenger Record 1469,"Record from 10/16/2025, 4:57:15.563 AM",2025-10-14T00:00:00.0000000Z,Non-AFB customer,0277340416774
KOVRWQ,N/A,Passenger Record 1475,"Record from 10/16/2025, 4:00:50.076 AM",2025-08-13T00:00:00.0000000Z,Non-AFB customer,0272114418034
JTKQAP,N/A,Passenger Record 1476,"Record from 10/16/2025, 4:16:26.266 AM",2025-09-13T00:00:00.0000000Z,Non-AFB customer,0272117244798
MFPWKF,N/A,Passenger Record 1490,"Record from 10/23/2025, 2:01:29.300 AM",2025-09-22T00:00:00.0000000Z,Non-AFB customer,0272118106973
MJYHFZ,N/A,Passenger Record 1529,"Record from 10/23/2025, 2:30:41.893 AM",2025-09-05T00:00:00.0000000Z,Non-AFB customer,0272116456111
ERTBQQ,N/A,Passenger Record 1534,"Record from 10/23/2025, 2:39:56.858 AM",2025-09-04T00:00:00.0000000Z,Non-AFB customer,0272116366935
LDHVBZ,N/A,Passenger Record 1560,"Record from 10/23/2025, 2:49:13.313 AM",2025-10-22T00:00:00.0000000Z,Non-AFB customer,0277395501478
YTYIZL,N/A,Passenger Record 1570,"Record from 10/23/2025, 12:25:25.872 AM",2025-10-18T00:00:00.0000000Z,Non-AFB customer,0272120725402
AVATHE,N/A,Passenger Record 1599,"Record from 10/23/2025, 5:02:07.669 PM",2025-09-02T00:00:00.0000000Z,Non-AFB customer,1737328905462
YHDOVL,N/A,Passenger Record 1610,"Record from 10/23/2025, 4:25:59.815 PM",2025-10-09T00:00:00.0000000Z,Non-AFB customer,0272119812480
HIPNFQ,N/A,Passenger Record 1626,"Record from 10/12/2025, 9:38:50.562 PM",2025-10-01T00:00:00.0000000Z,Non-AFB customer,0272118926962
FKSDEU,N/A,Passenger Record 1627,"Record from 10/13/2025, 1:34:19.329 AM",2025-10-03T00:00:00.0000000Z,Non-AFB customer,0272119210486
WSCOYS,N/A,Passenger Record 1628,"Record from 10/2/2025, 8:39:19.925 AM",2025-04-16T00:00:00.0000000Z,Non-AFB customer,0272102843883
GNBBDO,N/A,Passenger Record 1629,"Record from 10/2/2025, 6:25:35.788 AM",2025-08-21T00:00:00.0000000Z,Non-AFB customer,0272115204237
WHBFWQ,N/A,Passenger Record 1630,"Record from 10/2/2025, 8:09:59.817 AM",2025-04-24T00:00:00.0000000Z,Non-AFB customer,0272103586611
KPKDFY,N/A,Passenger Record 1636,"Record from 10/2/2025, 8:25:22.747 AM",2025-05-16T00:00:00.0000000Z,Non-AFB customer,0272105774906
JXDMDZ,N/A,Passenger Record 1640,"Record from 10/2/2025, 6:32:50.234 AM",2025-07-13T00:00:00.0000000Z,Non-AFB customer,0272111347351
LUJBSS,N/A,Passenger Record 1651,"Record from 10/2/2025, 2:24:01.263 PM",2025-08-22T00:00:00.0000000Z,Non-AFB customer,0272115254436
NHSECY,N/A,Passenger Record 1652,"Record from 10/2/2025, 1:55:07.160 PM",2025-09-14T00:00:00.0000000Z,Non-AFB customer,0272117298303
WQXKSH,N/A,Passenger Record 1653,"Record from 10/2/2025, 4:50:33.524 AM",2025-08-20T00:00:00.0000000Z,Non-AFB customer,0272115027523
ONHMRQ,N/A,Passenger Record 1654,"Record from 10/2/2025, 4:51:23.333 AM",2025-09-06T00:00:00.0000000Z,Non-AFB customer,0272116613007
JLBCBF,N/A,Passenger Record 1655,"Record from 10/2/2025, 5:04:24.566 AM",2025-08-04T00:00:00.0000000Z,Non-AFB customer,0272113517749
COZQGG,N/A,Passenger Record 1656,"Record from 10/2/2025, 4:52:04.429 AM",2025-08-28T00:00:00.0000000Z,Non-AFB customer,0272115767829
AKZLVA,N/A,Passenger Record 1663,"Record from 10/3/2025, 3:14:41.593 AM",2025-08-28T00:00:00.0000000Z,Non-AFB customer,0272115746159
SYULRX,N/A,Passenger Record 1687,"Record from 10/3/2025, 3:25:25.632 AM",2025-01-13T00:00:00.0000000Z,Non-AFB customer,0272393805956
YKSRCA,N/A,Passenger Record 1688,"Record from 10/3/2025, 3:25:51.628 AM",2025-08-28T00:00:00.0000000Z,Non-AFB customer,0277237813342
SURZKB,N/A,Passenger Record 1689,"Record from 10/20/2025, 12:58:01.164 AM",2025-09-16T00:00:00.0000000Z,Non-AFB customer,0272117521186
GFYUGY,N/A,Passenger Record 1695,"Record from 10/22/2025, 1:29:58.199 PM",2025-10-21T00:00:00.0000000Z,Non-AFB customer,0277341978147
GYUUFZ,N/A,Passenger Record 1700,"Record from 10/22/2025, 8:02:13.512 AM",2025-10-03T00:00:00.0000000Z,Non-AFB customer,0272119208414
UJOPIM,N/A,Passenger Record 1712,"Record from 10/22/2025, 7:04:56.524 AM",2025-08-02T00:00:00.0000000Z,Non-AFB customer,0272113350486
OJUCIJ,N/A,Passenger Record 1734,"Record from 10/24/2025, 10:31:07.361 AM",2025-10-24T04:16:45.0000000Z,Non-AFB customer,0272121270396
UQCOIF,N/A,Passenger Record 1737,"Record from 10/24/2025, 8:34:49.882 AM",2025-09-16T00:00:00.0000000Z,Non-AFB customer,0272117489978
JNHOBM,N/A,Passenger Record 1738,"Record from 10/24/2025, 8:47:15.601 AM",2025-10-08T00:00:00.0000000Z,Non-AFB customer,0272119736181
OOBYQQ,N/A,Passenger Record 1742,"Record from 10/24/2025, 8:15:31.922 AM",2025-03-15T00:00:00.0000000Z,Non-AFB customer,0272399673048
MGEJQF,N/A,Passenger Record 1749,"Record from 10/24/2025, 7:31:15.344 AM",2025-10-01T00:00:00.0000000Z,Non-AFB customer,0277238548893
EXDLQV,N/A,Passenger Record 1757,"Record from 10/24/2025, 6:44:23.905 AM",2025-10-06T00:00:00.0000000Z,Non-AFB customer,0277338349402
QVCFHP,N/A,Passenger Record 1759,"Record from 10/23/2025, 8:40:26.329 PM",2025-09-25T00:00:00.0000000Z,Non-AFB customer,0272118430412
GBMJTA,N/A,Passenger Record 1778,"Record from 10/23/2025, 8:57:43.041 PM",2025-10-15T00:00:00.0000000Z,Non-AFB customer,0272120387574
UTYNWG,N/A,Passenger Record 1810,"Record from 10/24/2025, 7:50:32.803 PM",2025-08-20T00:00:00.0000000Z,Non-AFB customer,0272115046237
UTIRPR,N/A,Passenger Record 1811,"Record from 10/24/2025, 7:25:35.941 PM",2025-10-22T00:00:00.0000000Z,Non-AFB customer,0272121122197
NOUAIJ,N/A,Passenger Record 1812,"Record from 10/24/2025, 7:55:56.180 PM",2025-10-07T00:00:00.0000000Z,Non-AFB customer,0272119533066
OSQVQJ,N/A,Passenger Record 1813,"Record from 10/7/2025, 5:32:19.933 AM",2025-07-24T00:00:00.0000000Z,Non-AFB customer,0272112473697
MGROQI,N/A,Passenger Record 1814,"Record from 10/7/2025, 5:06:42.900 AM",2025-08-17T00:00:00.0000000Z,Non-AFB customer,0272114785612
GXPQBV,N/A,Passenger Record 1815,"Record from 10/7/2025, 1:14:40.241 AM",2025-09-22T00:00:00.0000000Z,Non-AFB customer,0272118041755
LPPPTT,N/A,Passenger Record 1816,"Record from 10/7/2025, 12:20:43.751 AM",2025-09-15T00:00:00.0000000Z,Non-AFB customer,0272117459143
LGSNTZ,N/A,Passenger Record 1817,"Record from 10/7/2025, 12:22:05.962 AM",2025-09-22T00:00:00.0000000Z,Non-AFB customer,0272118037719
JVPDHA,N/A,Passenger Record 1818,"Record from 10/7/2025, 12:25:30.134 AM",2025-09-14T00:00:00.0000000Z,Non-AFB customer,0272117306262
KRJHXT,N/A,Passenger Record 1824,"Record from 10/6/2025, 10:08:39.239 PM",2025-10-03T00:00:00.0000000Z,Non-AFB customer,0272119171941
WITOYS,N/A,Passenger Record 1825,"Record from 10/6/2025, 10:25:02.971 PM",2025-10-03T00:00:00.0000000Z,Non-AFB customer,0272119214423
LWZDDO,N/A,Passenger Record 1826,"Record from 10/6/2025, 10:14:30.339 PM",2025-10-03T00:00:00.0000000Z,Non-AFB customer,0272119179486
JJMKQT,N/A,Passenger Record 1827,"Record from 10/6/2025, 10:18:43.568 PM",2025-10-02T00:00:00.0000000Z,Non-AFB customer,0277337675166
HYZVJO,N/A,Passenger Record 1831,"Record from 10/6/2025, 6:13:53.877 PM",2025-08-06T00:00:00.0000000Z,Non-AFB customer,0272113646264
UFBAGZ,N/A,Passenger Record 1838,"Record from 10/7/2025, 12:14:12.285 AM",2025-06-19T00:00:00.0000000Z,Non-AFB customer,0272109047298
HDCZCM,N/A,Passenger Record 1839,"Record from 10/23/2025, 2:05:41.515 PM",2025-10-20T00:00:00.0000000Z,Non-AFB customer,0272120834292
QYMOWK,N/A,Passenger Record 1841,"Record from 10/23/2025, 1:49:07.458 PM",2025-09-21T00:00:00.0000000Z,Non-AFB customer,0272117978380
ALAKTS,N/A,Passenger Record 1843,"Record from 10/23/2025, 8:16:13.981 AM",2025-09-01T00:00:00.0000000Z,Non-AFB customer,0272116036117
GRYMTZ,N/A,Passenger Record 1852,"Record from 10/23/2025, 7:04:06.968 AM",2025-10-21T00:00:00.0000000Z,Non-AFB customer,0272120991549
OSLEXP,N/A,Passenger Record 1873,"Record from 10/18/2025, 1:25:29.431 AM",10/17/2025 12:00:00 AM,Non-AFB customer,N/A
NNYOBI,N/A,Passenger Record 1874,"Record from 10/18/2025, 1:13:20.559 AM",2025-03-24T00:00:00.0000000Z,Non-AFB customer,0272100570597
NBYMLF,N/A,Passenger Record 1875,"Record from 10/18/2025, 1:28:14.447 AM",2025-01-10T00:00:00.0000000Z,Non-AFB customer,0272393481673
QEZVJS,N/A,Passenger Record 1881,"Record from 10/17/2025, 5:52:01.421 AM",2025-09-17T00:00:00.0000000Z,Non-AFB customer,0277333935226
SUFMXA,N/A,Passenger Record 1888,"Record from 10/18/2025, 3:50:44.551 AM",2025-10-08T00:00:00.0000000Z,Non-AFB customer,0272119704005
ELCTVZ,N/A,Passenger Record 1889,"Record from 10/18/2025, 6:04:28.746 AM",2025-10-06T00:00:00.0000000Z,Non-AFB customer,0272119527511
OQCUBZ,N/A,Passenger Record 1890,"Record from 10/18/2025, 4:59:06.626 AM",2025-09-18T00:00:00.0000000Z,Non-AFB customer,1052756005122
QKUAMF,N/A,Passenger Record 1891,"Record from 10/18/2025, 6:42:22.379 AM",2025-08-09T00:00:00.0000000Z,Non-AFB customer,0272114064051
EDLSIY,N/A,Passenger Record 1892,"Record from 10/18/2025, 6:14:04.144 AM",2025-08-20T00:00:00.0000000Z,Non-AFB customer,0272115007767
MHPHEG,N/A,Passenger Record 1893,"Record from 10/18/2025, 4:58:03.575 AM",2025-09-13T00:00:00.0000000Z,Non-AFB customer,0272117246076
JZNDSU,N/A,Passenger Record 1894,"Record from 10/18/2025, 7:42:35.523 PM",2025-09-03T00:00:00.0000000Z,Non-AFB customer,0272116270039
OMQPNH,N/A,Passenger Record 1897,"Record from 10/18/2025, 7:44:00.912 PM",2025-10-17T00:00:00.0000000Z,Non-AFB customer,0272120591103
UWEWNR,N/A,Passenger Record 1898,"Record from 10/18/2025, 1:41:53.413 PM",2025-05-01T00:00:00.0000000Z,Non-AFB customer,0272104200233
ONKGMO,N/A,Passenger Record 1899,"Record from 10/18/2025, 6:10:26.277 PM",2025-09-30T00:00:00.0000000Z,Non-AFB customer,0272118849120
HKVUQD,N/A,Passenger Record 1910,"Record from 10/18/2025, 8:44:04.671 AM",2025-09-10T00:00:00.0000000Z,Non-AFB customer,0277332070010
WVUFPG,N/A,Passenger Record 1911,"Record from 10/18/2025, 8:34:22.751 AM",2025-08-26T00:00:00.0000000Z,Non-AFB customer,0272115521852
ARAQEU,N/A,Passenger Record 1912,"Record from 10/18/2025, 7:40:07.177 AM",2025-09-18T00:00:00.0000000Z,Non-AFB customer,0272117772009
QNSIAU,N/A,Passenger Record 1915,"Record from 10/18/2025, 7:12:18.374 AM",2025-08-29T00:00:00.0000000Z,Non-AFB customer,0272115850088
DGOUBD,N/A,Passenger Record 1919,"Record from 10/18/2025, 6:54:09.590 AM",2025-10-06T00:00:00.0000000Z,Non-AFB customer,0272119475989
LCRIJK,N/A,Passenger Record 1920,"Record from 10/18/2025, 6:38:54.631 AM",2025-10-17T00:00:00.0000000Z,Non-AFB customer,0272120586836
MPNXOW,N/A,Passenger Record 1923,"Record from 10/18/2025, 5:18:20.941 AM",2025-10-17T00:00:00.0000000Z,Non-AFB customer,0277341164432
DZQQNB,N/A,Passenger Record 1924,"Record from 10/26/2025, 11:01:54.355 PM",2025-10-18T00:00:00.0000000Z,Non-AFB customer,0277341505811
EANZLV,N/A,Passenger Record 1927,"Record from 10/26/2025, 11:31:45.848 PM",2025-10-22T00:00:00.0000000Z,Non-AFB customer,0272121079359
JRLQZW,N/A,Passenger Record 1928,"Record from 10/26/2025, 10:21:02.353 PM",2025-10-23T00:00:00.0000000Z,Non-AFB customer,0272121161261
GDYYOF,N/A,Passenger Record 1931,"Record from 10/26/2025, 10:43:20.487 PM",2025-08-19T00:00:00.0000000Z,Non-AFB customer,0272114976745
KUMBJF,N/A,Passenger Record 1932,"Record from 10/26/2025, 10:48:54.884 PM",2025-09-27T00:00:00.0000000Z,Non-AFB customer,0272118547164
AWPYNG,N/A,Passenger Record 1936,"Record from 10/15/2025, 7:03:17.849 PM",2025-10-10T00:00:00.0000000Z,Non-AFB customer,0272119920768
FJFEOY,N/A,Passenger Record 1940,"Record from 10/15/2025, 6:34:15.656 PM",2025-08-28T00:00:00.0000000Z,Non-AFB customer,0272115799910
DLYQNH,N/A,Passenger Record 1957,"Record from 10/15/2025, 7:11:51.806 PM",2025-10-15T00:00:00.0000000Z,Non-AFB customer,0272120349490
CHPKLF,N/A,Passenger Record 1967,"Record from 10/15/2025, 8:10:01.089 PM",2025-10-14T00:00:00.0000000Z,Non-AFB customer,0272120268677
HDHPIW,N/A,Passenger Record 1970,"Record from 10/7/2025, 4:25:12.860 AM",2025-08-21T11:39:26.0000000Z,Non-AFB customer,0272115157051
KMFSFS,N/A,Passenger Record 1974,"Record from 10/7/2025, 2:21:36.579 AM",2025-10-01T00:00:00.0000000Z,Non-AFB customer,0272118955262
QDYGYR,N/A,Passenger Record 1975,"Record from 10/7/2025, 2:25:36.449 AM",2025-10-04T00:00:00.0000000Z,Non-AFB customer,0272119263918
OOKPIC,N/A,Passenger Record 1976,"Record from 10/7/2025, 3:18:55.805 AM",2025-08-06T00:00:00.0000000Z,Non-AFB customer,1732314872614
JMOUKI,N/A,Passenger Record 1977,"Record from 10/7/2025, 3:21:57.798 AM",2025-10-05T00:00:00.0000000Z,Non-AFB customer,0272119396031
JDJNMI,N/A,Passenger Record 1978,"Record from 10/7/2025, 3:23:15.525 AM",2025-05-13T00:00:00.0000000Z,Non-AFB customer,0277291458637
IHMSYU,N/A,Passenger Record 1980,"Record from 10/12/2025, 12:08:44.299 AM",2025-06-28T00:00:00.0000000Z,Non-AFB customer,0272109910629
DWINWC,N/A,Passenger Record 1981,"Record from 10/12/2025, 12:10:03.420 AM",2025-09-03T00:00:00.0000000Z,Non-AFB customer,0272116320031
YDJOUQ,N/A,Passenger Record 1982,"Record from 10/11/2025, 11:33:55.774 PM",2025-10-11T00:00:00.0000000Z,Non-AFB customer,0272119975468
KSGORC,N/A,Passenger Record 1983,"Record from 10/11/2025, 11:34:28.557 PM",2025-10-06T00:00:00.0000000Z,Non-AFB customer,0272119483098
JQFAZH,N/A,Passenger Record 1984,"Record from 10/12/2025, 1:11:41.916 AM",2025-10-11T00:00:00.0000000Z,Non-AFB customer,0272119973956
SESTVK,N/A,Passenger Record 1985,"Record from 10/12/2025, 12:14:46.387 AM",2025-09-11T00:00:00.0000000Z,Non-AFB customer,0272117097826
UMTDON,N/A,Passenger Record 1986,"Record from 10/12/2025, 1:01:39.816 AM",2025-08-02T00:00:00.0000000Z,Non-AFB customer,0272113354151
HKWQFN,N/A,Passenger Record 1987,"Record from 10/12/2025, 10:49:26.258 AM",2025-03-18T00:00:00.0000000Z,Non-AFB customer,0272399983357
DXNUVQ,N/A,Passenger Record 1992,"Record from 10/22/2025, 5:03:32.155 PM",2025-10-21T00:00:00.0000000Z,Non-AFB customer,0272120969593
DGYFAA,N/A,Passenger Record 1999,"Record from 10/22/2025, 5:49:09.472 PM",2025-10-06T00:00:00.0000000Z,Non-AFB customer,0272119475663
UDDTIA,N/A,Passenger Record 2000,"Record from 10/22/2025, 5:38:20.421 PM",2025-09-25T00:00:00.0000000Z,Non-AFB customer,0272118393921
WNWVIU,N/A,Passenger Record 2012,"Record from 10/22/2025, 4:20:39.939 PM",2025-10-20T00:00:00.0000000Z,Non-AFB customer,0272120839663
APNERE,N/A,Passenger Record 2021,"Record from 10/22/2025, 3:37:00.094 PM",2025-09-15T00:00:00.0000000Z,Non-AFB customer,0272117396415
AKCTLD,N/A,Passenger Record 2022,"Record from 10/22/2025, 4:01:16.820 PM",2025-10-21T00:00:00.0000000Z,Non-AFB customer,0272120967481
OMAIOD,N/A,Passenger Record 2023,"Record from 10/22/2025, 3:46:27.469 PM",2025-10-17T00:00:00.0000000Z,Non-AFB customer,0277341194123
CMGCHW,N/A,Passenger Record 2029,"Record from 10/22/2025, 6:36:16.231 PM",2025-10-04T00:00:00.0000000Z,Non-AFB customer,0272119261303
KKIWWE,N/A,Passenger Record 2082,"Record from 10/22/2025, 9:42:23.460 PM",2025-10-17T00:00:00.0000000Z,Non-AFB customer,0277379722701
NSYFDP,N/A,Passenger Record 2085,"Record from 10/22/2025, 9:44:35.338 PM",2025-10-21T00:00:00.0000000Z,Non-AFB customer,0272120924273
YLQXOZ,N/A,Passenger Record 2086,"Record from 10/22/2025, 10:07:38.053 PM",2025-09-17T00:00:00.0000000Z,Non-AFB customer,1732315564068
FFEXCP,N/A,Passenger Record 2088,"Record from 10/25/2025, 8:20:23.732 AM",2025-10-09T00:00:00.0000000Z,Non-AFB customer,0272119844511
NEXRZE,N/A,Passenger Record 2105,"Record from 10/25/2025, 8:09:38.137 AM",2025-09-25T00:00:00.0000000Z,Non-AFB customer,0272118417267
QQVVPK,N/A,Passenger Record 2122,"Record from 10/25/2025, 9:48:34.790 PM",2025-07-24T15:50:21.0000000Z,Non-AFB customer,0272112445199
QHEBST,N/A,Passenger Record 2123,"Record from 10/25/2025, 6:01:03.467 AM",2025-10-03T00:00:00.0000000Z,Non-AFB customer,0272119177580
HVWIAY,N/A,Passenger Record 2129,"Record from 10/25/2025, 6:43:40.792 AM",2025-10-23T00:00:00.0000000Z,Non-AFB customer,0742130245272
ARTZUE,N/A,Passenger Record 2146,"Record from 10/25/2025, 6:56:21.915 AM",2025-07-31T00:00:00.0000000Z,Non-AFB customer,0272113117836
HRKTGH,N/A,Passenger Record 2148,"Record from 10/25/2025, 1:45:58.104 AM",2025-10-24T00:00:00.0000000Z,Non-AFB customer,0272121269282
SAZRYE,N/A,Passenger Record 2160,"Record from 10/25/2025, 1:45:42.258 AM",2025-10-08T00:00:00.0000000Z,Non-AFB customer,0272119708463
DPHFMA,N/A,Passenger Record 2161,"Record from 10/25/2025, 2:14:20.670 AM",2025-10-22T00:00:00.0000000Z,Non-AFB customer,0272121075779
ULLVMC,N/A,Passenger Record 2169,"Record from 10/2/2025, 11:09:43.726 PM",2025-08-20T00:00:00.0000000Z,Non-AFB customer,0272115031975
EJRXZM,N/A,Passenger Record 2193,"Record from 10/25/2025, 6:39:52.390 PM",2025-10-23T00:00:00.0000000Z,Non-AFB customer,0272121164098
ALTZZH,N/A,Passenger Record 2197,"Record from 10/25/2025, 6:51:00.427 PM",2025-10-24T00:00:00.0000000Z,Non-AFB customer,1732316019140
UUEWDX,N/A,Passenger Record 2198,"Record from 10/25/2025, 7:11:10.560 PM",2025-08-06T00:00:00.0000000Z,Non-AFB customer,0272113647781
GSICYL,N/A,Passenger Record 2199,"Record from 10/26/2025, 2:13:59.882 AM",2025-10-12T00:00:00.0000000Z,Non-AFB customer,0272120063443
YZCYGF,N/A,Passenger Record 2201,"Record from 10/26/2025, 2:21:30.378 AM",2025-09-16T00:00:00.0000000Z,Non-AFB customer,0272117548485
FMKAUQ,N/A,Passenger Record 2202,"Record from 10/25/2025, 7:23:45.412 PM",2025-10-09T00:00:00.0000000Z,Non-AFB customer,0272119852599
WUZJXR,N/A,Passenger Record 2203,"Record from 10/25/2025, 7:12:52.172 PM",2025-10-16T00:00:00.0000000Z,Non-AFB customer,0162340748109
QHFCYH,N/A,Passenger Record 2205,"Record from 10/25/2025, 7:54:40.186 PM",2025-10-21T00:00:00.0000000Z,Non-AFB customer,0272121004700
MVFOSR,N/A,Passenger Record 2206,"Record from 10/25/2025, 7:53:44.898 PM",2025-10-09T00:00:00.0000000Z,Non-AFB customer,0272119850417
FGCCYP,N/A,Passenger Record 2208,"Record from 10/25/2025, 8:08:11.385 PM",2025-09-30T00:00:00.0000000Z,Non-AFB customer,0272118829099
CVVTPB,N/A,Passenger Record 2211,"Record from 10/12/2025, 2:35:49.128 AM",2025-09-23T00:00:00.0000000Z,Non-AFB customer,0272118187265
FIYSRU,N/A,Passenger Record 2212,"Record from 10/12/2025, 3:03:43.156 AM",2025-10-09T00:00:00.0000000Z,Non-AFB customer,0272119860015
SWQZSK,N/A,Passenger Record 2213,"Record from 10/12/2025, 4:58:15.276 AM",2025-05-08T00:00:00.0000000Z,Non-AFB customer,1732313301375
LPLNIO,N/A,Passenger Record 2214,"Record from 10/12/2025, 2:55:15.497 AM",2025-10-07T00:00:00.0000000Z,Non-AFB customer,0272119546154
MSHRVR,N/A,Passenger Record 2216,"Record from 10/12/2025, 3:48:18.314 AM",2025-10-09T00:00:00.0000000Z,Non-AFB customer,0272119848932
YIQHAW,N/A,Passenger Record 2217,"Record from 10/12/2025, 4:17:00.689 AM",2025-09-19T00:00:00.0000000Z,Non-AFB customer,0272117817742
CVHRZT,N/A,Passenger Record 2218,"Record from 10/11/2025, 9:07:28.292 PM",2025-10-10T00:00:00.0000000Z,Non-AFB customer,0272119915153
UQYIEE,N/A,Passenger Record 2219,"Record from 10/11/2025, 9:13:54.698 PM",2025-10-10T00:00:00.0000000Z,Non-AFB customer,0272119927819
SONPEM,N/A,Passenger Record 2221,"Record from 10/11/2025, 8:46:44.611 PM",2025-08-25T00:00:00.0000000Z,Non-AFB customer,0272115504325
HHPJTI,N/A,Passenger Record 2222,"Record from 10/11/2025, 10:39:58.078 PM",2025-09-08T00:00:00.0000000Z,Non-AFB customer,0272116761551
AEWOLC,N/A,Passenger Record 2230,"Record from 10/3/2025, 4:56:02.408 PM",2025-08-11T00:00:00.0000000Z,Non-AFB customer,0272114238556
OXOWJW,N/A,Passenger Record 2231,"Record from 10/4/2025, 4:10:21.014 AM",2025-09-11T17:09:29.0000000Z,Non-AFB customer,0272117095550
CCNZTC,N/A,Passenger Record 2237,"Record from 10/3/2025, 5:55:33.868 PM",2025-02-18T00:00:00.0000000Z,Non-AFB customer,0272397245747
JKXCYF,N/A,Passenger Record 2238,"Record from 10/3/2025, 5:26:10.120 PM",2025-09-30T00:00:00.0000000Z,Non-AFB customer,0272118807528
YBCSOU,N/A,Passenger Record 2239,"Record from 10/3/2025, 5:54:01.870 PM",2025-08-06T00:00:00.0000000Z,Non-AFB customer,0272113747050
MAZNYO,N/A,Passenger Record 2247,"Record from 10/3/2025, 4:36:13.903 PM",2025-07-07T00:00:00.0000000Z,Non-AFB customer,0272110763350
JVWAQW,N/A,Passenger Record 2248,"Record from 10/3/2025, 11:50:33.978 PM",2025-09-22T00:00:00.0000000Z,Non-AFB customer,0272118044063
NOEGIK,N/A,Passenger Record 2249,"Record from 10/3/2025, 11:41:10.459 PM",2025-09-30T00:00:00.0000000Z,Non-AFB customer,0277336935583
EAWCGB,N/A,Passenger Record 2250,"Record from 10/4/2025, 2:15:13.794 AM",2025-10-02T00:00:00.0000000Z,Non-AFB customer,0272119130182
UQTGGD,N/A,Passenger Record 2251,"Record from 10/5/2025, 4:31:43.476 AM",2025-09-26T12:18:19.0000000Z,Non-AFB customer,1255068785845
GBXJUO,N/A,Passenger Record 2253,"Record from 10/3/2025, 10:36:24.596 PM",2021-10-24T00:00:00.0000000Z,Non-AFB customer,0272118092010
NNUXNL,N/A,Passenger Record 2256,"Record from 10/3/2025, 10:35:22.577 PM",2025-09-18T00:00:00.0000000Z,Non-AFB customer,0272117744198
NXEGOR,N/A,Passenger Record 2262,"Record from 10/3/2025, 8:56:11.966 PM",2025-06-23T00:00:00.0000000Z,Non-AFB customer,1732314112484
GZMUZQ,N/A,Passenger Record 2263,"Record from 10/3/2025, 8:56:02.745 PM",2025-09-28T00:00:00.0000000Z,Non-AFB customer,0272118610381
CZMGOQ,N/A,Passenger Record 2266,"Record from 10/3/2025, 8:41:00.090 PM",2025-09-06T00:00:00.0000000Z,Non-AFB customer,0272116614300
SRBNBB,N/A,Passenger Record 2283,"Record from 10/10/2025, 10:09:25.360 PM",2025-10-09T00:00:00.0000000Z,Non-AFB customer,0272119860598
UBTCML,N/A,Passenger Record 2284,"Record from 10/10/2025, 9:35:00.378 PM",2025-10-10T00:00:00.0000000Z,Non-AFB customer,0272119873531
IMVTRN,N/A,Passenger Record 2288,"Record from 10/10/2025, 8:43:13.076 PM",2025-10-08T00:00:00.0000000Z,Non-AFB customer,0272119642234
YBZVEC,N/A,Passenger Record 2301,"Record from 10/10/2025, 10:40:10.539 PM",2025-04-01T00:00:00.0000000Z,Non-AFB customer,0272101312434
SSVGYY,N/A,Passenger Record 2312,"Record from 10/10/2025, 7:56:54.818 PM",2025-10-09T00:00:00.0000000Z,Non-AFB customer,0272119839385
DYNFRU,N/A,Passenger Record 2314,"Record from 10/10/2025, 8:13:49.511 PM",2025-10-09T00:00:00.0000000Z,Non-AFB customer,0272119784937
DINTQV,N/A,Passenger Record 2324,"Record from 10/10/2025, 7:40:01.290 PM",2025-09-04T00:00:00.0000000Z,Non-AFB customer,0272116382160
OTCIIE,N/A,Passenger Record 2325,"Record from 10/10/2025, 7:38:12.256 PM",2025-08-08T00:00:00.0000000Z,Non-AFB customer,0272114004096
UBSFFC,N/A,Passenger Record 2326,"Record from 10/10/2025, 7:55:16.333 PM",2025-09-12T00:00:00.0000000Z,Non-AFB customer,0272117160423
HZIJNW,N/A,Passenger Record 2327,"Record from 10/10/2025, 6:55:01.122 PM",2025-05-20T00:00:00.0000000Z,Non-AFB customer,0272106151263
GQZZVJ,N/A,Passenger Record 2338,"Record from 10/10/2025, 6:26:01.282 PM",2025-10-04T00:00:00.0000000Z,Non-AFB customer,0272119265931
FMWSIG,N/A,Passenger Record 2382,"Record from 10/15/2025, 3:00:53.717 AM",2025-10-07T00:00:00.0000000Z,Non-AFB customer,0272119597711
MUOKPF,N/A,Passenger Record 2397,"Record from 10/15/2025, 2:43:48.236 AM",2025-10-10T00:00:00.0000000Z,Non-AFB customer,0272119914884
LCHAEN,N/A,Passenger Record 2399,"Record from 10/15/2025, 3:07:42.673 AM",2025-10-13T00:00:00.0000000Z,Non-AFB customer,0272120175918
UXJMIT,N/A,Passenger Record 2444,"Record from 10/20/2025, 3:20:19.941 AM",2025-08-05T00:00:00.0000000Z,Non-AFB customer,0272113573400
JKPZMF,N/A,Passenger Record 2446,"Record from 10/21/2025, 9:39:59.141 PM",2025-10-21T00:00:00.0000000Z,Non-AFB customer,0272120931618
UZHDEP,N/A,Passenger Record 2447,"Record from 10/21/2025, 9:44:06.054 PM",2025-10-16T00:00:00.0000000Z,Non-AFB customer,0272120537324
FYPTBG,N/A,Passenger Record 2448,"Record from 10/21/2025, 9:49:20.746 PM",2025-10-11T00:00:00.0000000Z,Non-AFB customer,0272119990019
EKBQWN,N/A,Passenger Record 2450,"Record from 10/21/2025, 8:03:11.468 PM",2025-10-20T00:00:00.0000000Z,Non-AFB customer,0272120893903
OUMWED,N/A,Passenger Record 2455,"Record from 10/21/2025, 8:03:53.321 PM",2025-09-10T00:00:00.0000000Z,Non-AFB customer,0277217293943
EFZKHZ,N/A,Passenger Record 2457,"Record from 10/21/2025, 8:42:46.735 PM",2025-09-26T00:00:00.0000000Z,Non-AFB customer,0272118505498
SGGYQJ,N/A,Passenger Record 2458,"Record from 10/21/2025, 8:53:24.619 PM",2025-10-20T00:00:00.0000000Z,Non-AFB customer,0272120890539
YGCSIW,N/A,Passenger Record 2459,"Record from 10/21/2025, 9:03:01.744 PM",2025-03-30T00:00:00.0000000Z,Non-AFB customer,0272101139905
INYECR,N/A,Passenger Record 2463,"Record from 10/21/2025, 8:37:48.946 PM",2025-10-01T00:00:00.0000000Z,Non-AFB customer,0272119024492
QFQSLN,N/A,Passenger Record 2465,"Record from 10/21/2025, 8:59:22.526 PM",2025-10-18T00:00:00.0000000Z,Non-AFB customer,0272120725325
NUJJJA,N/A,Passenger Record 2466,"Record from 10/21/2025, 7:05:56.335 PM",2025-06-19T00:00:00.0000000Z,Non-AFB customer,0277236342862
CDQOBU,N/A,Passenger Record 2467,"Record from 10/21/2025, 7:35:48.820 PM",2025-10-14T00:00:00.0000000Z,Non-AFB customer,0277340618265
SCMPYT,N/A,Passenger Record 2469,"Record from 10/21/2025, 8:04:16.119 PM",2025-08-06T00:00:00.0000000Z,Non-AFB customer,0272113658984
SVMJKY,N/A,Passenger Record 2471,"Record from 10/21/2025, 7:18:48.832 PM",2025-09-26T00:00:00.0000000Z,Non-AFB customer,0277336279570
KEDSCL,N/A,Passenger Record 2472,"Record from 10/21/2025, 7:27:41.849 PM",2025-09-08T00:00:00.0000000Z,Non-AFB customer,0272116730563
HXQFIP,N/A,Passenger Record 2494,"Record from 10/21/2025, 9:16:07.992 PM",2025-03-06T00:00:00.0000000Z,Non-AFB customer,0272398822610
KTWRYS,N/A,Passenger Record 2499,"Record from 10/9/2025, 11:09:35.093 PM",2025-05-13T00:00:00.0000000Z,Non-AFB customer,0272105472320
KIQCCR,N/A,Passenger Record 2501,"Record from 10/9/2025, 8:45:42.072 PM",2025-08-14T00:00:00.0000000Z,Non-AFB customer,0272114569990
QOHTHD,N/A,Passenger Record 2503,"Record from 10/9/2025, 8:42:46.131 PM",2025-09-30T00:00:00.0000000Z,Non-AFB customer,0272118899937
GEBQZV,N/A,Passenger Record 2505,"Record from 10/9/2025, 8:47:59.684 PM",2025-10-05T00:00:00.0000000Z,Non-AFB customer,0272119351580
WPMGRE,N/A,Passenger Record 2506,"Record from 10/9/2025, 9:54:01.102 PM",2025-10-01T00:00:00.0000000Z,Non-AFB customer,0272118988445
MNGLJM,N/A,Passenger Record 2507,"Record from 10/9/2025, 9:54:18.490 PM",2025-09-02T00:00:00.0000000Z,Non-AFB customer,0272116177739
GSTQYR,N/A,Passenger Record 2509,"Record from 10/25/2025, 3:35:39.439 AM",2025-10-04T00:00:00.0000000Z,Non-AFB customer,0272119260569
UBDOCI,N/A,Passenger Record 2510,"Record from 10/25/2025, 3:45:14.206 AM",2025-09-25T00:00:00.0000000Z,Non-AFB customer,0272118406211
JMAJKW,N/A,Passenger Record 2517,"Record from 10/25/2025, 3:55:35.390 AM",2025-10-18T00:00:00.0000000Z,Non-AFB customer,0272120663174
EAIYRU,N/A,Passenger Record 2534,"Record from 10/25/2025, 4:08:00.111 AM",2025-05-21T00:00:00.0000000Z,Non-AFB customer,0272106286146
HJETUV,N/A,Passenger Record 2539,"Record from 10/25/2025, 2:46:53.613 AM",2025-10-19T00:00:00.0000000Z,Non-AFB customer,0272120732803
IOIZNA,N/A,Passenger Record 2540,"Record from 10/25/2025, 5:22:58.461 AM",2025-10-24T00:00:00.0000000Z,Non-AFB customer,0277342957980
DQGYDE,N/A,Passenger Record 2541,"Record from 10/25/2025, 5:24:06.056 AM",2025-10-22T00:00:00.0000000Z,Non-AFB customer,0272121089380
IHRLCN,N/A,Passenger Record 2543,"Record from 10/25/2025, 5:06:54.770 AM",2025-09-24T00:00:00.0000000Z,Non-AFB customer,0277377560905
KJMWHT,N/A,Passenger Record 2546,"Record from 10/25/2025, 4:19:40.258 AM",2025-05-24T00:00:00.0000000Z,Non-AFB customer,0272106505643
HPGXDC,N/A,Passenger Record 2552,"Record from 10/25/2025, 5:10:45.253 AM",2025-10-13T00:00:00.0000000Z,Non-AFB customer,0272120191589
FNPIFN,N/A,Passenger Record 2564,"Record from 10/25/2025, 5:20:15.717 AM",2025-10-24T04:13:06.0000000Z,Non-AFB customer,0272121272129
HJNHDV,N/A,Passenger Record 2576,"Record from 10/25/2025, 2:59:40.714 AM",2025-10-09T00:00:00.0000000Z,Non-AFB customer,0277339460165
MZVFCQ,N/A,Passenger Record 2577,"Record from 10/25/2025, 3:01:25.421 AM",2025-10-24T00:00:00.0000000Z,Non-AFB customer,0272121282143
QHTFQB,N/A,Passenger Record 2581,"Record from 10/25/2025, 4:24:07.488 AM",2025-10-18T22:16:09.0000000Z,Non-AFB customer,0272120724458
FVLEEZ,N/A,Passenger Record 2582,"Record from 10/25/2025, 3:18:32.171 AM",2025-10-07T00:00:00.0000000Z,Non-AFB customer,0277338848876
QBXFSW,N/A,Passenger Record 2587,"Record from 10/25/2025, 4:24:15.095 AM",2025-10-13T00:00:00.0000000Z,Non-AFB customer,0272120225125
QGTGTN,N/A,Passenger Record 2589,"Record from 10/25/2025, 4:35:42.171 AM",2025-07-18T00:00:00.0000000Z,Non-AFB customer,0272111897600
LPSXFL,N/A,Passenger Record 2595,"Record from 10/26/2025, 7:24:24.902 AM",2025-09-24T00:00:00.0000000Z,Non-AFB customer,0272118282290
UNPNZC,N/A,Passenger Record 2616,"Record from 10/26/2025, 2:26:50.597 AM",2025-10-02T00:00:00.0000000Z,Non-AFB customer,0272119060954
NYCZKT,N/A,Passenger Record 2623,"Record from 10/26/2025, 6:47:13.421 AM",2025-10-17T00:00:00.0000000Z,Non-AFB customer,0277341164426
IBBXLN,N/A,Passenger Record 2624,"Record from 10/26/2025, 4:23:00.077 AM",2025-09-02T00:00:00.0000000Z,Non-AFB customer,0272116117816
OVRQPK,N/A,Passenger Record 2634,"Record from 10/26/2025, 3:58:32.026 PM",2025-10-19T00:00:00.0000000Z,Non-AFB customer,0272120757716
MRJLER,N/A,Passenger Record 2635,"Record from 10/26/2025, 4:02:18.749 PM",2025-08-30T00:00:00.0000000Z,Non-AFB customer,0272115923144
KAYJVP,N/A,Passenger Record 2640,"Record from 10/27/2025, 1:08:58.278 AM",2025-08-26T00:00:00.0000000Z,Non-AFB customer,0272115540152
ERUIQW,N/A,Passenger Record 2643,"Record from 10/27/2025, 1:12:16.473 AM",2025-10-01T00:00:00.0000000Z,Non-AFB customer,0272118985197
USUDXV,N/A,Passenger Record 2645,"Record from 10/27/2025, 1:43:42.734 AM",2025-08-20T00:00:00.0000000Z,Non-AFB customer,0272115061949
KWXJYL,N/A,Passenger Record 2646,"Record from 10/18/2025, 12:33:38.753 AM",2025-08-31T00:00:00.0000000Z,Non-AFB customer,0272116024227
GQXYWK,N/A,Passenger Record 2647,"Record from 10/17/2025, 11:41:50.754 PM",2025-10-17T00:00:00.0000000Z,Non-AFB customer,0272120631717
NYYGMN,N/A,Passenger Record 2648,"Record from 10/17/2025, 11:43:13.770 PM",2025-10-01T00:00:00.0000000Z,Non-AFB customer,0277337283592
JTTYBS,N/A,Passenger Record 2650,"Record from 10/17/2025, 11:51:10.308 PM",2025-08-21T00:00:00.0000000Z,Non-AFB customer,0272115159151
YCKLRI,N/A,Passenger Record 2751,"Record from 10/27/2025, 12:31:44.981 AM",2025-10-26T00:00:00.0000000Z,Non-AFB customer,0272121470008
ORVVYC,N/A,Passenger Record 2756,"Record from 10/27/2025, 12:58:47.494 AM",2025-10-17T00:00:00.0000000Z,Non-AFB customer,0012283433480
HYUMZG,N/A,Passenger Record 2759,"Record from 10/4/2025, 6:06:40.173 PM",2025-09-04T00:00:00.0000000Z,Non-AFB customer,0272116375936
STZTCA,N/A,Passenger Record 2760,"Record from 10/4/2025, 6:22:01.245 PM",2025-09-26T00:00:00.0000000Z,Non-AFB customer,0277336126738
DXIZSC,N/A,Passenger Record 2761,"Record from 10/4/2025, 8:52:01.612 PM",2025-08-28T00:00:00.0000000Z,Non-AFB customer,0272115795515
IIKTHC,N/A,Passenger Record 2766,"Record from 10/4/2025, 7:06:55.282 PM",2025-05-26T00:00:00.0000000Z,Non-AFB customer,0272106686677
QGFSDY,N/A,Passenger Record 2768,"Record from 10/4/2025, 8:37:01.622 PM",2025-08-15T00:00:00.0000000Z,Non-AFB customer,0272114608781
OJULSJ,N/A,Passenger Record 2769,"Record from 10/4/2025, 7:45:31.444 PM",2025-09-01T00:00:00.0000000Z,Non-AFB customer,0272116093195
CWRDIB,N/A,Passenger Record 2771,"Record from 10/4/2025, 12:20:02.947 PM",2025-09-27T00:00:00.0000000Z,Non-AFB customer,0272118548918
FIWMKZ,N/A,Passenger Record 2772,"Record from 10/4/2025, 11:55:43.313 AM",2025-09-13T00:00:00.0000000Z,Non-AFB customer,0272117281769
DDQMQT,N/A,Passenger Record 2776,"Record from 10/4/2025, 11:10:28.481 AM",2025-10-01T00:00:00.0000000Z,Non-AFB customer,1737378667032
QBCWUP,N/A,Passenger Record 2777,"Record from 10/4/2025, 12:04:07.439 PM",2025-07-20T00:00:00.0000000Z,Non-AFB customer,0272112053940
HKJKIG,N/A,Passenger Record 2797,"Record from 10/5/2025, 4:37:00.964 AM",2025-08-07T00:00:00.0000000Z,Non-AFB customer,0272113874089
FMVDHJ,N/A,Passenger Record 2809,"Record from 10/24/2025, 6:14:58.338 PM",2025-10-24T00:00:00.0000000Z,Non-AFB customer,0272121263802
YYDBGY,N/A,Passenger Record 2811,"Record from 10/24/2025, 6:15:37.172 PM",2025-10-10T00:00:00.0000000Z,Non-AFB customer,0277339629320
JOACDK,N/A,Passenger Record 2816,"Record from 10/24/2025, 5:51:51.868 PM",2025-09-25T00:00:00.0000000Z,Non-AFB customer,0272118342019
YDZLSE,N/A,Passenger Record 2817,"Record from 10/24/2025, 6:33:11.433 PM",2025-10-12T00:00:00.0000000Z,Non-AFB customer,0272120094599
FKFJSK,N/A,Passenger Record 2818,"Record from 10/24/2025, 6:37:45.657 PM",2025-09-28T00:00:00.0000000Z,Non-AFB customer,0272118615051
EJHUMI,N/A,Passenger Record 2826,"Record from 10/24/2025, 5:39:14.225 PM",2025-10-14T00:00:00.0000000Z,Non-AFB customer,0277340610461
LHCAZH,N/A,Passenger Record 2840,"Record from 10/24/2025, 4:18:00.463 PM",2025-09-18T00:00:00.0000000Z,Non-AFB customer,0272117770322
KXFRNL,N/A,Passenger Record 2842,"Record from 10/24/2025, 4:32:28.962 PM",2025-10-10T00:00:00.0000000Z,Non-AFB customer,0277339794088
LIHFRB,N/A,Passenger Record 2878,"Record from 10/25/2025, 12:23:05.558 AM",2025-10-15T00:00:00.0000000Z,Non-AFB customer,1572129532481
YPNVPH,N/A,Passenger Record 2887,"Record from 10/25/2025, 12:43:42.226 AM",2025-10-24T00:00:00.0000000Z,Non-AFB customer,0272121275904
JYIJBL,N/A,Passenger Record 2896,"Record from 10/25/2025, 12:54:00.179 AM",2025-09-17T00:00:00.0000000Z,Non-AFB customer,0272117601430
MWZFJT,N/A,Passenger Record 2908,"Record from 10/25/2025, 2:45:18.270 AM",2025-10-17T00:00:00.0000000Z,Non-AFB customer,0272120594518
LMQIFO,N/A,Passenger Record 2927,"Record from 10/25/2025, 1:27:52.343 AM",2025-10-10T00:00:00.0000000Z,Non-AFB customer,0277339794076
MJFLPM,N/A,Passenger Record 2944,"Record from 10/25/2025, 1:11:09.631 AM",2025-09-08T00:00:00.0000000Z,Non-AFB customer,0272116773231
FFJPRL,N/A,Passenger Record 2948,"Record from 10/25/2025, 3:56:00.080 PM",2025-09-26T00:00:00.0000000Z,Non-AFB customer,0272118516549
ICDSDM,N/A,Passenger Record 2949,"Record from 10/25/2025, 4:01:10.221 PM",2025-10-24T00:00:00.0000000Z,Non-AFB customer,0272121320573
GMYOVN,N/A,Passenger Record 2950,"Record from 10/25/2025, 4:20:44.317 PM",2025-10-22T00:00:00.0000000Z,Non-AFB customer,0272121053884
ADMXZB,N/A,Passenger Record 2951,"Record from 10/25/2025, 4:23:26.678 PM",2025-09-21T00:00:00.0000000Z,Non-AFB customer,0277377322406
IOWMEW,N/A,Passenger Record 2965,"Record from 10/25/2025, 5:21:46.488 PM",2025-10-07T00:00:00.0000000Z,Non-AFB customer,0012281133408
DXOATA,N/A,Passenger Record 2977,"Record from 10/25/2025, 10:18:49.592 PM",2025-10-21T00:00:00.0000000Z,Non-AFB customer,0272120962744
CNKJDA,N/A,Passenger Record 2994,"Record from 10/23/2025, 12:36:56.558 AM",2025-09-14T00:00:00.0000000Z,Non-AFB customer,0272117351361
YAJSIQ,N/A,Passenger Record 2998,"Record from 10/23/2025, 3:10:16.723 AM",2025-10-21T00:00:00.0000000Z,Non-AFB customer,0272120995542
JPKPPC,N/A,Passenger Record 2999,"Record from 10/23/2025, 3:56:15.947 AM",2025-10-20T00:00:00.0000000Z,Non-AFB customer,0272120856138
HRPTGK,N/A,Passenger Record 3005,"Record from 10/23/2025, 3:12:47.118 AM",2025-10-14T00:00:00.0000000Z,Non-AFB customer,0272120313500
ILHVYF,N/A,Passenger Record 3015,"Record from 10/23/2025, 3:29:49.621 AM",2025-10-02T00:00:00.0000000Z,Non-AFB customer,0272119040995
MHKIAX,N/A,Passenger Record 3023,"Record from 10/23/2025, 4:09:30.413 AM",2025-09-10T00:00:00.0000000Z,Non-AFB customer,0272116948243
JUMHPX,N/A,Passenger Record 3028,"Record from 10/23/2025, 12:40:46.346 AM",2025-10-07T00:00:00.0000000Z,Non-AFB customer,0272119576572
KUHZGT,N/A,Passenger Record 3029,"Record from 10/23/2025, 12:53:27.970 AM",2025-09-15T00:00:00.0000000Z,Non-AFB customer,0272117388599
EZYHSG,N/A,Passenger Record 3038,"Record from 10/22/2025, 10:54:34.880 PM",2025-07-11T00:00:00.0000000Z,Non-AFB customer,0272111148173
WMEWYL,N/A,Passenger Record 3060,"Record from 10/22/2025, 10:57:13.423 PM",2025-10-09T00:00:00.0000000Z,Non-AFB customer,0272119818207
WPSLWR,N/A,Passenger Record 3061,"Record from 10/22/2025, 10:58:48.956 PM",2025-10-21T00:00:00.0000000Z,Non-AFB customer,0272120964334
ILINOK,N/A,Passenger Record 3064,"Record from 10/28/2025, 1:15:43.120 PM",2025-10-24T00:00:00.0000000Z,Non-AFB customer,0272121343018
LEAOHB,N/A,Passenger Record 3068,"Record from 10/28/2025, 4:39:13.444 PM",2025-09-30T01:44:39.0000000Z,Non-AFB customer,0272118804611
JUQFDV,N/A,Passenger Record 3069,"Record from 10/28/2025, 1:54:21.380 PM",2025-10-14T00:00:00.0000000Z,Non-AFB customer,0272120292286
IOCEWC,N/A,Passenger Record 3071,"Record from 10/28/2025, 9:01:33.119 AM",2025-06-30T00:00:00.0000000Z,Non-AFB customer,0272110090451
YCNYLF,N/A,Passenger Record 3073,"Record from 10/28/2025, 4:43:36.172 PM",2025-10-12T15:53:44.0000000Z,Non-AFB customer,0272120085659
JFEACK,N/A,Passenger Record 3075,"Record from 10/28/2025, 6:19:16.127 AM",2025-10-27T00:00:00.0000000Z,Non-AFB customer,0277381903711
AEPEPM,N/A,Passenger Record 3078,"Record from 10/28/2025, 6:26:42.856 AM",2025-10-22T00:00:00.0000000Z,Non-AFB customer,0272121112558
LDMPLF,N/A,Passenger Record 3079,"Record from 10/28/2025, 4:19:42.151 AM",2025-10-22T00:00:00.0000000Z,Non-AFB customer,0272121045087
UIPXQY,N/A,Passenger Record 3085,"Record from 10/28/2025, 4:34:50.267 AM",2025-10-16T00:00:00.0000000Z,Non-AFB customer,0272120495643
IMWGLF,N/A,Passenger Record 3091,"Record from 10/28/2025, 7:20:10.730 AM",2025-10-16T00:00:00.0000000Z,Non-AFB customer,0277395279890
CHLGLU,N/A,Passenger Record 3092,"Record from 10/28/2025, 4:46:44.072 AM",2025-10-27T00:00:00.0000000Z,Non-AFB customer,0272121636972
AISPDZ,N/A,Passenger Record 3098,"Record from 10/14/2025, 9:13:22.903 PM",2025-09-18T00:00:00.0000000Z,Non-AFB customer,0272117755900
GTZEEG,N/A,Passenger Record 3100,"Record from 10/14/2025, 5:31:33.519 PM",2025-09-18T00:00:00.0000000Z,Non-AFB customer,0272117693388
DGDIOX,N/A,Passenger Record 3112,"Record from 10/14/2025, 5:25:54.189 PM",2025-05-29T00:00:00.0000000Z,Non-AFB customer,0272107055391
NUSUQQ,N/A,Passenger Record 3117,"Record from 10/14/2025, 7:45:18.556 PM",2025-08-24T00:00:00.0000000Z,Non-AFB customer,0272115410642
YVZJWO,N/A,Passenger Record 3119,"Record from 10/14/2025, 8:49:01.352 PM",2025-10-07T00:00:00.0000000Z,Non-AFB customer,0272119597880
WNVYZX,N/A,Passenger Record 3136,"Record from 10/5/2025, 8:12:18.876 PM",2025-09-17T00:00:00.0000000Z,Non-AFB customer,0277216961328
SVLZDE,N/A,Passenger Record 3137,"Record from 10/5/2025, 9:05:31.309 PM",2025-06-16T00:00:00.0000000Z,Non-AFB customer,0012249530367
NUXRMU,N/A,Passenger Record 3203,"Record from 10/16/2025, 8:28:15.904 PM",2025-09-17T00:00:00.0000000Z,Non-AFB customer,0272117657573
WIPDJN,N/A,Passenger Record 3206,"Record from 10/16/2025, 8:55:48.958 PM",2025-08-21T00:00:00.0000000Z,Non-AFB customer,0277326487630
SZAJZG,N/A,Passenger Record 3222,"Record from 10/16/2025, 9:12:05.301 PM",2021-11-21T00:00:00.0000000Z,Non-AFB customer,0272120475415
UNDQOC,N/A,Passenger Record 3228,"Record from 10/16/2025, 6:59:21.500 PM",2025-09-13T00:00:00.0000000Z,Non-AFB customer,0272117221773
WFXTBQ,N/A,Passenger Record 3230,"Record from 10/16/2025, 8:42:55.924 PM",2025-10-02T00:00:00.0000000Z,Non-AFB customer,0272119086273
UFUDYC,N/A,Passenger Record 3232,"Record from 10/16/2025, 9:13:01.564 PM",2025-09-16T00:00:00.0000000Z,Non-AFB customer,0272117492096
LEDLFZ,N/A,Passenger Record 3235,"Record from 10/18/2025, 2:36:25.862 AM",2025-09-20T00:00:00.0000000Z,Non-AFB customer,0272117902725
FFXTCN,N/A,Passenger Record 3237,"Record from 10/18/2025, 3:36:11.600 AM",2025-10-03T00:00:00.0000000Z,Non-AFB customer,0272119164270
AJJSLH,N/A,Passenger Record 3241,"Record from 10/18/2025, 2:05:28.266 AM",2025-10-17T00:00:00.0000000Z,Non-AFB customer,0272120633888
ADCURO,N/A,Passenger Record 3243,"Record from 10/18/2025, 1:33:37.360 AM",2025-04-30T00:00:00.0000000Z,Non-AFB customer,0277256349890
LLWLTM,N/A,Passenger Record 3245,"Record from 10/18/2025, 1:47:35.978 AM",2025-08-14T00:00:00.0000000Z,Non-AFB customer,0272114562021
AZATXX,N/A,Passenger Record 3246,"Record from 10/18/2025, 1:38:42.515 AM",2025-10-13T00:00:00.0000000Z,Non-AFB customer,0277380212063
MTUFMU,N/A,Passenger Record 3262,"Record from 10/3/2025, 6:55:29.498 PM",2025-08-06T00:00:00.0000000Z,Non-AFB customer,0272113652270
YZCTLL,N/A,Passenger Record 3268,"Record from 10/3/2025, 6:41:01.615 PM",2025-09-02T00:00:00.0000000Z,Non-AFB customer,0272116114419
FSSQAK,N/A,Passenger Record 3271,"Record from 10/3/2025, 7:25:49.641 PM",2025-09-25T00:00:00.0000000Z,Non-AFB customer,0272118394400
AQVCLG,N/A,Passenger Record 3272,"Record from 10/3/2025, 7:26:08.774 PM",2025-08-06T00:00:00.0000000Z,Non-AFB customer,0272113657828
AAJECE,N/A,Passenger Record 3278,"Record from 10/28/2025, 5:37:01.742 PM",2025-09-11T00:00:00.0000000Z,Non-AFB customer,0272117096216
DGRMVL,N/A,Passenger Record 3279,"Record from 10/28/2025, 5:37:13.843 PM",2025-08-25T00:00:00.0000000Z,Non-AFB customer,0277327483537
HCRHGH,N/A,Passenger Record 3310,"Record from 10/28/2025, 6:01:45.039 PM",2025-10-27T00:00:00.0000000Z,Non-AFB customer,0272121553725
WCQYQA,N/A,Passenger Record 3315,"Record from 10/28/2025, 6:02:57.278 PM",2025-10-23T00:00:00.0000000Z,Non-AFB customer,0277395564077
HGRVHO,N/A,Passenger Record 3316,"Record from 10/28/2025, 6:03:35.833 PM",2025-02-10T00:00:00.0000000Z,Non-AFB customer,1737221032991
UGSOVO,N/A,Passenger Record 3317,"Record from 10/28/2025, 4:20:23.911 PM",2025-09-28T00:00:00.0000000Z,Non-AFB customer,0272118634135
ENYXUE,N/A,Passenger Record 3319,"Record from 10/28/2025, 3:20:21.160 PM",2025-10-27T00:00:00.0000000Z,Non-AFB customer,0277343671392
GHUYHJ,N/A,Passenger Record 3329,"Record from 10/28/2025, 4:54:40.847 PM",2025-10-24T00:00:00.0000000Z,Non-AFB customer,0277238951941
YWWYKI,N/A,Passenger Record 3336,"Record from 10/28/2025, 4:26:51.848 PM",2025-10-28T00:00:00.0000000Z,Non-AFB customer,0272121653449
HXWYSO,N/A,Passenger Record 3342,"Record from 10/28/2025, 4:30:26.011 PM",2025-09-30T00:00:00.0000000Z,Non-AFB customer,0272118868719
KVLQXJ,N/A,Passenger Record 3344,"Record from 10/28/2025, 4:31:23.594 PM",2025-10-26T00:00:00.0000000Z,Non-AFB customer,0277381896977
MDPWLN,N/A,Passenger Record 3354,"Record from 10/28/2025, 5:04:27.283 PM",2025-10-26T00:00:00.0000000Z,Non-AFB customer,0272121499338
DZRXAK,N/A,Passenger Record 3362,"Record from 10/28/2025, 5:32:27.275 PM",2025-07-13T00:00:00.0000000Z,Non-AFB customer,0272111336198
MAGARO,N/A,Passenger Record 3378,"Record from 10/28/2025, 6:06:31.748 PM",2025-09-24T00:00:00.0000000Z,Non-AFB customer,0272118291394
HPAQNF,N/A,Passenger Record 3380,"Record from 10/28/2025, 6:08:01.273 PM",2025-10-13T00:00:00.0000000Z,Non-AFB customer,0272120190668
CYQFOQ,N/A,Passenger Record 3390,"Record from 10/28/2025, 6:38:01.527 PM",2025-09-12T00:00:00.0000000Z,Non-AFB customer,0272117164865
HZWTYY,N/A,Passenger Record 3399,"Record from 10/28/2025, 6:30:03.750 PM",2025-09-30T00:00:00.0000000Z,Non-AFB customer,0272118870165
SBQZTL,N/A,Passenger Record 3400,"Record from 10/28/2025, 6:22:59.526 PM",2025-10-27T00:00:00.0000000Z,Non-AFB customer,0272121545462
ECLYGO,N/A,Passenger Record 3402,"Record from 10/11/2025, 4:11:07.155 AM",2025-09-15T00:00:00.0000000Z,Non-AFB customer,0272117366694
MOZENY,N/A,Passenger Record 3411,"Record from 10/11/2025, 4:07:32.646 AM",2025-10-08T00:00:00.0000000Z,Non-AFB customer,0272119729454
IMHFXS,N/A,Passenger Record 3417,"Record from 10/11/2025, 8:06:57.849 AM",2025-09-23T00:00:00.0000000Z,Non-AFB customer,0272118122502
OEXGCV,N/A,Passenger Record 3430,"Record from 10/11/2025, 8:11:15.814 AM",2025-09-03T00:00:00.0000000Z,Non-AFB customer,0272116261082
IEWVVZ,N/A,Passenger Record 3431,"Record from 10/11/2025, 4:39:56.782 AM",2025-07-08T00:00:00.0000000Z,Non-AFB customer,0272110804974
WDDAOY,N/A,Passenger Record 3446,"Record from 10/10/2025, 3:20:11.350 AM",2025-03-30T00:00:00.0000000Z,Non-AFB customer,0272101099554
JSVBCD,N/A,Passenger Record 3447,"Record from 10/10/2025, 3:21:00.069 AM",2025-09-14T00:00:00.0000000Z,Non-AFB customer,0272117322677
MNBAVY,N/A,Passenger Record 3449,"Record from 10/10/2025, 2:32:40.489 AM",2025-10-08T00:00:00.0000000Z,Non-AFB customer,0272119731878
SKRJKX,N/A,Passenger Record 3450,"Record from 10/10/2025, 2:09:13.506 AM",2025-07-19T00:00:00.0000000Z,Non-AFB customer,0272111939624
DSBXRZ,N/A,Passenger Record 3451,"Record from 10/10/2025, 2:10:38.796 AM",2025-05-04T00:00:00.0000000Z,Non-AFB customer,0272104489289
ECAQOO,N/A,Passenger Record 3452,"Record from 10/10/2025, 2:40:18.526 AM",2025-09-19T00:00:00.0000000Z,Non-AFB customer,0277311381299
IGILDQ,N/A,Passenger Record 3466,"Record from 10/3/2025, 7:11:02.034 AM",2025-07-23T00:00:00.0000000Z,Non-AFB customer,0272112358685
QDMFCQ,N/A,Passenger Record 3478,"Record from 10/3/2025, 6:43:37.145 AM",2025-09-02T00:00:00.0000000Z,Non-AFB customer,0272116159687
WVRNCO,N/A,Passenger Record 3518,"Record from 10/4/2025, 2:22:14.011 AM",2025-05-18T00:00:00.0000000Z,Non-AFB customer,0272105945462
NYDKLI,N/A,Passenger Record 3519,"Record from 10/27/2025, 3:48:39.790 PM",2025-10-27T00:00:00.0000000Z,Non-AFB customer,0272121532752
AEHJOZ,N/A,Passenger Record 3521,"Record from 10/27/2025, 4:26:23.203 PM",2025-10-03T00:00:00.0000000Z,Non-AFB customer,0272119176079
MBUMPS,N/A,Passenger Record 3546,"Record from 10/27/2025, 4:52:30.852 PM",2025-10-26T00:00:00.0000000Z,Non-AFB customer,0277343362318
NQWLZG,N/A,Passenger Record 3549,"Record from 10/28/2025, 5:23:49.572 AM",2025-09-14T00:00:00.0000000Z,Non-AFB customer,0272117304683
MPGORR,N/A,Passenger Record 3565,"Record from 10/27/2025, 9:35:15.497 PM",2025-10-14T00:00:00.0000000Z,Non-AFB customer,0272120310379
HPTMPW,N/A,Passenger Record 3566,"Record from 10/27/2025, 10:07:00.986 PM",2025-09-05T00:00:00.0000000Z,Non-AFB customer,0272116476191
QVUEMR,N/A,Passenger Record 3567,"Record from 10/27/2025, 10:01:28.118 PM",2025-09-24T00:00:00.0000000Z,Non-AFB customer,0272118254008
LNZZSH,N/A,Passenger Record 3573,"Record from 10/27/2025, 8:09:25.358 PM",2025-10-10T00:00:00.0000000Z,Non-AFB customer,0272119886309
LQJSOD,N/A,Passenger Record 3574,"Record from 10/27/2025, 8:04:19.792 PM",2025-10-10T00:00:00.0000000Z,Non-AFB customer,0277379882524
CEFYXJ,N/A,Passenger Record 3576,"Record from 10/27/2025, 8:20:13.321 PM",2025-06-25T00:00:00.0000000Z,Non-AFB customer,0272109582433
YBNQWZ,N/A,Passenger Record 3610,"Record from 10/24/2025, 3:40:46.087 AM",2025-08-21T00:00:00.0000000Z,Non-AFB customer,0277373124067
SDVHMH,N/A,Passenger Record 3652,"Record from 10/24/2025, 2:38:25.480 AM",2025-08-15T00:00:00.0000000Z,Non-AFB customer,0272114571554
OMQHMM,N/A,Passenger Record 3709,"Record from 10/16/2025, 1:56:30.418 AM",2025-09-23T00:00:00.0000000Z,Non-AFB customer,0272118162082
QROAMY,N/A,Passenger Record 3749,"Record from 10/16/2025, 2:28:11.549 PM",2025-10-15T00:00:00.0000000Z,Non-AFB customer,0272120443264
OIKTDA,N/A,Passenger Record 3750,"Record from 10/16/2025, 2:13:02.749 PM",2025-09-15T00:00:00.0000000Z,Non-AFB customer,0272117416792
FRMHBE,N/A,Passenger Record 3765,"Record from 10/14/2025, 5:06:52.667 AM",2025-08-26T00:00:00.0000000Z,Non-AFB customer,0272115560467
WOBVWF,N/A,Passenger Record 3766,"Record from 10/14/2025, 7:06:36.744 AM",2025-10-12T00:00:00.0000000Z,Non-AFB customer,0272120113280
WXCJPA,N/A,Passenger Record 3774,"Record from 10/26/2025, 5:32:28.592 PM",2025-10-07T00:00:00.0000000Z,Non-AFB customer,0272119563407
NCWDDX,N/A,Passenger Record 3777,"Record from 10/26/2025, 6:29:12.227 PM",2025-09-15T00:00:00.0000000Z,Non-AFB customer,0272117425214
SLJMRR,N/A,Passenger Record 3779,"Record from 10/26/2025, 5:24:48.166 PM",2025-10-26T00:00:00.0000000Z,Non-AFB customer,0272121443899
JIMRAZ,N/A,Passenger Record 3783,"Record from 10/26/2025, 4:48:00.389 PM",2025-10-23T00:00:00.0000000Z,Non-AFB customer,0277342341471
NDZLOP,N/A,Passenger Record 3789,"Record from 10/26/2025, 7:12:49.398 PM",2025-10-10T00:00:00.0000000Z,Non-AFB customer,0272119955381
GXFYQY,N/A,Passenger Record 3791,"Record from 10/26/2025, 7:02:17.594 PM",2025-09-18T00:00:00.0000000Z,Non-AFB customer,0272117736350
GSXPBC,N/A,Passenger Record 3792,"Record from 10/26/2025, 7:05:15.638 PM",2025-10-07T00:00:00.0000000Z,Non-AFB customer,0277378739919
CSPQHZ,N/A,Passenger Record 3793,"Record from 10/28/2025, 2:10:24.111 AM",2025-09-18T00:00:00.0000000Z,Non-AFB customer,0272117774197
KZDSAV,N/A,Passenger Record 3794,"Record from 10/28/2025, 3:34:02.923 AM",2025-10-26T00:00:00.0000000Z,Non-AFB customer,0167343369603
HZOFWK,N/A,Passenger Record 3795,"Record from 10/28/2025, 2:23:00.357 AM",2025-10-06T00:00:00.0000000Z,Non-AFB customer,0272119487719
KIJGDH,N/A,Passenger Record 3808,"Record from 10/28/2025, 3:43:41.820 AM",2025-09-15T00:00:00.0000000Z,Non-AFB customer,1737376530022
FRAYHW,N/A,Passenger Record 3811,"Record from 10/28/2025, 2:40:38.212 AM",2025-10-24T00:00:00.0000000Z,Non-AFB customer,2057343193359
JAGPGH,N/A,Passenger Record 3813,"Record from 10/28/2025, 12:14:21.620 AM",2025-07-07T00:00:00.0000000Z,Non-AFB customer,0277272458166
WBASHS,N/A,Passenger Record 3825,"Record from 10/28/2025, 12:50:46.184 AM",2025-09-30T00:00:00.0000000Z,Non-AFB customer,0272118906202
IWFIWB,N/A,Passenger Record 3827,"Record from 10/28/2025, 12:29:03.919 AM",2025-10-02T00:00:00.0000000Z,Non-AFB customer,0272119146876
HZEYJR,N/A,Passenger Record 3829,"Record from 10/28/2025, 12:36:11.213 AM",2025-04-29T00:00:00.0000000Z,Non-AFB customer,0272104013836
UGGBSN,N/A,Passenger Record 3830,"Record from 10/28/2025, 12:30:39.706 AM",2025-10-01T00:00:00.0000000Z,Non-AFB customer,0277336968179
LZJQCM,N/A,Passenger Record 3831,"Record from 10/28/2025, 1:02:59.285 AM",2025-10-26T00:00:00.0000000Z,Non-AFB customer,1732316053050
MKJHYT,N/A,Passenger Record 3848,"Record from 10/28/2025, 3:57:19.252 AM",2025-08-27T00:00:00.0000000Z,Non-AFB customer,0272115682803
EIUCGB,N/A,Passenger Record 3869,"Record from 10/27/2025, 5:01:56.827 PM",2025-10-11T00:00:00.0000000Z,Non-AFB customer,1737339944432
QUONFP,N/A,Passenger Record 3879,"Record from 10/27/2025, 5:31:27.476 PM",2025-10-25T00:00:00.0000000Z,Non-AFB customer,0272121393634
WLQWYX,N/A,Passenger Record 3909,"Record from 10/27/2025, 5:05:35.224 PM",2025-07-28T00:00:00.0000000Z,Non-AFB customer,2202230302011
DPDRCO,N/A,Passenger Record 3920,"Record from 10/27/2025, 5:16:47.597 PM",2025-10-22T00:00:00.0000000Z,Non-AFB customer,0272121089219
DKSDAT,N/A,Passenger Record 3934,"Record from 10/28/2025, 3:02:11.890 AM",2025-10-21T00:00:00.0000000Z,Non-AFB customer,0272120958560
HXRNZC,N/A,Passenger Record 3942,"Record from 10/7/2025, 9:02:44.713 PM",2025-08-26T00:00:00.0000000Z,Non-AFB customer,1732315197562
LAJNYX,N/A,Passenger Record 3943,"Record from 10/7/2025, 8:33:03.125 PM",2025-10-06T00:00:00.0000000Z,Non-AFB customer,0277337843633
WNMEVF,N/A,Passenger Record 3944,"Record from 10/7/2025, 6:30:23.473 PM",2025-09-16T00:00:00.0000000Z,Non-AFB customer,0272117564822
CDGEWF,N/A,Passenger Record 3945,"Record from 10/7/2025, 6:42:07.426 PM",2025-10-03T00:00:00.0000000Z,Non-AFB customer,0272119196892
EKAGFM,N/A,Passenger Record 3946,"Record from 10/7/2025, 7:01:45.248 PM",2025-08-27T00:00:00.0000000Z,Non-AFB customer,0272115696570
AVYZAQ,N/A,Passenger Record 3948,"Record from 10/13/2025, 3:39:01.218 AM",2025-10-10T00:00:00.0000000Z,Non-AFB customer,0272119873088
QEUXXT,N/A,Passenger Record 3949,"Record from 10/13/2025, 3:41:52.626 AM",2025-09-20T00:00:00.0000000Z,Non-AFB customer,0272117928413
MEYLKK,N/A,Passenger Record 3950,"Record from 10/12/2025, 9:26:54.847 PM",2025-10-04T00:00:00.0000000Z,Non-AFB customer,0272119323012
CXPAYX,N/A,Passenger Record 3951,"Record from 10/12/2025, 9:28:20.752 PM",2025-09-01T00:00:00.0000000Z,Non-AFB customer,0272116035280
IPZFSX,N/A,Passenger Record 3952,"Record from 10/12/2025, 10:50:07.718 PM",2025-08-03T00:00:00.0000000Z,Non-AFB customer,0272113380058
ORHLZQ,N/A,Passenger Record 3953,"Record from 10/12/2025, 9:44:19.384 PM",2025-10-12T00:00:00.0000000Z,Non-AFB customer,0272120049628
KNSUYL,N/A,Passenger Record 3954,"Record from 10/12/2025, 9:18:17.436 PM",2025-08-07T00:00:00.0000000Z,Non-AFB customer,0272113872005
JJLMVS,N/A,Passenger Record 3955,"Record from 10/12/2025, 10:48:22.073 PM",2025-09-21T00:00:00.0000000Z,Non-AFB customer,0272117940391
QLEBJD,N/A,Passenger Record 3956,"Record from 10/12/2025, 10:49:18.805 PM",2025-09-02T00:00:00.0000000Z,Non-AFB customer,0272116190269
CLWJDH,N/A,Passenger Record 3961,"Record from 10/24/2025, 3:56:29.167 PM",2025-10-24T00:00:00.0000000Z,Non-AFB customer,0272121260458
NKQHEZ,N/A,Passenger Record 3962,"Record from 10/24/2025, 1:46:17.471 PM",2025-10-20T00:00:00.0000000Z,Non-AFB customer,0272120884236
QDGQVF,N/A,Passenger Record 3963,"Record from 10/24/2025, 3:07:54.998 PM",10/24/2025 12:00:00 AM,Non-AFB customer,N/A
SZDPOZ,N/A,Passenger Record 3964,"Record from 10/24/2025, 1:54:09.414 PM",2025-10-23T00:00:00.0000000Z,Non-AFB customer,0272121248056
UJHTDG,N/A,Passenger Record 3965,"Record from 10/24/2025, 12:52:50.033 PM",2025-08-11T00:00:00.0000000Z,Non-AFB customer,1737216927606
AMNOCM,N/A,Passenger Record 3967,"Record from 10/24/2025, 11:35:55.707 PM",2025-10-09T00:00:00.0000000Z,Non-AFB customer,0277339027416
IVWZMI,N/A,Passenger Record 3971,"Record from 10/24/2025, 11:48:50.019 PM",2025-10-06T00:00:00.0000000Z,Non-AFB customer,0277338499955
LBQIJH,N/A,Passenger Record 3972,"Record from 10/24/2025, 11:50:54.190 PM",2025-09-08T00:00:00.0000000Z,Non-AFB customer,0272116709595
WFTBUA,N/A,Passenger Record 4002,"Record from 10/21/2025, 8:56:02.497 AM",2025-09-05T00:00:00.0000000Z,Non-AFB customer,0272116542404
FMCHMJ,N/A,Passenger Record 4018,"Record from 10/11/2025, 4:54:11.328 AM",2025-10-09T00:00:00.0000000Z,Non-AFB customer,0272119845519
IGKOGD,N/A,Passenger Record 4028,"Record from 10/11/2025, 3:54:43.269 AM",2025-10-10T00:00:00.0000000Z,Non-AFB customer,0272119896388
YEQFDH,N/A,Passenger Record 4048,"Record from 10/11/2025, 3:01:48.120 AM",2025-10-10T00:00:00.0000000Z,Non-AFB customer,0272119896002
DOYCZN,N/A,Passenger Record 4052,"Record from 10/11/2025, 3:25:05.377 AM",2025-09-19T00:00:00.0000000Z,Non-AFB customer,0272117832448
NORVBX,N/A,Passenger Record 4054,"Record from 10/11/2025, 3:11:36.843 AM",2025-09-24T00:00:00.0000000Z,Non-AFB customer,0272118312062
COKSBK,N/A,Passenger Record 4055,"Record from 10/11/2025, 2:38:13.106 AM",2025-09-08T00:00:00.0000000Z,Non-AFB customer,0272116760863
EELNSM,N/A,Passenger Record 4057,"Record from 10/11/2025, 4:38:55.887 AM",2025-06-24T00:00:00.0000000Z,Non-AFB customer,0272109558414
FRYXGU,N/A,Passenger Record 4078,"Record from 10/4/2025, 3:49:11.224 AM",2025-02-05T00:00:00.0000000Z,Non-AFB customer,0272395958847
YFAQTB,N/A,Passenger Record 4088,"Record from 10/4/2025, 5:07:03.169 AM",2025-06-17T00:00:00.0000000Z,Non-AFB customer,0272108829220
WLWNYN,N/A,Passenger Record 4094,"Record from 10/4/2025, 4:55:27.401 AM",2025-10-02T00:00:00.0000000Z,Non-AFB customer,0272119148573
FGUXXL,N/A,Passenger Record 4125,"Record from 10/6/2025, 6:16:44.189 AM",2025-08-07T00:00:00.0000000Z,Non-AFB customer,0272113788401
FNCDEJ,N/A,Passenger Record 4126,"Record from 10/6/2025, 6:08:11.686 AM",2025-03-17T00:00:00.0000000Z,Non-AFB customer,0272399829962
YEAHSC,N/A,Passenger Record 4127,"Record from 10/6/2025, 5:44:37.503 AM",2025-09-25T00:00:00.0000000Z,Non-AFB customer,0272118376971
ESXQBK,N/A,Passenger Record 4128,"Record from 10/6/2025, 5:08:11.139 AM",2025-05-29T00:00:00.0000000Z,Non-AFB customer,0272106954122
HNHDQM,N/A,Passenger Record 4129,"Record from 10/6/2025, 5:11:51.596 AM",2025-09-25T00:00:00.0000000Z,Non-AFB customer,0272118436390
WESVNW,N/A,Passenger Record 4130,"Record from 10/6/2025, 5:15:53.710 AM",2025-09-17T00:00:00.0000000Z,Non-AFB customer,0272117607250
GNBVGD,N/A,Passenger Record 4131,"Record from 10/6/2025, 3:52:28.794 AM",2025-08-27T00:00:00.0000000Z,Non-AFB customer,0272115719331
NCNKUB,N/A,Passenger Record 4132,"Record from 10/6/2025, 4:37:17.176 AM",2025-09-29T00:00:00.0000000Z,Non-AFB customer,0272118777860
AMFFFY,N/A,Passenger Record 4133,"Record from 10/6/2025, 3:02:13.777 AM",2025-09-16T00:00:00.0000000Z,Non-AFB customer,0272117526819
FRXIXJ,N/A,Passenger Record 4139,"Record from 10/12/2025, 1:12:39.095 PM",2025-09-10T00:00:00.0000000Z,Non-AFB customer,0272116923252
LGVKOS,N/A,Passenger Record 4140,"Record from 10/13/2025, 3:16:43.169 AM",2025-05-12T00:00:00.0000000Z,Non-AFB customer,0272105356067
JXLKXJ,N/A,Passenger Record 4141,"Record from 10/20/2025, 6:45:04.597 AM",2025-10-09T00:00:00.0000000Z,Non-AFB customer,0272119786358
EQAZTM,N/A,Passenger Record 4142,"Record from 10/20/2025, 6:59:02.402 AM",2025-08-31T00:00:00.0000000Z,Non-AFB customer,0272115996618
OJFKEA,N/A,Passenger Record 4143,"Record from 10/20/2025, 6:15:10.065 AM",2025-07-01T00:00:00.0000000Z,Non-AFB customer,0272110156318
SURZKB,N/A,Passenger Record 4144,"Record from 10/20/2025, 5:55:01.079 AM",2025-09-16T00:00:00.0000000Z,Non-AFB customer,0272117521186
WYFPKV,N/A,Passenger Record 4146,"Record from 10/20/2025, 5:35:11.013 AM",2025-10-15T00:00:00.0000000Z,Non-AFB customer,0272120339866
AFPZPO,N/A,Passenger Record 4152,"Record from 10/24/2025, 11:01:27.439 PM",2025-10-23T00:00:00.0000000Z,Non-AFB customer,0272121233742
MTATVQ,N/A,Passenger Record 4154,"Record from 10/24/2025, 9:30:46.430 PM",2025-09-26T00:00:00.0000000Z,Non-AFB customer,0272118471929
IVBMCQ,N/A,Passenger Record 4156,"Record from 10/24/2025, 8:54:49.018 PM",2025-09-14T00:00:00.0000000Z,Non-AFB customer,0272117345162
SLSRLP,N/A,Passenger Record 4157,"Record from 10/24/2025, 9:46:01.693 PM",2025-10-07T00:00:00.0000000Z,Non-AFB customer,0272119609657
CVGIVL,N/A,Passenger Record 4167,"Record from 10/11/2025, 6:28:39.995 PM",2025-10-07T00:00:00.0000000Z,Non-AFB customer,0272119547245
KKAAQZ,N/A,Passenger Record 4169,"Record from 10/11/2025, 6:36:49.815 PM",2025-10-10T00:00:00.0000000Z,Non-AFB customer,0272119960126
EMSBXQ,N/A,Passenger Record 4171,"Record from 10/11/2025, 7:46:45.572 PM",2025-09-09T00:00:00.0000000Z,Non-AFB customer,0272116827913
GRLPQE,N/A,Passenger Record 4172,"Record from 10/11/2025, 8:04:56.200 PM",2025-09-10T00:00:00.0000000Z,Non-AFB customer,0272117018214
JBGNQB,N/A,Passenger Record 4173,"Record from 10/11/2025, 5:15:34.549 PM",2025-10-08T00:00:00.0000000Z,Non-AFB customer,0272119738096
OGHHFE,N/A,Passenger Record 4174,"Record from 10/11/2025, 5:09:00.416 PM",2025-09-17T00:00:00.0000000Z,Non-AFB customer,0272117597325
UPEXLL,N/A,Passenger Record 4178,"Record from 10/11/2025, 5:13:33.278 PM",2025-10-10T00:00:00.0000000Z,Non-AFB customer,0272119925545
AGJMHY,N/A,Passenger Record 4179,"Record from 10/11/2025, 5:11:40.476 PM",2025-07-09T00:00:00.0000000Z,Non-AFB customer,0272110986178
FKQPCS,N/A,Passenger Record 4180,"Record from 10/11/2025, 5:07:44.420 PM",2025-09-18T00:00:00.0000000Z,Non-AFB customer,0272117736185
NJSBHH,N/A,Passenger Record 4181,"Record from 10/11/2025, 5:07:45.194 PM",2025-09-03T00:00:00.0000000Z,Non-AFB customer,0272116224460
DIWPLU,N/A,Passenger Record 4182,"Record from 10/11/2025, 1:38:30.615 PM",2025-09-29T00:00:00.0000000Z,Non-AFB customer,0272118739062
HXZLSA,N/A,Passenger Record 4183,"Record from 10/11/2025, 2:27:36.440 PM",2025-10-10T00:00:00.0000000Z,Non-AFB customer,0272119960993
IXDOEN,N/A,Passenger Record 4188,"Record from 10/11/2025, 7:02:39.869 AM",2025-10-10T00:00:00.0000000Z,Non-AFB customer,0272119910120
YNDUVQ,N/A,Passenger Record 4190,"Record from 10/11/2025, 6:50:26.546 AM",2025-10-09T00:00:00.0000000Z,Non-AFB customer,0272119787228
FEBJDU,N/A,Passenger Record 4197,"Record from 10/11/2025, 6:56:27.534 AM",2025-10-09T00:00:00.0000000Z,Non-AFB customer,0272119812601
CCCAKV,N/A,Passenger Record 4208,"Record from 10/9/2025, 11:34:51.621 PM",2025-08-29T00:00:00.0000000Z,Non-AFB customer,0272115853933
LNUNDC,N/A,Passenger Record 4212,"Record from 10/9/2025, 11:35:44.368 PM",2025-09-08T00:00:00.0000000Z,Non-AFB customer,0272116744793
ELGLFP,N/A,Passenger Record 4213,"Record from 10/9/2025, 11:15:13.845 PM",2025-10-03T00:00:00.0000000Z,Non-AFB customer,0277337666606
OHALQV,N/A,Passenger Record 4221,"Record from 10/2/2025, 4:20:40.044 PM",2025-10-02T00:00:00.0000000Z,Non-AFB customer,0272119037547
OKFAWW,N/A,Passenger Record 4246,"Record from 10/2/2025, 3:21:12.002 PM",2025-09-07T00:00:00.0000000Z,Non-AFB customer,0272116681804
HJJXDL,N/A,Passenger Record 4247,"Record from 10/2/2025, 6:40:15.405 PM",2025-03-27T00:00:00.0000000Z,Non-AFB customer,0272100826967
JEYYBF,N/A,Passenger Record 4261,"Record from 10/2/2025, 6:28:59.816 PM",2025-09-05T00:00:00.0000000Z,Non-AFB customer,0272116454194
HZXBUI,N/A,Passenger Record 4265,"Record from 10/2/2025, 5:24:31.788 PM",2025-07-22T00:00:00.0000000Z,Non-AFB customer,0272112218016
ERDPHC,N/A,Passenger Record 4267,"Record from 10/2/2025, 5:25:12.993 PM",2025-09-21T00:00:00.0000000Z,Non-AFB customer,0272117939141
DSBPJB,N/A,Passenger Record 4300,"Record from 10/2/2025, 10:19:55.746 PM",2025-09-20T00:00:00.0000000Z,Non-AFB customer,0272117897471
USCOST,N/A,Passenger Record 4303,"Record from 10/19/2025, 3:41:31.211 AM",2025-08-08T00:00:00.0000000Z,Non-AFB customer,0272113973508
QFSWBV,N/A,Passenger Record 4313,"Record from 10/19/2025, 2:02:24.884 AM",2025-07-02T00:00:00.0000000Z,Non-AFB customer,0272110318148
LXXTIX,N/A,Passenger Record 4317,"Record from 10/19/2025, 2:10:35.161 AM",2025-09-27T00:00:00.0000000Z,Non-AFB customer,0272118566283
HSHOVB,N/A,Passenger Record 4318,"Record from 10/19/2025, 2:10:36.667 AM",2025-10-17T00:00:00.0000000Z,Non-AFB customer,0272120605202
SAZRBS,N/A,Passenger Record 4320,"Record from 10/13/2025, 1:14:21.424 AM",2025-10-11T00:00:00.0000000Z,Non-AFB customer,0272120031849
NCJYNT,N/A,Passenger Record 4321,"Record from 10/13/2025, 1:46:01.872 AM",10/12/2025 12:00:00 AM,Non-AFB customer,N/A
DKWFYM,N/A,Passenger Record 4322,"Record from 10/13/2025, 12:26:04.728 AM",2025-08-23T00:00:00.0000000Z,Non-AFB customer,0272115347494
NZDRGI,N/A,Passenger Record 4323,"Record from 10/13/2025, 12:33:01.775 AM",2025-10-08T00:00:00.0000000Z,Non-AFB customer,0272119726968
GOSPON,N/A,Passenger Record 4324,"Record from 10/13/2025, 12:35:36.922 AM",2025-09-25T00:00:00.0000000Z,Non-AFB customer,0272118366670
UAAWBL,N/A,Passenger Record 4333,"Record from 10/1/2025, 10:51:19.062 PM",2025-09-12T00:00:00.0000000Z,Non-AFB customer,0272117168838
QNJKJC,N/A,Passenger Record 4339,"Record from 10/1/2025, 10:59:47.561 PM",2025-09-24T00:00:00.0000000Z,Non-AFB customer,0272118308288
HNQTSD,N/A,Passenger Record 4340,"Record from 10/1/2025, 11:00:21.194 PM",2025-09-29T00:00:00.0000000Z,Non-AFB customer,0272118733477
CMRYXW,N/A,Passenger Record 4344,"Record from 10/1/2025, 9:31:51.449 PM",2025-09-12T00:00:00.0000000Z,Non-AFB customer,0272117132842
WIKLVO,N/A,Passenger Record 4345,"Record from 10/1/2025, 9:37:27.891 PM",2025-08-15T00:00:00.0000000Z,Non-AFB customer,0272114576360
EOHRCZ,N/A,Passenger Record 4362,"Record from 10/27/2025, 10:31:32.666 PM",2025-02-22T00:00:00.0000000Z,Non-AFB customer,0272397622623
FJDMFK,N/A,Passenger Record 4363,"Record from 10/27/2025, 9:43:11.546 PM",2025-10-24T00:00:00.0000000Z,Non-AFB customer,0277343081928
LKSSOY,N/A,Passenger Record 4364,"Record from 10/27/2025, 11:43:31.259 PM",2025-08-03T00:00:00.0000000Z,Non-AFB customer,0277279104843
LJYYIN,N/A,Passenger Record 4366,"Record from 10/27/2025, 9:44:35.315 PM",2025-10-06T00:00:00.0000000Z,Non-AFB customer,0277338536867
MSAXUQ,N/A,Passenger Record 4367,"Record from 10/27/2025, 10:11:35.543 PM",2025-10-13T00:00:00.0000000Z,Non-AFB customer,0272120158459
FGRVFQ,N/A,Passenger Record 4372,"Record from 10/27/2025, 11:15:09.461 PM",2025-10-25T00:00:00.0000000Z,Non-AFB customer,0277343116137
DQLAOR,N/A,Passenger Record 4373,"Record from 10/27/2025, 11:28:17.944 PM",2025-10-10T00:00:00.0000000Z,Non-AFB customer,0272119895297
LAMPOJ,N/A,Passenger Record 4376,"Record from 10/8/2025, 12:08:00.943 AM",2025-10-02T00:00:00.0000000Z,Non-AFB customer,0272119093120
NKDSSA,N/A,Passenger Record 4377,"Record from 10/7/2025, 11:42:30.779 PM",2025-09-12T00:00:00.0000000Z,Non-AFB customer,0277332630392
DGZAQT,N/A,Passenger Record 4391,"Record from 10/12/2025, 5:20:06.980 PM",2025-10-06T00:00:00.0000000Z,Non-AFB customer,0272119480360
OQEWGZ,N/A,Passenger Record 4392,"Record from 10/12/2025, 6:15:16.854 PM",2025-09-27T00:00:00.0000000Z,Non-AFB customer,0272118555241
YLNUUM,N/A,Passenger Record 4393,"Record from 10/12/2025, 3:46:51.994 PM",2025-08-22T00:00:00.0000000Z,Non-AFB customer,0272115273540
IUHTZJ,N/A,Passenger Record 4394,"Record from 10/12/2025, 8:15:58.048 PM",2025-10-05T00:00:00.0000000Z,Non-AFB customer,0277217387179
KWGVDR,N/A,Passenger Record 4395,"Record from 10/12/2025, 8:08:27.328 PM",2025-10-05T00:00:00.0000000Z,Non-AFB customer,0272119402577
JVZSYR,N/A,Passenger Record 4397,"Record from 10/12/2025, 6:50:00.638 PM",2025-09-28T00:00:00.0000000Z,Non-AFB customer,0272118650457