SourceFile,RecordLocator,RecordId,TicketNumber,BookingDate,ProcessingStage,FailureCategory,FailureReason,TechnicalDetails,CanRetry,RequiredAction,Timestamp,OriginalName,OriginalDescription
September,JGVKEL,N/A,0272117887760,2025-09-20T00:00:00.0000000Z,2-AFB Customer Check,Non-AFB Customer (Expected Skip),No AFB CUSTOMER remark found in booking,Record processed successfully but is not an AFB customer,No - Business Logic,None - Expected behavior for non-business customers,2025-11-21T20:35:01.555Z,Passenger Record 1,"Record from 9/30/2025, 8:35:06.652 PM"
September,HVEBBL,N/A,0272114809181,2025-08-17T00:00:00.0000000Z,2-AFB Customer Check,Non-AFB Customer (Expected Skip),No AFB CUSTOMER remark found in booking,Record processed successfully but is not an AFB customer,No - Business Logic,None - Expected behavior for non-business customers,2025-11-21T20:35:01.557Z,Passenger Record 5,"Record from 9/30/2025, 8:35:06.835 PM"
September,JCDOZI,N/A,0272117857012,2025-09-19T00:00:00.0000000Z,2-AFB Customer Check,Non-AFB Customer (Expected Skip),No AFB CUSTOMER remark found in booking,Record processed successfully but is not an AFB customer,No - Business Logic,None - Expected behavior for non-business customers,2025-11-21T20:35:01.557Z,Passenger Record 6,"Record from 9/30/2025, 7:08:45.229 PM"
September,LANXHD,N/A,0272118480281,2025-09-26T00:00:00.0000000Z,2-AFB Customer Check,Non-AFB Customer (Expected Skip),No AFB CUSTOMER remark found in booking,Record processed successfully but is not an AFB customer,No - Business Logic,None - Expected behavior for non-business customers,2025-11-21T20:35:01.557Z,Passenger Record 7,"Record from 9/30/2025, 7:09:02.313 PM"
September,QZPNVA,N/A,1732314385423,2025-07-09T00:00:00.0000000Z,2-AFB Customer Check,Non-AFB Customer (Expected Skip),No AFB CUSTOMER remark found in booking,Record processed successfully but is not an AFB customer,No - Business Logic,None - Expected behavior for non-business customers,2025-11-21T20:35:01.557Z,Passenger Record 8,"Record from 9/30/2025, 9:16:37.104 PM"
September,GCEFGI,N/A,0272112911766,2025-07-29T00:00:00.0000000Z,2-AFB Customer Check,Non-AFB Customer (Expected Skip),No AFB CUSTOMER remark found in booking,Record processed successfully but is not an AFB customer,No - Business Logic,None - Expected behavior for non-business customers,2025-11-21T20:35:01.557Z,Passenger Record 10,"Record from 9/30/2025, 7:37:09.625 PM"
September,UFFOAA,N/A,0272108059326,2025-06-09T00:00:00.0000000Z,2-AFB Customer Check,Non-AFB Customer (Expected Skip),No AFB CUSTOMER remark found in booking,Record processed successfully but is not an AFB customer,No - Business Logic,None - Expected behavior for non-business customers,2025-11-21T20:35:01.557Z,Passenger Record 11,"Record from 9/30/2025, 10:26:10.137 PM"
September,AETFAQ,N/A,1732315250802,2025-08-29T00:00:00.0000000Z,2-AFB Customer Check,Non-AFB Customer (Expected Skip),No AFB CUSTOMER remark found in booking,Record processed successfully but is not an AFB customer,No - Business Logic,None - Expected behavior for non-business customers,2025-11-21T20:35:01.557Z,Passenger Record 14,"Record from 9/30/2025, 10:17:52.132 PM"
September,ENPVHF,N/A,0272110735238,2025-07-07T00:00:00.0000000Z,2-AFB Customer Check,Non-AFB Customer (Expected Skip),No AFB CUSTOMER remark found in booking,Record processed successfully but is not an AFB customer,No - Business Logic,None - Expected behavior for non-business customers,2025-11-21T20:35:01.557Z,Passenger Record 15,"Record from 10/1/2025, 6:41:14.591 PM"
September,UHRKTX,N/A,0272115975590,2025-08-31T00:00:00.0000000Z,2-AFB Customer Check,Non-AFB Customer (Expected Skip),No AFB CUSTOMER remark found in booking,Record processed successfully but is not an AFB customer,No - Business Logic,None - Expected behavior for non-business customers,2025-11-21T20:35:01.557Z,Passenger Record 16,"Record from 10/1/2025, 12:03:24.523 AM"
September,NMDWJP,N/A,0272118872286,2025-09-30T00:00:00.0000000Z,2-AFB Customer Check,Non-AFB Customer (Expected Skip),No AFB CUSTOMER remark found in booking,Record processed successfully but is not an AFB customer,No - Business Logic,None - Expected behavior for non-business customers,2025-11-21T20:35:01.557Z,Passenger Record 18,"Record from 10/1/2025, 7:15:34.133 AM"
September,GIMPXF,N/A,0277331313882,2025-09-08T00:00:00.0000000Z,2-AFB Customer Check,Non-AFB Customer (Expected Skip),No AFB CUSTOMER remark found in booking,Record processed successfully but is not an AFB customer,No - Business Logic,None - Expected behavior for non-business customers,2025-11-21T20:35:01.557Z,Passenger Record 21,"Record from 10/1/2025, 12:03:56.428 AM"
September,FCUCNW,N/A,0272112561093,2025-07-25T00:00:00.0000000Z,2-AFB Customer Check,Non-AFB Customer (Expected Skip),No AFB CUSTOMER remark found in booking,Record processed successfully but is not an AFB customer,No - Business Logic,None - Expected behavior for non-business customers,2025-11-21T20:35:01.557Z,Passenger Record 22,"Record from 10/1/2025, 6:40:04.985 PM"
September,EXUARV,N/A,1732315133447,2025-08-22T00:00:00.0000000Z,2-AFB Customer Check,Non-AFB Customer (Expected Skip),No AFB CUSTOMER remark found in booking,Record processed successfully but is not an AFB customer,No - Business Logic,None - Expected behavior for non-business customers,2025-11-21T20:35:01.557Z,Passenger Record 24,"Record from 9/30/2025, 10:37:06.107 PM"
September,SGCQZV,N/A,0277333565165,2025-09-18T16:36:24.0000000Z,2-AFB Customer Check,Non-AFB Customer (Expected Skip),No AFB CUSTOMER remark found in booking,Record processed successfully but is not an AFB customer,No - Business Logic,None - Expected behavior for non-business customers,2025-11-21T20:35:01.557Z,Passenger Record 25,"Record from 10/1/2025, 4:15:49.271 AM"
September,GDASQB,N/A,0272110723232,2025-07-07T14:15:52.0000000Z,2-AFB Customer Check,Non-AFB Customer (Expected Skip),No AFB CUSTOMER remark found in booking,Record processed successfully but is not an AFB customer,No - Business Logic,None - Expected behavior for non-business customers,2025-11-21T20:35:01.557Z,Passenger Record 26,"Record from 10/1/2025, 6:11:01.329 PM"
September,GFJFHZ,N/A,1732313986784,2025-06-16T00:00:00.0000000Z,2-AFB Customer Check,Non-AFB Customer (Expected Skip),No AFB CUSTOMER remark found in booking,Record processed successfully but is not an AFB customer,No - Business Logic,None - Expected behavior for non-business customers,2025-11-21T20:35:01.557Z,Passenger Record 27,"Record from 10/1/2025, 7:36:20.842 AM"
September,EQXIII,N/A,0272115701041,2025-08-27T00:00:00.0000000Z,2-AFB Customer Check,Non-AFB Customer (Expected Skip),No AFB CUSTOMER remark found in booking,Record processed successfully but is not an AFB customer,No - Business Logic,None - Expected behavior for non-business customers,2025-11-21T20:35:01.557Z,Passenger Record 28,"Record from 10/1/2025, 7:46:09.675 AM"
September,ORBAUI,N/A,1732315119891,2025-08-21T00:00:00.0000000Z,2-AFB Customer Check,Non-AFB Customer (Expected Skip),No AFB CUSTOMER remark found in booking,Record processed successfully but is not an AFB customer,No - Business Logic,None - Expected behavior for non-business customers,2025-11-21T20:35:01.557Z,Passenger Record 30,"Record from 9/30/2025, 5:26:32.616 PM"
September,LYXVYT,N/A,0272113602067,2025-08-05T00:00:00.0000000Z,2-AFB Customer Check,Non-AFB Customer (Expected Skip),No AFB CUSTOMER remark found in booking,Record processed successfully but is not an AFB customer,No - Business Logic,None - Expected behavior for non-business customers,2025-11-21T20:35:01.557Z,Passenger Record 33,"Record from 9/30/2025, 5:26:54.664 PM"
September,LHWYFN,N/A,0272111645559,2025-07-16T16:31:27.0000000Z,2-AFB Customer Check,Non-AFB Customer (Expected Skip),No AFB CUSTOMER remark found in booking,Record processed successfully but is not an AFB customer,No - Business Logic,None - Expected behavior for non-business customers,2025-11-21T20:35:01.557Z,Passenger Record 35,"Record from 10/1/2025, 6:35:20.008 PM"
September,FELQZH,N/A,0272118518819,2025-09-26T00:00:00.0000000Z,2-AFB Customer Check,Non-AFB Customer (Expected Skip),No AFB CUSTOMER remark found in booking,Record processed successfully but is not an AFB customer,No - Business Logic,None - Expected behavior for non-business customers,2025-11-21T20:35:01.557Z,Passenger Record 37,"Record from 9/30/2025, 5:34:05.780 PM"
September,CFVZDA,N/A,0272117110073,2025-09-11T00:00:00.0000000Z,2-AFB Customer Check,Non-AFB Customer (Expected Skip),No AFB CUSTOMER remark found in booking,Record processed successfully but is not an AFB customer,No - Business Logic,None - Expected behavior for non-business customers,2025-11-21T20:35:01.557Z,Passenger Record 39,"Record from 9/30/2025, 7:43:28.012 AM"
September,FVYMNZ,N/A,0272117525315,2025-09-16T00:00:00.0000000Z,2-AFB Customer Check,Non-AFB Customer (Expected Skip),No AFB CUSTOMER remark found in booking,Record processed successfully but is not an AFB customer,No - Business Logic,None - Expected behavior for non-business customers,2025-11-21T20:35:01.557Z,Passenger Record 40,"Record from 9/30/2025, 4:31:05.702 PM"
September,CVXUAS,N/A,0272113240704,2025-08-01T00:00:00.0000000Z,2-AFB Customer Check,Non-AFB Customer (Expected Skip),No AFB CUSTOMER remark found in booking,Record processed successfully but is not an AFB customer,No - Business Logic,None - Expected behavior for non-business customers,2025-11-21T20:35:01.557Z,Passenger Record 41,"Record from 9/30/2025, 2:38:13.222 PM"
September,YCDOAU,N/A,0277373963908,2025-08-27T00:00:00.0000000Z,2-AFB Customer Check,Non-AFB Customer (Expected Skip),No AFB CUSTOMER remark found in booking,Record processed successfully but is not an AFB customer,No - Business Logic,None - Expected behavior for non-business customers,2025-11-21T20:35:01.557Z,Passenger Record 42,"Record from 9/30/2025, 4:42:46.304 PM"
September,GUAYPE,N/A,0272115575620,2025-08-26T00:00:00.0000000Z,2-AFB Customer Check,Non-AFB Customer (Expected Skip),No AFB CUSTOMER remark found in booking,Record processed successfully but is not an AFB customer,No - Business Logic,None - Expected behavior for non-business customers,2025-11-21T20:35:01.557Z,Passenger Record 43,"Record from 9/30/2025, 4:43:26.656 PM"
September,GKHAXB,N/A,1732315085202,2025-08-19T00:00:00.0000000Z,2-AFB Customer Check,Non-AFB Customer (Expected Skip),No AFB CUSTOMER remark found in booking,Record processed successfully but is not an AFB customer,No - Business Logic,None - Expected behavior for non-business customers,2025-11-21T20:35:01.557Z,Passenger Record 44,"Record from 9/30/2025, 4:42:46.533 PM"
September,UYXXSB,N/A,0272112051216,2025-07-20T00:00:00.0000000Z,2-AFB Customer Check,Non-AFB Customer (Expected Skip),No AFB CUSTOMER remark found in booking,Record processed successfully but is not an AFB customer,No - Business Logic,None - Expected behavior for non-business customers,2025-11-21T20:35:01.557Z,Passenger Record 45,"Record from 9/22/2025, 8:35:53.362 PM"
September,OGUNBH,N/A,0272114432238,2025-08-13T00:00:00.0000000Z,2-AFB Customer Check,Non-AFB Customer (Expected Skip),No AFB CUSTOMER remark found in booking,Record processed successfully but is not an AFB customer,No - Business Logic,None - Expected behavior for non-business customers,2025-11-21T20:35:01.557Z,Passenger Record 47,"Record from 9/23/2025, 7:13:22.645 AM"
September,DHWBHE,N/A,0272117965027,2025-09-21T15:36:13.0000000Z,2-AFB Customer Check,Non-AFB Customer (Expected Skip),No AFB CUSTOMER remark found in booking,Record processed successfully but is not an AFB customer,No - Business Logic,None - Expected behavior for non-business customers,2025-11-21T20:35:01.557Z,Passenger Record 48,"Record from 9/23/2025, 1:30:36.390 AM"
September,GFYZFP,N/A,0277279292241,2025-08-04T00:00:00.0000000Z,2-AFB Customer Check,Non-AFB Customer (Expected Skip),No AFB CUSTOMER remark found in booking,Record processed successfully but is not an AFB customer,No - Business Logic,None - Expected behavior for non-business customers,2025-11-21T20:35:01.557Z,Passenger Record 49,"Record from 9/30/2025, 2:58:12.363 PM"
September,FUJKZN,N/A,1737279324354,2025-08-12T00:00:00.0000000Z,2-AFB Customer Check,Non-AFB Customer (Expected Skip),No AFB CUSTOMER remark found in booking,Record processed successfully but is not an AFB customer,No - Business Logic,None - Expected behavior for non-business customers,2025-11-21T20:35:01.557Z,Passenger Record 51,"Record from 9/30/2025, 9:13:07.696 AM"
September,WYVJRK,N/A,1737335897752,2025-09-25T00:00:00.0000000Z,2-AFB Customer Check,Non-AFB Customer (Expected Skip),No AFB CUSTOMER remark found in booking,Record processed successfully but is not an AFB customer,No - Business Logic,None - Expected behavior for non-business customers,2025-11-21T20:35:01.557Z,Passenger Record 52,"Record from 9/30/2025, 7:20:36.901 AM"
September,WUAFFK,N/A,1732315500351,2025-09-14T00:00:00.0000000Z,2-AFB Customer Check,Non-AFB Customer (Expected Skip),No AFB CUSTOMER remark found in booking,Record processed successfully but is not an AFB customer,No - Business Logic,None - Expected behavior for non-business customers,2025-11-21T20:35:01.557Z,Passenger Record 53,"Record from 9/30/2025, 5:50:19.332 AM"
September,FWYPNV,N/A,0272117929703,2025-09-20T23:37:35.0000000Z,2-AFB Customer Check,Non-AFB Customer (Expected Skip),No AFB CUSTOMER remark found in booking,Record processed successfully but is not an AFB customer,No - Business Logic,None - Expected behavior for non-business customers,2025-11-21T20:35:01.557Z,Passenger Record 59,"Record from 9/30/2025, 4:16:18.145 AM"
September,APSGHY,N/A,0272111642440,2025-07-16T00:00:00.0000000Z,2-AFB Customer Check,Non-AFB Customer (Expected Skip),No AFB CUSTOMER remark found in booking,Record processed successfully but is not an AFB customer,No - Business Logic,None - Expected behavior for non-business customers,2025-11-21T20:35:01.557Z,Passenger Record 60,"Record from 9/30/2025, 2:43:08.041 PM"
September,IZPHDX,N/A,0272117295320,2025-09-14T10:03:53.0000000Z,2-AFB Customer Check,Non-AFB Customer (Expected Skip),No AFB CUSTOMER remark found in booking,Record processed successfully but is not an AFB customer,No - Business Logic,None - Expected behavior for non-business customers,2025-11-21T20:35:01.557Z,Passenger Record 65,"Record from 9/28/2025, 6:55:18.862 AM"
September,DHDVSK,N/A,0272115799073,2025-08-28T00:00:00.0000000Z,2-AFB Customer Check,Non-AFB Customer (Expected Skip),No AFB CUSTOMER remark found in booking,Record processed successfully but is not an AFB customer,No - Business Logic,None - Expected behavior for non-business customers,2025-11-21T20:35:01.557Z,Passenger Record 67,"Record from 9/22/2025, 8:07:18.291 PM"
September,UJTMEN,N/A,0272113344776,2025-08-02T20:17:50.0000000Z,2-AFB Customer Check,Non-AFB Customer (Expected Skip),No AFB CUSTOMER remark found in booking,Record processed successfully but is not an AFB customer,No - Business Logic,None - Expected behavior for non-business customers,2025-11-21T20:35:01.557Z,Passenger Record 68,"Record from 9/23/2025, 4:11:36.606 AM"
September,ABVCVY,N/A,0272108850515,2025-06-17T00:00:00.0000000Z,2-AFB Customer Check,Non-AFB Customer (Expected Skip),No AFB CUSTOMER remark found in booking,Record processed successfully but is not an AFB customer,No - Business Logic,None - Expected behavior for non-business customers,2025-11-21T20:35:01.557Z,Passenger Record 69,"Record from 9/20/2025, 7:02:03.461 PM"
September,GMRQTG,N/A,0272112619116,2025-07-26T00:00:00.0000000Z,2-AFB Customer Check,Non-AFB Customer (Expected Skip),No AFB CUSTOMER remark found in booking,Record processed successfully but is not an AFB customer,No - Business Logic,None - Expected behavior for non-business customers,2025-11-21T20:35:01.557Z,Passenger Record 70,"Record from 9/20/2025, 5:33:34.385 PM"
September,UPBGWH,N/A,0272117894877,2025-09-20T00:00:00.0000000Z,2-AFB Customer Check,Non-AFB Customer (Expected Skip),No AFB CUSTOMER remark found in booking,Record processed successfully but is not an AFB customer,No - Business Logic,None - Expected behavior for non-business customers,2025-11-21T20:35:01.557Z,Passenger Record 71,"Record from 9/21/2025, 2:04:56.915 AM"
September,GMWUUN,N/A,0272108401932,2025-06-12T14:22:45.0000000Z,2-AFB Customer Check,Non-AFB Customer (Expected Skip),No AFB CUSTOMER remark found in booking,Record processed successfully but is not an AFB customer,No - Business Logic,None - Expected behavior for non-business customers,2025-11-21T20:35:01.557Z,Passenger Record 72,"Record from 9/22/2025, 4:34:53.026 AM"
September,HAVKJZ,N/A,0272116962010,2025-09-10T00:00:00.0000000Z,2-AFB Customer Check,Non-AFB Customer (Expected Skip),No AFB CUSTOMER remark found in booking,Record processed successfully but is not an AFB customer,No - Business Logic,None - Expected behavior for non-business customers,2025-11-21T20:35:01.557Z,Passenger Record 73,"Record from 9/21/2025, 6:22:01.448 PM"
September,JMJJQB,N/A,0272111167679,2025-07-11T16:44:03.0000000Z,2-AFB Customer Check,Non-AFB Customer (Expected Skip),No AFB CUSTOMER remark found in booking,Record processed successfully but is not an AFB customer,No - Business Logic,None - Expected behavior for non-business customers,2025-11-21T20:35:01.557Z,Passenger Record 74,"Record from 9/25/2025, 4:11:27.718 AM"
September,FMCORD,N/A,0272117287601,2025-09-14T00:00:00.0000000Z,2-AFB Customer Check,Non-AFB Customer (Expected Skip),No AFB CUSTOMER remark found in booking,Record processed successfully but is not an AFB customer,No - Business Logic,None - Expected behavior for non-business customers,2025-11-21T20:35:01.557Z,Passenger Record 75,"Record from 9/24/2025, 7:37:01.956 AM"
September,FSBPYX,N/A,0272118034672,2025-09-22T12:52:27.0000000Z,2-AFB Customer Check,Non-AFB Customer (Expected Skip),No AFB CUSTOMER remark found in booking,Record processed successfully but is not an AFB customer,No - Business Logic,None - Expected behavior for non-business customers,2025-11-21T20:35:01.557Z,Passenger Record 76,"Record from 9/25/2025, 4:23:19.928 AM"
September,ITTSHC,N/A,0272103147948,2025-04-20T00:00:00.0000000Z,2-AFB Customer Check,Non-AFB Customer (Expected Skip),No AFB CUSTOMER remark found in booking,Record processed successfully but is not an AFB customer,No - Business Logic,None - Expected behavior for non-business customers,2025-11-21T20:35:01.557Z,Passenger Record 80,"Record from 9/17/2025, 2:16:12.390 AM"
September,UCJAKC,N/A,0272111238011,2025-07-12T15:08:24.0000000Z,2-AFB Customer Check,Non-AFB Customer (Expected Skip),No AFB CUSTOMER remark found in booking,Record processed successfully but is not an AFB customer,No - Business Logic,None - Expected behavior for non-business customers,2025-11-21T20:35:01.557Z,Passenger Record 81,"Record from 9/18/2025, 4:20:52.650 AM"
September,MWQSTX,N/A,0272117858960,2025-09-19T00:00:00.0000000Z,2-AFB Customer Check,Non-AFB Customer (Expected Skip),No AFB CUSTOMER remark found in booking,Record processed successfully but is not an AFB customer,No - Business Logic,None - Expected behavior for non-business customers,2025-11-21T20:35:01.557Z,Passenger Record 82,"Record from 9/29/2025, 6:17:49.183 AM"
September,NEUQUV,N/A,0272105205269,2025-05-11T00:00:00.0000000Z,2-AFB Customer Check,Non-AFB Customer (Expected Skip),No AFB CUSTOMER remark found in booking,Record processed successfully but is not an AFB customer,No - Business Logic,None - Expected behavior for non-business customers,2025-11-21T20:35:01.557Z,Passenger Record 84,"Record from 9/30/2025, 8:04:02.800 AM"
September,WRMGDP,N/A,1732314089397,2025-06-22T00:00:00.0000000Z,2-AFB Customer Check,Non-AFB Customer (Expected Skip),No AFB CUSTOMER remark found in booking,Record processed successfully but is not an AFB customer,No - Business Logic,None - Expected behavior for non-business customers,2025-11-21T20:35:01.557Z,Passenger Record 89,"Record from 9/30/2025, 4:44:19.531 AM"
September,JLNDWH,N/A,0272118499495,2025-09-26T00:00:00.0000000Z,2-AFB Customer Check,Non-AFB Customer (Expected Skip),No AFB CUSTOMER remark found in booking,Record processed successfully but is not an AFB customer,No - Business Logic,None - Expected behavior for non-business customers,2025-11-21T20:35:01.557Z,Passenger Record 92,"Record from 9/29/2025, 4:52:50.777 AM"
September,DUEEJU,N/A,0272116232155,2025-09-03T00:00:00.0000000Z,2-AFB Customer Check,Non-AFB Customer (Expected Skip),No AFB CUSTOMER remark found in booking,Record processed successfully but is not an AFB customer,No - Business Logic,None - Expected behavior for non-business customers,2025-11-21T20:35:01.557Z,Passenger Record 99,"Record from 9/21/2025, 7:59:27.540 PM"
September,STNWVA,N/A,1252205725323,2025-03-17T11:38:45.0000000Z,2-AFB Customer Check,Non-AFB Customer (Expected Skip),No AFB CUSTOMER remark found in booking,Record processed successfully but is not an AFB customer,No - Business Logic,None - Expected behavior for non-business customers,2025-11-21T20:35:01.557Z,Passenger Record 119,"Record from 10/1/2025, 5:59:27.224 PM"
September,GDASQB,N/A,0272110723232,2025-07-07T00:00:00.0000000Z,2-AFB Customer Check,Non-AFB Customer (Expected Skip),No AFB CUSTOMER remark found in booking,Record processed successfully but is not an AFB customer,No - Business Logic,None - Expected behavior for non-business customers,2025-11-21T20:35:01.557Z,Passenger Record 120,"Record from 10/1/2025, 5:35:17.058 PM"
September,UAXIDF,N/A,0277328698534,2025-08-28T00:00:00.0000000Z,2-AFB Customer Check,Non-AFB Customer (Expected Skip),No AFB CUSTOMER remark found in booking,Record processed successfully but is not an AFB customer,No - Business Logic,None - Expected behavior for non-business customers,2025-11-21T20:35:01.557Z,Passenger Record 121,"Record from 10/1/2025, 6:41:17.400 PM"
September,AWTZGV,N/A,0272118143865,2025-09-23T00:00:00.0000000Z,2-AFB Customer Check,Non-AFB Customer (Expected Skip),No AFB CUSTOMER remark found in booking,Record processed successfully but is not an AFB customer,No - Business Logic,None - Expected behavior for non-business customers,2025-11-21T20:35:01.557Z,Passenger Record 122,"Record from 10/1/2025, 6:39:29.787 PM"
September,OWQOGQ,N/A,0272118623180,2025-09-28T00:00:00.0000000Z,2-AFB Customer Check,Non-AFB Customer (Expected Skip),No AFB CUSTOMER remark found in booking,Record processed successfully but is not an AFB customer,No - Business Logic,None - Expected behavior for non-business customers,2025-11-21T20:35:01.557Z,Passenger Record 123,"Record from 10/1/2025, 6:41:29.169 PM"
September,OJYVNU,N/A,0272115829421,2025-08-29T00:00:00.0000000Z,2-AFB Customer Check,Non-AFB Customer (Expected Skip),No AFB CUSTOMER remark found in booking,Record processed successfully but is not an AFB customer,No - Business Logic,None - Expected behavior for non-business customers,2025-11-21T20:35:01.557Z,Passenger Record 124,"Record from 9/25/2025, 7:36:03.413 AM"
September,MPXJAB,N/A,0277333290082,2025-09-15T00:00:00.0000000Z,2-AFB Customer Check,Non-AFB Customer (Expected Skip),No AFB CUSTOMER remark found in booking,Record processed successfully but is not an AFB customer,No - Business Logic,None - Expected behavior for non-business customers,2025-11-21T20:35:01.557Z,Passenger Record 128,"Record from 9/25/2025, 1:00:39.104 AM"
September,GEAJVE,N/A,0272102566903,2025-04-14T00:00:00.0000000Z,2-AFB Customer Check,Non-AFB Customer (Expected Skip),No AFB CUSTOMER remark found in booking,Record processed successfully but is not an AFB customer,No - Business Logic,None - Expected behavior for non-business customers,2025-11-21T20:35:01.557Z,Passenger Record 129,"Record from 9/22/2025, 12:34:33.454 AM"
September,NVOEXZ,N/A,1732315055722,2025-08-18T14:23:11.0000000Z,2-AFB Customer Check,Non-AFB Customer (Expected Skip),No AFB CUSTOMER remark found in booking,Record processed successfully but is not an AFB customer,No - Business Logic,None - Expected behavior for non-business customers,2025-11-21T20:35:01.557Z,Passenger Record 131,"Record from 9/23/2025, 4:27:53.305 AM"
September,QHFNZP,N/A,0272112220958,2025-07-22T00:00:00.0000000Z,2-AFB Customer Check,Non-AFB Customer (Expected Skip),No AFB CUSTOMER remark found in booking,Record processed successfully but is not an AFB customer,No - Business Logic,None - Expected behavior for non-business customers,2025-11-21T20:35:01.557Z,Passenger Record 132,"Record from 9/22/2025, 12:22:09.753 AM"
September,NOYFHG,N/A,0272113443762,2025-08-04T00:00:00.0000000Z,2-AFB Customer Check,Non-AFB Customer (Expected Skip),No AFB CUSTOMER remark found in booking,Record processed successfully but is not an AFB customer,No - Business Logic,None - Expected behavior for non-business customers,2025-11-21T20:35:01.557Z,Passenger Record 133,"Record from 9/22/2025, 4:03:05.524 AM"
September,JUPVIR,N/A,0272116200200,2025-09-02T00:00:00.0000000Z,2-AFB Customer Check,Non-AFB Customer (Expected Skip),No AFB CUSTOMER remark found in booking,Record processed successfully but is not an AFB customer,No - Business Logic,None - Expected behavior for non-business customers,2025-11-21T20:35:01.557Z,Passenger Record 135,"Record from 9/24/2025, 9:53:01.481 PM"
September,FVGYYD,N/A,0272118247942,2025-09-24T00:00:00.0000000Z,2-AFB Customer Check,Non-AFB Customer (Expected Skip),No AFB CUSTOMER remark found in booking,Record processed successfully but is not an AFB customer,No - Business Logic,None - Expected behavior for non-business customers,2025-11-21T20:35:01.557Z,Passenger Record 136,"Record from 9/24/2025, 9:52:59.158 PM"
September,IJIXNR,N/A,0272117295775,2025-09-14T00:00:00.0000000Z,2-AFB Customer Check,Non-AFB Customer (Expected Skip),No AFB CUSTOMER remark found in booking,Record processed successfully but is not an AFB customer,No - Business Logic,None - Expected behavior for non-business customers,2025-11-21T20:35:01.557Z,Passenger Record 137,"Record from 9/24/2025, 9:22:58.800 PM"
September,IOYZCR,N/A,0272104130022,2025-04-30T00:00:00.0000000Z,2-AFB Customer Check,Non-AFB Customer (Expected Skip),No AFB CUSTOMER remark found in booking,Record processed successfully but is not an AFB customer,No - Business Logic,None - Expected behavior for non-business customers,2025-11-21T20:35:01.557Z,Passenger Record 138,"Record from 9/30/2025, 9:29:15.989 PM"
September,AUOBMK,N/A,0272117642552,2025-09-17T00:00:00.0000000Z,2-AFB Customer Check,Non-AFB Customer (Expected Skip),No AFB CUSTOMER remark found in booking,Record processed successfully but is not an AFB customer,No - Business Logic,None - Expected behavior for non-business customers,2025-11-21T20:35:01.557Z,Passenger Record 139,"Record from 9/29/2025, 7:53:47.640 PM"
September,KQDFXS,N/A,0272107567271,2025-06-04T00:00:00.0000000Z,2-AFB Customer Check,Non-AFB Customer (Expected Skip),No AFB CUSTOMER remark found in booking,Record processed successfully but is not an AFB customer,No - Business Logic,None - Expected behavior for non-business customers,2025-11-21T20:35:01.557Z,Passenger Record 143,"Record from 9/30/2025, 1:18:14.509 AM"
September,JPQERV,N/A,0272116721751,2025-09-08T11:42:53.0000000Z,2-AFB Customer Check,Non-AFB Customer (Expected Skip),No AFB CUSTOMER remark found in booking,Record processed successfully but is not an AFB customer,No - Business Logic,None - Expected behavior for non-business customers,2025-11-21T20:35:01.557Z,Passenger Record 145,"Record from 9/21/2025, 4:19:47.431 AM"
September,KARYEV,N/A,0272117025046,2025-09-10T23:39:13.0000000Z,2-AFB Customer Check,Non-AFB Customer (Expected Skip),No AFB CUSTOMER remark found in booking,Record processed successfully but is not an AFB customer,No - Business Logic,None - Expected behavior for non-business customers,2025-11-21T20:35:01.557Z,Passenger Record 146,"Record from 9/20/2025, 4:26:15.664 AM"
September,ARGKXR,N/A,0272110353060,2025-07-02T00:00:00.0000000Z,2-AFB Customer Check,Non-AFB Customer (Expected Skip),No AFB CUSTOMER remark found in booking,Record processed successfully but is not an AFB customer,No - Business Logic,None - Expected behavior for non-business customers,2025-11-21T20:35:01.557Z,Passenger Record 147,"Record from 10/1/2025, 2:50:01.932 AM"
September,EZKOKP,N/A,0272115306277,2025-08-23T00:00:00.0000000Z,2-AFB Customer Check,Non-AFB Customer (Expected Skip),No AFB CUSTOMER remark found in booking,Record processed successfully but is not an AFB customer,No - Business Logic,None - Expected behavior for non-business customers,2025-11-21T20:35:01.557Z,Passenger Record 148,"Record from 10/1/2025, 3:50:27.732 AM"
September,QGIYBK,N/A,0272118422927,2025-09-25T00:00:00.0000000Z,2-AFB Customer Check,Non-AFB Customer (Expected Skip),No AFB CUSTOMER remark found in booking,Record processed successfully but is not an AFB customer,No - Business Logic,None - Expected behavior for non-business customers,2025-11-21T20:35:01.557Z,Passenger Record 151,"Record from 10/1/2025, 4:16:47.363 AM"
September,WPDTFN,N/A,0272111126400,2025-07-11T09:47:08.0000000Z,2-AFB Customer Check,Non-AFB Customer (Expected Skip),No AFB CUSTOMER remark found in booking,Record processed successfully but is not an AFB customer,No - Business Logic,None - Expected behavior for non-business customers,2025-11-21T20:35:01.557Z,Passenger Record 157,"Record from 10/1/2025, 2:55:20.172 AM"
September,HIFARW,N/A,0272115298943,2025-08-23T00:00:00.0000000Z,2-AFB Customer Check,Non-AFB Customer (Expected Skip),No AFB CUSTOMER remark found in booking,Record processed successfully but is not an AFB customer,No - Business Logic,None - Expected behavior for non-business customers,2025-11-21T20:35:01.558Z,Passenger Record 159,"Record from 10/1/2025, 3:25:48.564 AM"
September,QSDCID,N/A,0272117860764,2025-09-19T23:12:33.0000000Z,2-AFB Customer Check,Non-AFB Customer (Expected Skip),No AFB CUSTOMER remark found in booking,Record processed successfully but is not an AFB customer,No - Business Logic,None - Expected behavior for non-business customers,2025-11-21T20:35:01.558Z,Passenger Record 162,"Record from 9/25/2025, 4:29:54.277 AM"
September,JINLFB,N/A,1732313176442,2025-05-02T00:00:00.0000000Z,2-AFB Customer Check,Non-AFB Customer (Expected Skip),No AFB CUSTOMER remark found in booking,Record processed successfully but is not an AFB customer,No - Business Logic,None - Expected behavior for non-business customers,2025-11-21T20:35:01.558Z,Passenger Record 166,"Record from 9/29/2025, 11:43:14.005 PM"
September,CJSHTG,N/A,0272117867831,2025-09-20T00:00:00.0000000Z,2-AFB Customer Check,Non-AFB Customer (Expected Skip),No AFB CUSTOMER remark found in booking,Record processed successfully but is not an AFB customer,No - Business Logic,None - Expected behavior for non-business customers,2025-11-21T20:35:01.558Z,Passenger Record 167,"Record from 9/29/2025, 4:58:24.687 PM"
September,QLOGBR,N/A,1732313450760,2025-05-21T00:00:00.0000000Z,2-AFB Customer Check,Non-AFB Customer (Expected Skip),No AFB CUSTOMER remark found in booking,Record processed successfully but is not an AFB customer,No - Business Logic,None - Expected behavior for non-business customers,2025-11-21T20:35:01.558Z,Passenger Record 176,"Record from 9/30/2025, 5:45:30.376 PM"
September,OEBTNI,N/A,0272117076207,2025-09-11T00:00:00.0000000Z,2-AFB Customer Check,Non-AFB Customer (Expected Skip),No AFB CUSTOMER remark found in booking,Record processed successfully but is not an AFB customer,No - Business Logic,None - Expected behavior for non-business customers,2025-11-21T20:35:01.558Z,Passenger Record 179,"Record from 9/29/2025, 7:05:44.048 PM"
September,EWRJRT,N/A,0272118462765,2025-09-26T00:00:00.0000000Z,2-AFB Customer Check,Non-AFB Customer (Expected Skip),No AFB CUSTOMER remark found in booking,Record processed successfully but is not an AFB customer,No - Business Logic,None - Expected behavior for non-business customers,2025-11-21T20:35:01.558Z,Passenger Record 180,"Record from 9/29/2025, 5:55:39.551 PM"
September,HZSAXZ,N/A,0272109594699,2025-06-25T00:00:00.0000000Z,2-AFB Customer Check,Non-AFB Customer (Expected Skip),No AFB CUSTOMER remark found in booking,Record processed successfully but is not an AFB customer,No - Business Logic,None - Expected behavior for non-business customers,2025-11-21T20:35:01.558Z,Passenger Record 181,"Record from 9/29/2025, 5:57:43.177 PM"
September,LGFOSY,N/A,0272117769601,2025-09-18T00:00:00.0000000Z,2-AFB Customer Check,Non-AFB Customer (Expected Skip),No AFB CUSTOMER remark found in booking,Record processed successfully but is not an AFB customer,No - Business Logic,None - Expected behavior for non-business customers,2025-11-21T20:35:01.558Z,Passenger Record 182,"Record from 9/29/2025, 7:16:35.674 PM"
September,ICWMNT,N/A,0272116626610,2025-09-07T00:00:00.0000000Z,2-AFB Customer Check,Non-AFB Customer (Expected Skip),No AFB CUSTOMER remark found in booking,Record processed successfully but is not an AFB customer,No - Business Logic,None - Expected behavior for non-business customers,2025-11-21T20:35:01.558Z,Passenger Record 183,"Record from 9/17/2025, 11:01:19.105 PM"
September,ESOQLG,N/A,0272109673801,2025-06-26T00:00:00.0000000Z,2-AFB Customer Check,Non-AFB Customer (Expected Skip),No AFB CUSTOMER remark found in booking,Record processed successfully but is not an AFB customer,No - Business Logic,None - Expected behavior for non-business customers,2025-11-21T20:35:01.558Z,Passenger Record 184,"Record from 9/18/2025, 2:18:43.343 AM"
September,UCCKEQ,N/A,0272115476397,2025-08-25T00:00:00.0000000Z,2-AFB Customer Check,Non-AFB Customer (Expected Skip),No AFB CUSTOMER remark found in booking,Record processed successfully but is not an AFB customer,No - Business Logic,None - Expected behavior for non-business customers,2025-11-21T20:35:01.558Z,Passenger Record 185,"Record from 9/18/2025, 1:13:10.887 AM"
September,EADUTI,N/A,0272117671823,2025-09-17T00:00:00.0000000Z,2-AFB Customer Check,Non-AFB Customer (Expected Skip),No AFB CUSTOMER remark found in booking,Record processed successfully but is not an AFB customer,No - Business Logic,None - Expected behavior for non-business customers,2025-11-21T20:35:01.558Z,Passenger Record 186,"Record from 9/18/2025, 4:20:02.119 PM"
September,YESKNJ,N/A,0272116628044,2025-09-07T00:00:00.0000000Z,2-AFB Customer Check,Non-AFB Customer (Expected Skip),No AFB CUSTOMER remark found in booking,Record processed successfully but is not an AFB customer,No - Business Logic,None - Expected behavior for non-business customers,2025-11-21T20:35:01.558Z,Passenger Record 187,"Record from 9/18/2025, 3:58:04.521 PM"
September,ONPCAD,N/A,0272117701499,2025-09-18T00:00:00.0000000Z,2-AFB Customer Check,Non-AFB Customer (Expected Skip),No AFB CUSTOMER remark found in booking,Record processed successfully but is not an AFB customer,No - Business Logic,None - Expected behavior for non-business customers,2025-11-21T20:35:01.558Z,Passenger Record 188,"Record from 9/18/2025, 5:59:02.043 PM"
September,CTRUXE,N/A,0272115213230,2025-08-21T22:39:10.0000000Z,2-AFB Customer Check,Non-AFB Customer (Expected Skip),No AFB CUSTOMER remark found in booking,Record processed successfully but is not an AFB customer,No - Business Logic,None - Expected behavior for non-business customers,2025-11-21T20:35:01.558Z,Passenger Record 189,"Record from 9/20/2025, 4:23:31.551 AM"
September,WXFWRL,N/A,0272110596245,2025-07-05T00:00:00.0000000Z,2-AFB Customer Check,Non-AFB Customer (Expected Skip),No AFB CUSTOMER remark found in booking,Record processed successfully but is not an AFB customer,No - Business Logic,None - Expected behavior for non-business customers,2025-11-21T20:35:01.558Z,Passenger Record 193,"Record from 9/24/2025, 8:07:16.230 AM"
September,GHJQRX,N/A,0277238199135,2025-09-15T00:00:00.0000000Z,2-AFB Customer Check,Non-AFB Customer (Expected Skip),No AFB CUSTOMER remark found in booking,Record processed successfully but is not an AFB customer,No - Business Logic,None - Expected behavior for non-business customers,2025-11-21T20:35:01.558Z,Passenger Record 198,"Record from 9/18/2025, 10:01:39.530 PM"
September,FLMWRK,N/A,0272115540902,2025-08-26T00:00:00.0000000Z,2-AFB Customer Check,Non-AFB Customer (Expected Skip),No AFB CUSTOMER remark found in booking,Record processed successfully but is not an AFB customer,No - Business Logic,None - Expected behavior for non-business customers,2025-11-21T20:35:01.558Z,Passenger Record 199,"Record from 9/17/2025, 10:01:43.147 PM"
September,EAJTGH,N/A,0272113875451,2025-08-07T00:00:00.0000000Z,2-AFB Customer Check,Non-AFB Customer (Expected Skip),No AFB CUSTOMER remark found in booking,Record processed successfully but is not an AFB customer,No - Business Logic,None - Expected behavior for non-business customers,2025-11-21T20:35:01.558Z,Passenger Record 200,"Record from 9/30/2025, 9:05:24.683 PM"
September,AWTZGV,N/A,0272118143865,2025-09-23T13:39:52.0000000Z,2-AFB Customer Check,Non-AFB Customer (Expected Skip),No AFB CUSTOMER remark found in booking,Record processed successfully but is not an AFB customer,No - Business Logic,None - Expected behavior for non-business customers,2025-11-21T20:35:01.558Z,Passenger Record 216,"Record from 9/30/2025, 4:52:56.972 PM"
September,DODFOV,N/A,0272118701228,2025-09-29T00:00:00.0000000Z,2-AFB Customer Check,Non-AFB Customer (Expected Skip),No AFB CUSTOMER remark found in booking,Record processed successfully but is not an AFB customer,No - Business Logic,None - Expected behavior for non-business customers,2025-11-21T20:35:01.558Z,Passenger Record 218,"Record from 9/30/2025, 1:55:06.892 PM"
September,EOGKGM,N/A,0272114362609,2025-08-13T00:00:00.0000000Z,2-AFB Customer Check,Non-AFB Customer (Expected Skip),No AFB CUSTOMER remark found in booking,Record processed successfully but is not an AFB customer,No - Business Logic,None - Expected behavior for non-business customers,2025-11-21T20:35:01.558Z,Passenger Record 219,"Record from 9/30/2025, 1:59:30.008 PM"
September,DZJCFQ,N/A,0272114756812,2025-08-17T00:00:00.0000000Z,2-AFB Customer Check,Non-AFB Customer (Expected Skip),No AFB CUSTOMER remark found in booking,Record processed successfully but is not an AFB customer,No - Business Logic,None - Expected behavior for non-business customers,2025-11-21T20:35:01.558Z,Passenger Record 220,"Record from 9/30/2025, 4:30:44.907 PM"
September,IRPAVA,N/A,0272118753894,2025-09-29T00:00:00.0000000Z,2-AFB Customer Check,Non-AFB Customer (Expected Skip),No AFB CUSTOMER remark found in booking,Record processed successfully but is not an AFB customer,No - Business Logic,None - Expected behavior for non-business customers,2025-11-21T20:35:01.558Z,Passenger Record 225,"Record from 9/30/2025, 4:25:08.259 PM"
September,UMONIL,N/A,0272108257027,2025-06-11T00:00:00.0000000Z,2-AFB Customer Check,Non-AFB Customer (Expected Skip),No AFB CUSTOMER remark found in booking,Record processed successfully but is not an AFB customer,No - Business Logic,None - Expected behavior for non-business customers,2025-11-21T20:35:01.558Z,Passenger Record 232,"Record from 9/21/2025, 7:12:07.348 AM"
September,YMQSXV,N/A,0272118516070,2025-09-26T00:00:00.0000000Z,2-AFB Customer Check,Non-AFB Customer (Expected Skip),No AFB CUSTOMER remark found in booking,Record processed successfully but is not an AFB customer,No - Business Logic,None - Expected behavior for non-business customers,2025-11-21T20:35:01.558Z,Passenger Record 233,"Record from 9/27/2025, 5:23:45.074 AM"
September,SWXGKG,N/A,0272117265056,2025-09-13T00:00:00.0000000Z,2-AFB Customer Check,Non-AFB Customer (Expected Skip),No AFB CUSTOMER remark found in booking,Record processed successfully but is not an AFB customer,No - Business Logic,None - Expected behavior for non-business customers,2025-11-21T20:35:01.558Z,Passenger Record 239,"Record from 9/19/2025, 5:22:08.817 PM"
September,QJHATL,N/A,0272118362036,2025-09-25T00:00:00.0000000Z,2-AFB Customer Check,Non-AFB Customer (Expected Skip),No AFB CUSTOMER remark found in booking,Record processed successfully but is not an AFB customer,No - Business Logic,None - Expected behavior for non-business customers,2025-11-21T20:35:01.558Z,Passenger Record 245,"Record from 10/1/2025, 2:34:08.748 AM"
September,CKEHWD,N/A,0272117757798,2025-09-18T00:00:00.0000000Z,2-AFB Customer Check,Non-AFB Customer (Expected Skip),No AFB CUSTOMER remark found in booking,Record processed successfully but is not an AFB customer,No - Business Logic,None - Expected behavior for non-business customers,2025-11-21T20:35:01.558Z,Passenger Record 252,"Record from 10/1/2025, 12:10:06.858 AM"
September,QBHIEC,N/A,0272116158730,2025-09-02T00:00:00.0000000Z,2-AFB Customer Check,Non-AFB Customer (Expected Skip),No AFB CUSTOMER remark found in booking,Record processed successfully but is not an AFB customer,No - Business Logic,None - Expected behavior for non-business customers,2025-11-21T20:35:01.558Z,Passenger Record 256,"Record from 10/1/2025, 12:33:04.997 AM"
September,FNKCZC,N/A,0272116356725,2025-09-04T00:00:00.0000000Z,2-AFB Customer Check,Non-AFB Customer (Expected Skip),No AFB CUSTOMER remark found in booking,Record processed successfully but is not an AFB customer,No - Business Logic,None - Expected behavior for non-business customers,2025-11-21T20:35:01.558Z,Passenger Record 257,"Record from 9/19/2025, 1:51:01.646 PM"
September,DEMBYL,N/A,0272117550250,2025-09-16T00:00:00.0000000Z,2-AFB Customer Check,Non-AFB Customer (Expected Skip),No AFB CUSTOMER remark found in booking,Record processed successfully but is not an AFB customer,No - Business Logic,None - Expected behavior for non-business customers,2025-11-21T20:35:01.558Z,Passenger Record 258,"Record from 9/23/2025, 2:45:40.325 AM"
September,YNPDGZ,N/A,0272109715392,2025-06-26T00:00:00.0000000Z,2-AFB Customer Check,Non-AFB Customer (Expected Skip),No AFB CUSTOMER remark found in booking,Record processed successfully but is not an AFB customer,No - Business Logic,None - Expected behavior for non-business customers,2025-11-21T20:35:01.558Z,Passenger Record 259,"Record from 9/23/2025, 2:40:21.475 AM"
September,QNZCYN,N/A,0272117068807,2025-09-11T00:00:00.0000000Z,2-AFB Customer Check,Non-AFB Customer (Expected Skip),No AFB CUSTOMER remark found in booking,Record processed successfully but is not an AFB customer,No - Business Logic,None - Expected behavior for non-business customers,2025-11-21T20:35:01.558Z,Passenger Record 260,"Record from 9/23/2025, 6:55:20.905 AM"
September,NXYCZX,N/A,0272118497740,2025-09-26T00:00:00.0000000Z,2-AFB Customer Check,Non-AFB Customer (Expected Skip),No AFB CUSTOMER remark found in booking,Record processed successfully but is not an AFB customer,No - Business Logic,None - Expected behavior for non-business customers,2025-11-21T20:35:01.558Z,Passenger Record 269,"Record from 10/1/2025, 4:08:20.811 PM"
September,AHBGFC,N/A,0277337208295,2025-09-30T00:00:00.0000000Z,2-AFB Customer Check,Non-AFB Customer (Expected Skip),No AFB CUSTOMER remark found in booking,Record processed successfully but is not an AFB customer,No - Business Logic,None - Expected behavior for non-business customers,2025-11-21T20:35:01.558Z,Passenger Record 270,"Record from 10/1/2025, 6:28:57.108 PM"
September,MMASBS,N/A,0272115162195,2025-08-21T00:00:00.0000000Z,2-AFB Customer Check,Non-AFB Customer (Expected Skip),No AFB CUSTOMER remark found in booking,Record processed successfully but is not an AFB customer,No - Business Logic,None - Expected behavior for non-business customers,2025-11-21T20:35:01.558Z,Passenger Record 275,"Record from 10/1/2025, 3:10:28.010 PM"
September,FCVDGS,N/A,0272114938389,2025-08-19T00:00:00.0000000Z,2-AFB Customer Check,Non-AFB Customer (Expected Skip),No AFB CUSTOMER remark found in booking,Record processed successfully but is not an AFB customer,No - Business Logic,None - Expected behavior for non-business customers,2025-11-21T20:35:01.558Z,Passenger Record 278,"Record from 9/29/2025, 4:39:21.668 PM"
September,HNSFWM,N/A,0272113387092,2025-08-03T00:00:00.0000000Z,2-AFB Customer Check,Non-AFB Customer (Expected Skip),No AFB CUSTOMER remark found in booking,Record processed successfully but is not an AFB customer,No - Business Logic,None - Expected behavior for non-business customers,2025-11-21T20:35:01.558Z,Passenger Record 280,"Record from 9/20/2025, 4:19:47.789 AM"
September,LTBYGY,N/A,0272117694686,2025-09-18T00:00:00.0000000Z,2-AFB Customer Check,Non-AFB Customer (Expected Skip),No AFB CUSTOMER remark found in booking,Record processed successfully but is not an AFB customer,No - Business Logic,None - Expected behavior for non-business customers,2025-11-21T20:35:01.558Z,Passenger Record 281,"Record from 9/20/2025, 4:56:46.909 AM"
September,FMFGJH,N/A,0272114779342,2025-08-17T00:00:00.0000000Z,2-AFB Customer Check,Non-AFB Customer (Expected Skip),No AFB CUSTOMER remark found in booking,Record processed successfully but is not an AFB customer,No - Business Logic,None - Expected behavior for non-business customers,2025-11-21T20:35:01.558Z,Passenger Record 282,"Record from 9/20/2025, 8:50:52.517 PM"
September,FCYTUB,N/A,0277302011685,2025-07-25T00:00:00.0000000Z,2-AFB Customer Check,Non-AFB Customer (Expected Skip),No AFB CUSTOMER remark found in booking,Record processed successfully but is not an AFB customer,No - Business Logic,None - Expected behavior for non-business customers,2025-11-21T20:35:01.558Z,Passenger Record 283,"Record from 9/18/2025, 9:28:17.780 PM"
September,DYVBVC,N/A,0272113897100,2025-08-07T00:00:00.0000000Z,2-AFB Customer Check,Non-AFB Customer (Expected Skip),No AFB CUSTOMER remark found in booking,Record processed successfully but is not an AFB customer,No - Business Logic,None - Expected behavior for non-business customers,2025-11-21T20:35:01.558Z,Passenger Record 284,"Record from 9/19/2025, 1:01:38.546 AM"
September,LGFUZM,N/A,0272117185288,2025-09-12T00:00:00.0000000Z,2-AFB Customer Check,Non-AFB Customer (Expected Skip),No AFB CUSTOMER remark found in booking,Record processed successfully but is not an AFB customer,No - Business Logic,None - Expected behavior for non-business customers,2025-11-21T20:35:01.558Z,Passenger Record 288,"Record from 9/30/2025, 1:03:34.295 AM"
September,LTQMAH,N/A,0272116307014,2025-09-03T00:00:00.0000000Z,2-AFB Customer Check,Non-AFB Customer (Expected Skip),No AFB CUSTOMER remark found in booking,Record processed successfully but is not an AFB customer,No - Business Logic,None - Expected behavior for non-business customers,2025-11-21T20:35:01.558Z,Passenger Record 290,"Record from 9/30/2025, 2:33:15.077 AM"
September,KNTPDU,N/A,0272118488655,2025-09-26T00:00:00.0000000Z,2-AFB Customer Check,Non-AFB Customer (Expected Skip),No AFB CUSTOMER remark found in booking,Record processed successfully but is not an AFB customer,No - Business Logic,None - Expected behavior for non-business customers,2025-11-21T20:35:01.558Z,Passenger Record 292,"Record from 9/30/2025, 3:47:53.621 AM"
September,AMWEIM,N/A,0272116668105,2025-09-07T00:00:00.0000000Z,2-AFB Customer Check,Non-AFB Customer (Expected Skip),No AFB CUSTOMER remark found in booking,Record processed successfully but is not an AFB customer,No - Business Logic,None - Expected behavior for non-business customers,2025-11-21T20:35:01.558Z,Passenger Record 295,"Record from 9/30/2025, 2:47:09.248 AM"
September,EGOSOU,N/A,0272108199613,2025-06-10T00:00:00.0000000Z,2-AFB Customer Check,Non-AFB Customer (Expected Skip),No AFB CUSTOMER remark found in booking,Record processed successfully but is not an AFB customer,No - Business Logic,None - Expected behavior for non-business customers,2025-11-21T20:35:01.558Z,Passenger Record 298,"Record from 9/30/2025, 2:53:35.347 AM"
September,IYHQLU,N/A,0273509943069,2025-03-29T00:00:00.0000000Z,2-AFB Customer Check,Non-AFB Customer (Expected Skip),No AFB CUSTOMER remark found in booking,Record processed successfully but is not an AFB customer,No - Business Logic,None - Expected behavior for non-business customers,2025-11-21T20:35:01.558Z,Passenger Record 299,"Record from 9/30/2025, 2:54:06.968 AM"
September,QHZLXP,N/A,0272113738301,2025-08-06T00:00:00.0000000Z,2-AFB Customer Check,Non-AFB Customer (Expected Skip),No AFB CUSTOMER remark found in booking,Record processed successfully but is not an AFB customer,No - Business Logic,None - Expected behavior for non-business customers,2025-11-21T20:35:01.558Z,Passenger Record 300,"Record from 9/30/2025, 4:51:21.918 AM"
September,DNIKUD,N/A,0272118410199,2025-09-25T00:00:00.0000000Z,2-AFB Customer Check,Non-AFB Customer (Expected Skip),No AFB CUSTOMER remark found in booking,Record processed successfully but is not an AFB customer,No - Business Logic,None - Expected behavior for non-business customers,2025-11-21T20:35:01.558Z,Passenger Record 301,"Record from 9/30/2025, 1:23:20.158 AM"
September,YEHOJF,N/A,0272115989178,2025-08-31T00:00:00.0000000Z,2-AFB Customer Check,Non-AFB Customer (Expected Skip),No AFB CUSTOMER remark found in booking,Record processed successfully but is not an AFB customer,No - Business Logic,None - Expected behavior for non-business customers,2025-11-21T20:35:01.558Z,Passenger Record 302,"Record from 9/30/2025, 4:55:05.161 AM"
September,OLCPJL,N/A,0272115553430,2025-08-26T00:00:00.0000000Z,2-AFB Customer Check,Non-AFB Customer (Expected Skip),No AFB CUSTOMER remark found in booking,Record processed successfully but is not an AFB customer,No - Business Logic,None - Expected behavior for non-business customers,2025-11-21T20:35:01.558Z,Passenger Record 304,"Record from 9/30/2025, 4:53:07.840 AM"
September,WYPAWW,N/A,0277310767238,2025-09-03T15:49:34.0000000Z,2-AFB Customer Check,Non-AFB Customer (Expected Skip),No AFB CUSTOMER remark found in booking,Record processed successfully but is not an AFB customer,No - Business Logic,None - Expected behavior for non-business customers,2025-11-21T20:35:01.558Z,Passenger Record 309,"Record from 9/23/2025, 4:25:07.266 AM"
September,JYLDIC,N/A,0272116215088,2025-09-03T00:00:00.0000000Z,2-AFB Customer Check,Non-AFB Customer (Expected Skip),No AFB CUSTOMER remark found in booking,Record processed successfully but is not an AFB customer,No - Business Logic,None - Expected behavior for non-business customers,2025-11-21T20:35:01.558Z,Passenger Record 311,"Record from 9/24/2025, 12:52:39.393 AM"
September,LHCEEL,N/A,0272115879555,2025-08-29T00:00:00.0000000Z,2-AFB Customer Check,Non-AFB Customer (Expected Skip),No AFB CUSTOMER remark found in booking,Record processed successfully but is not an AFB customer,No - Business Logic,None - Expected behavior for non-business customers,2025-11-21T20:35:01.558Z,Passenger Record 316,"Record from 9/19/2025, 6:28:49.240 PM"
September,GHCSJE,N/A,0272117025320,2025-09-10T00:00:00.0000000Z,2-AFB Customer Check,Non-AFB Customer (Expected Skip),No AFB CUSTOMER remark found in booking,Record processed successfully but is not an AFB customer,No - Business Logic,None - Expected behavior for non-business customers,2025-11-21T20:35:01.558Z,Passenger Record 317,"Record from 9/17/2025, 5:49:54.425 PM"
September,EQXKRH,N/A,0272116244761,2025-09-03T00:00:00.0000000Z,2-AFB Customer Check,Non-AFB Customer (Expected Skip),No AFB CUSTOMER remark found in booking,Record processed successfully but is not an AFB customer,No - Business Logic,None - Expected behavior for non-business customers,2025-11-21T20:35:01.558Z,Passenger Record 318,"Record from 9/18/2025, 6:54:36.802 PM"
September,GAWPNZ,N/A,0272114967412,2025-08-19T00:00:00.0000000Z,2-AFB Customer Check,Non-AFB Customer (Expected Skip),No AFB CUSTOMER remark found in booking,Record processed successfully but is not an AFB customer,No - Business Logic,None - Expected behavior for non-business customers,2025-11-21T20:35:01.558Z,Passenger Record 327,"Record from 9/16/2025, 9:12:39.037 PM"
September,JPBKQG,N/A,0277330575720,2025-09-05T00:00:00.0000000Z,2-AFB Customer Check,Non-AFB Customer (Expected Skip),No AFB CUSTOMER remark found in booking,Record processed successfully but is not an AFB customer,No - Business Logic,None - Expected behavior for non-business customers,2025-11-21T20:35:01.558Z,Passenger Record 328,"Record from 9/29/2025, 10:29:31.804 PM"
September,QLUUFE,N/A,0272118233260,2025-09-24T00:00:00.0000000Z,2-AFB Customer Check,Non-AFB Customer (Expected Skip),No AFB CUSTOMER remark found in booking,Record processed successfully but is not an AFB customer,No - Business Logic,None - Expected behavior for non-business customers,2025-11-21T20:35:01.558Z,Passenger Record 333,"Record from 9/29/2025, 10:53:34.354 PM"
September,IUQOLV,N/A,0277331630042,2025-09-23T00:00:00.0000000Z,2-AFB Customer Check,Non-AFB Customer (Expected Skip),No AFB CUSTOMER remark found in booking,Record processed successfully but is not an AFB customer,No - Business Logic,None - Expected behavior for non-business customers,2025-11-21T20:35:01.558Z,Passenger Record 334,"Record from 9/29/2025, 10:54:39.129 PM"
September,KRSLYT,N/A,0277335406651,2025-09-24T00:00:00.0000000Z,2-AFB Customer Check,Non-AFB Customer (Expected Skip),No AFB CUSTOMER remark found in booking,Record processed successfully but is not an AFB customer,No - Business Logic,None - Expected behavior for non-business customers,2025-11-21T20:35:01.558Z,Passenger Record 335,"Record from 9/29/2025, 11:05:04.762 PM"
September,MVFDHI,N/A,0272110922866,2025-07-09T12:33:44.0000000Z,2-AFB Customer Check,Non-AFB Customer (Expected Skip),No AFB CUSTOMER remark found in booking,Record processed successfully but is not an AFB customer,No - Business Logic,None - Expected behavior for non-business customers,2025-11-21T20:35:01.558Z,Passenger Record 362,"Record from 10/1/2025, 5:23:18.637 AM"
September,IUEAWX,N/A,0272113859850,2025-08-07T00:00:00.0000000Z,2-AFB Customer Check,Non-AFB Customer (Expected Skip),No AFB CUSTOMER remark found in booking,Record processed successfully but is not an AFB customer,No - Business Logic,None - Expected behavior for non-business customers,2025-11-21T20:35:01.558Z,Passenger Record 367,"Record from 9/30/2025, 6:04:29.995 AM"
September,LVMZUQ,N/A,0272118511982,2025-09-26T00:00:00.0000000Z,2-AFB Customer Check,Non-AFB Customer (Expected Skip),No AFB CUSTOMER remark found in booking,Record processed successfully but is not an AFB customer,No - Business Logic,None - Expected behavior for non-business customers,2025-11-21T20:35:01.558Z,Passenger Record 369,"Record from 9/30/2025, 6:48:15.634 AM"
September,OZQHJC,N/A,0272117770831,2025-09-18T00:00:00.0000000Z,2-AFB Customer Check,Non-AFB Customer (Expected Skip),No AFB CUSTOMER remark found in booking,Record processed successfully but is not an AFB customer,No - Business Logic,None - Expected behavior for non-business customers,2025-11-21T20:35:01.558Z,Passenger Record 370,"Record from 9/30/2025, 4:23:01.527 AM"
September,FMUSPH,N/A,0272117746752,2025-09-18T00:00:00.0000000Z,2-AFB Customer Check,Non-AFB Customer (Expected Skip),No AFB CUSTOMER remark found in booking,Record processed successfully but is not an AFB customer,No - Business Logic,None - Expected behavior for non-business customers,2025-11-21T20:35:01.558Z,Passenger Record 375,"Record from 9/30/2025, 5:10:01.071 AM"
September,MBICWI,N/A,0272118298039,2025-09-24T00:00:00.0000000Z,2-AFB Customer Check,Non-AFB Customer (Expected Skip),No AFB CUSTOMER remark found in booking,Record processed successfully but is not an AFB customer,No - Business Logic,None - Expected behavior for non-business customers,2025-11-21T20:35:01.558Z,Passenger Record 378,"Record from 9/27/2025, 2:52:50.207 AM"
September,SHXZFQ,N/A,0272112342696,2025-07-23T00:00:00.0000000Z,2-AFB Customer Check,Non-AFB Customer (Expected Skip),No AFB CUSTOMER remark found in booking,Record processed successfully but is not an AFB customer,No - Business Logic,None - Expected behavior for non-business customers,2025-11-21T20:35:01.558Z,Passenger Record 382,"Record from 9/19/2025, 11:16:21.999 PM"
September,MLDZXS,N/A,0272115953280,2025-08-30T00:00:00.0000000Z,2-AFB Customer Check,Non-AFB Customer (Expected Skip),No AFB CUSTOMER remark found in booking,Record processed successfully but is not an AFB customer,No - Business Logic,None - Expected behavior for non-business customers,2025-11-21T20:35:01.558Z,Passenger Record 383,"Record from 9/20/2025, 12:17:55.093 AM"
October,QLMUEF,N/A,0272115158216,2025-08-21T00:00:00.0000000Z,2-AFB Customer Check,Non-AFB Customer (Expected Skip),No AFB CUSTOMER remark found in booking,Record processed successfully but is not an AFB customer,No - Business Logic,None - Expected behavior for non-business customers,2025-11-21T20:35:01.579Z,Passenger Record 1,"Record from 10/16/2025, 12:09:32.942 AM"
October,FJRLQG,N/A,0272119855191,2025-10-09T23:07:55.0000000Z,2-AFB Customer Check,Non-AFB Customer (Expected Skip),No AFB CUSTOMER remark found in booking,Record processed successfully but is not an AFB customer,No - Business Logic,None - Expected behavior for non-business customers,2025-11-21T20:35:01.579Z,Passenger Record 2,"Record from 10/16/2025, 4:11:32.391 AM"
October,NWGGIV,N/A,0277300302392,2025-07-14T00:00:00.0000000Z,2-AFB Customer Check,Non-AFB Customer (Expected Skip),No AFB CUSTOMER remark found in booking,Record processed successfully but is not an AFB customer,No - Business Logic,None - Expected behavior for non-business customers,2025-11-21T20:35:01.579Z,Passenger Record 6,"Record from 10/14/2025, 3:40:48.853 AM"
October,DMCYLI,N/A,0272115602953,2025-08-26T00:00:00.0000000Z,2-AFB Customer Check,Non-AFB Customer (Expected Skip),No AFB CUSTOMER remark found in booking,Record processed successfully but is not an AFB customer,No - Business Logic,None - Expected behavior for non-business customers,2025-11-21T20:35:01.579Z,Passenger Record 7,"Record from 10/14/2025, 3:32:12.167 AM"
October,DDTZYP,N/A,0272120137879,2025-10-13T07:27:15.0000000Z,2-AFB Customer Check,Non-AFB Customer (Expected Skip),No AFB CUSTOMER remark found in booking,Record processed successfully but is not an AFB customer,No - Business Logic,None - Expected behavior for non-business customers,2025-11-21T20:35:01.579Z,Passenger Record 11,"Record from 10/15/2025, 4:14:11.288 AM"
October,MKHOUV,N/A,8812478806976,2025-09-26T00:00:00.0000000Z,2-AFB Customer Check,Non-AFB Customer (Expected Skip),No AFB CUSTOMER remark found in booking,Record processed successfully but is not an AFB customer,No - Business Logic,None - Expected behavior for non-business customers,2025-11-21T20:35:01.579Z,Passenger Record 12,"Record from 10/27/2025, 4:18:43.259 AM"
October,HGEXLB,N/A,2972784152426,2025-10-01T00:00:00.0000000Z,2-AFB Customer Check,Non-AFB Customer (Expected Skip),No AFB CUSTOMER remark found in booking,Record processed successfully but is not an AFB customer,No - Business Logic,None - Expected behavior for non-business customers,2025-11-21T20:35:01.579Z,Passenger Record 14,"Record from 10/26/2025, 1:02:54.711 AM"
October,YLOYCO,N/A,0272120777302,2025-10-19T00:00:00.0000000Z,2-AFB Customer Check,Non-AFB Customer (Expected Skip),No AFB CUSTOMER remark found in booking,Record processed successfully but is not an AFB customer,No - Business Logic,None - Expected behavior for non-business customers,2025-11-21T20:35:01.579Z,Passenger Record 15,"Record from 10/26/2025, 12:49:09.998 AM"
October,GFKKUR,N/A,0277342297514,2025-10-22T00:00:00.0000000Z,2-AFB Customer Check,Non-AFB Customer (Expected Skip),No AFB CUSTOMER remark found in booking,Record processed successfully but is not an AFB customer,No - Business Logic,None - Expected behavior for non-business customers,2025-11-21T20:35:01.579Z,Passenger Record 18,"Record from 10/26/2025, 3:01:00.954 AM"
October,SLTHFS,N/A,0272121349562,2025-10-24T00:00:00.0000000Z,2-AFB Customer Check,Non-AFB Customer (Expected Skip),No AFB CUSTOMER remark found in booking,Record processed successfully but is not an AFB customer,No - Business Logic,None - Expected behavior for non-business customers,2025-11-21T20:35:01.579Z,Passenger Record 22,"Record from 10/26/2025, 12:43:50.509 AM"
October,DSZZCQ,N/A,0272120645006,2025-10-17T00:00:00.0000000Z,2-AFB Customer Check,Non-AFB Customer (Expected Skip),No AFB CUSTOMER remark found in booking,Record processed successfully but is not an AFB customer,No - Business Logic,None - Expected behavior for non-business customers,2025-11-21T20:35:01.579Z,Passenger Record 23,"Record from 10/26/2025, 3:02:40.892 AM"
October,NSRYLI,N/A,0272121282116,2025-10-24T00:00:00.0000000Z,2-AFB Customer Check,Non-AFB Customer (Expected Skip),No AFB CUSTOMER remark found in booking,Record processed successfully but is not an AFB customer,No - Business Logic,None - Expected behavior for non-business customers,2025-11-21T20:35:01.579Z,Passenger Record 24,"Record from 10/25/2025, 11:04:20.509 PM"
October,QKDXDQ,N/A,0276374674322,2025-04-27T00:00:00.0000000Z,2-AFB Customer Check,Non-AFB Customer (Expected Skip),No AFB CUSTOMER remark found in booking,Record processed successfully but is not an AFB customer,No - Business Logic,None - Expected behavior for non-business customers,2025-11-21T20:35:01.579Z,Passenger Record 33,"Record from 10/25/2025, 10:45:09.083 PM"
October,OZGRXC,N/A,0272120164448,2025-10-13T00:00:00.0000000Z,2-AFB Customer Check,Non-AFB Customer (Expected Skip),No AFB CUSTOMER remark found in booking,Record processed successfully but is not an AFB customer,No - Business Logic,None - Expected behavior for non-business customers,2025-11-21T20:35:01.579Z,Passenger Record 34,"Record from 10/25/2025, 10:54:18.519 PM"
October,FPHYQD,N/A,1732805887365,2025-05-25T00:00:00.0000000Z,2-AFB Customer Check,Non-AFB Customer (Expected Skip),No AFB CUSTOMER remark found in booking,Record processed successfully but is not an AFB customer,No - Business Logic,None - Expected behavior for non-business customers,2025-11-21T20:35:01.579Z,Passenger Record 35,"Record from 10/25/2025, 10:58:30.690 PM"
October,OQBVVQ,N/A,0272115169619,2025-08-21T00:00:00.0000000Z,2-AFB Customer Check,Non-AFB Customer (Expected Skip),No AFB CUSTOMER remark found in booking,Record processed successfully but is not an AFB customer,No - Business Logic,None - Expected behavior for non-business customers,2025-11-21T20:35:01.579Z,Passenger Record 41,"Record from 10/24/2025, 8:55:39.352 AM"
October,WFOQVJ,N/A,1897380308510,2025-10-14T10:00:23.0000000Z,2-AFB Customer Check,Non-AFB Customer (Expected Skip),No AFB CUSTOMER remark found in booking,Record processed successfully but is not an AFB customer,No - Business Logic,None - Expected behavior for non-business customers,2025-11-21T20:35:01.579Z,Passenger Record 43,"Record from 10/25/2025, 4:20:18.608 AM"
October,QMDOGN,N/A,0272116187413,2025-09-02T20:32:57.0000000Z,2-AFB Customer Check,Non-AFB Customer (Expected Skip),No AFB CUSTOMER remark found in booking,Record processed successfully but is not an AFB customer,No - Business Logic,None - Expected behavior for non-business customers,2025-11-21T20:35:01.579Z,Passenger Record 46,"Record from 10/25/2025, 4:37:54.996 AM"
October,DVHGJR,N/A,0272120528286,2025-10-16T00:00:00.0000000Z,2-AFB Customer Check,Non-AFB Customer (Expected Skip),No AFB CUSTOMER remark found in booking,Record processed successfully but is not an AFB customer,No - Business Logic,None - Expected behavior for non-business customers,2025-11-21T20:35:01.579Z,Passenger Record 47,"Record from 10/24/2025, 6:27:47.824 AM"
October,HCKLCG,N/A,0272116197974,2025-09-02T00:00:00.0000000Z,2-AFB Customer Check,Non-AFB Customer (Expected Skip),No AFB CUSTOMER remark found in booking,Record processed successfully but is not an AFB customer,No - Business Logic,None - Expected behavior for non-business customers,2025-11-21T20:35:01.579Z,Passenger Record 48,"Record from 10/24/2025, 6:28:03.284 AM"
October,HUKGRB,N/A,0277311160745,2025-09-13T00:00:00.0000000Z,2-AFB Customer Check,Non-AFB Customer (Expected Skip),No AFB CUSTOMER remark found in booking,Record processed successfully but is not an AFB customer,No - Business Logic,None - Expected behavior for non-business customers,2025-11-21T20:35:01.579Z,Passenger Record 58,"Record from 10/24/2025, 8:10:10.858 PM"
October,EQTTBJ,N/A,0272110460117,2025-07-03T00:00:00.0000000Z,2-AFB Customer Check,Non-AFB Customer (Expected Skip),No AFB CUSTOMER remark found in booking,Record processed successfully but is not an AFB customer,No - Business Logic,None - Expected behavior for non-business customers,2025-11-21T20:35:01.579Z,Passenger Record 59,"Record from 10/25/2025, 12:13:37.783 AM"
October,MTTQSE,N/A,N/A,10/24/2025 12:00:00 AM,2-AFB Customer Check,Non-AFB Customer (Expected Skip),No AFB CUSTOMER remark found in booking,Record processed successfully but is not an AFB customer,No - Business Logic,None - Expected behavior for non-business customers,2025-11-21T20:35:01.579Z,Passenger Record 60,"Record from 10/24/2025, 8:24:39.520 PM"
October,OHFJXM,N/A,0277342527873,2025-10-22T00:00:00.0000000Z,2-AFB Customer Check,Non-AFB Customer (Expected Skip),No AFB CUSTOMER remark found in booking,Record processed successfully but is not an AFB customer,No - Business Logic,None - Expected behavior for non-business customers,2025-11-21T20:35:01.579Z,Passenger Record 63,"Record from 10/24/2025, 8:25:23.033 PM"
October,WFKBCV,N/A,0277341505921,2025-10-20T00:00:00.0000000Z,2-AFB Customer Check,Non-AFB Customer (Expected Skip),No AFB CUSTOMER remark found in booking,Record processed successfully but is not an AFB customer,No - Business Logic,None - Expected behavior for non-business customers,2025-11-21T20:35:01.579Z,Passenger Record 64,"Record from 10/24/2025, 8:08:06.538 PM"
October,EYVWWG,N/A,0272120779546,2025-10-19T00:00:00.0000000Z,2-AFB Customer Check,Non-AFB Customer (Expected Skip),No AFB CUSTOMER remark found in booking,Record processed successfully but is not an AFB customer,No - Business Logic,None - Expected behavior for non-business customers,2025-11-21T20:35:01.579Z,Passenger Record 65,"Record from 10/24/2025, 8:36:53.014 PM"
October,HVYEZA,N/A,1737375383003,2025-09-07T20:16:57.0000000Z,2-AFB Customer Check,Non-AFB Customer (Expected Skip),No AFB CUSTOMER remark found in booking,Record processed successfully but is not an AFB customer,No - Business Logic,None - Expected behavior for non-business customers,2025-11-21T20:35:01.579Z,Passenger Record 69,"Record from 10/26/2025, 4:35:01.146 AM"
October,KMWRXL,N/A,0272116212307,2025-09-03T00:00:00.0000000Z,2-AFB Customer Check,Non-AFB Customer (Expected Skip),No AFB CUSTOMER remark found in booking,Record processed successfully but is not an AFB customer,No - Business Logic,None - Expected behavior for non-business customers,2025-11-21T20:35:01.579Z,Passenger Record 71,"Record from 10/24/2025, 9:50:01.202 PM"
October,CEKXNP,N/A,0277280037150,2025-08-06T21:36:13.0000000Z,2-AFB Customer Check,Non-AFB Customer (Expected Skip),No AFB CUSTOMER remark found in booking,Record processed successfully but is not an AFB customer,No - Business Logic,None - Expected behavior for non-business customers,2025-11-21T20:35:01.579Z,Passenger Record 73,"Record from 10/26/2025, 4:25:38.049 AM"
October,WGGLBW,N/A,0272118191883,2025-09-23T00:00:00.0000000Z,2-AFB Customer Check,Non-AFB Customer (Expected Skip),No AFB CUSTOMER remark found in booking,Record processed successfully but is not an AFB customer,No - Business Logic,None - Expected behavior for non-business customers,2025-11-21T20:35:01.579Z,Passenger Record 74,"Record from 10/24/2025, 8:45:08.737 PM"
October,LIUBGB,N/A,0272120827183,2025-10-20T00:00:00.0000000Z,2-AFB Customer Check,Non-AFB Customer (Expected Skip),No AFB CUSTOMER remark found in booking,Record processed successfully but is not an AFB customer,No - Business Logic,None - Expected behavior for non-business customers,2025-11-21T20:35:01.579Z,Passenger Record 77,"Record from 10/21/2025, 3:30:33.248 AM"
October,EPENZL,N/A,0272117510931,2025-09-16T14:02:48.0000000Z,2-AFB Customer Check,Non-AFB Customer (Expected Skip),No AFB CUSTOMER remark found in booking,Record processed successfully but is not an AFB customer,No - Business Logic,None - Expected behavior for non-business customers,2025-11-21T20:35:01.579Z,Passenger Record 79,"Record from 10/21/2025, 3:40:39.190 AM"
October,YGKKUI,N/A,1733590678592,2025-06-09T00:00:00.0000000Z,2-AFB Customer Check,Non-AFB Customer (Expected Skip),No AFB CUSTOMER remark found in booking,Record processed successfully but is not an AFB customer,No - Business Logic,None - Expected behavior for non-business customers,2025-11-21T20:35:01.579Z,Passenger Record 85,"Record from 10/21/2025, 9:58:47.050 AM"
October,QBJUBN,N/A,0277338948806,2025-10-08T02:02:02.0000000Z,2-AFB Customer Check,Non-AFB Customer (Expected Skip),No AFB CUSTOMER remark found in booking,Record processed successfully but is not an AFB customer,No - Business Logic,None - Expected behavior for non-business customers,2025-11-21T20:35:01.579Z,Passenger Record 87,"Record from 10/22/2025, 4:11:14.560 AM"
October,QTDXIW,N/A,0272119347713,2025-10-05T00:00:00.0000000Z,2-AFB Customer Check,Non-AFB Customer (Expected Skip),No AFB CUSTOMER remark found in booking,Record processed successfully but is not an AFB customer,No - Business Logic,None - Expected behavior for non-business customers,2025-11-21T20:35:01.579Z,Passenger Record 88,"Record from 10/21/2025, 8:07:09.575 AM"
October,UPPDOT,N/A,0272120244283,2025-10-14T08:52:41.0000000Z,2-AFB Customer Check,Non-AFB Customer (Expected Skip),No AFB CUSTOMER remark found in booking,Record processed successfully but is not an AFB customer,No - Business Logic,None - Expected behavior for non-business customers,2025-11-21T20:35:01.579Z,Passenger Record 89,"Record from 10/22/2025, 4:16:15.574 AM"
October,JICCPJ,N/A,0272114896995,2025-08-18T00:00:00.0000000Z,2-AFB Customer Check,Non-AFB Customer (Expected Skip),No AFB CUSTOMER remark found in booking,Record processed successfully but is not an AFB customer,No - Business Logic,None - Expected behavior for non-business customers,2025-11-21T20:35:01.579Z,Passenger Record 92,"Record from 10/21/2025, 7:31:11.461 AM"
October,AXYGUB,N/A,0272120810207,2025-10-19T00:00:00.0000000Z,2-AFB Customer Check,Non-AFB Customer (Expected Skip),No AFB CUSTOMER remark found in booking,Record processed successfully but is not an AFB customer,No - Business Logic,None - Expected behavior for non-business customers,2025-11-21T20:35:01.579Z,Passenger Record 93,"Record from 10/21/2025, 7:25:27.278 AM"
October,ERDTGP,N/A,0272115448751,2025-08-25T00:00:00.0000000Z,2-AFB Customer Check,Non-AFB Customer (Expected Skip),No AFB CUSTOMER remark found in booking,Record processed successfully but is not an AFB customer,No - Business Logic,None - Expected behavior for non-business customers,2025-11-21T20:35:01.579Z,Passenger Record 100,"Record from 10/21/2025, 3:38:15.453 AM"
October,NDIWST,N/A,0272120582877,2025-10-17T00:00:00.0000000Z,2-AFB Customer Check,Non-AFB Customer (Expected Skip),No AFB CUSTOMER remark found in booking,Record processed successfully but is not an AFB customer,No - Business Logic,None - Expected behavior for non-business customers,2025-11-21T20:35:01.579Z,Passenger Record 104,"Record from 10/21/2025, 7:06:41.437 AM"
October,AUJVZO,N/A,0272120627857,2025-10-17T00:00:00.0000000Z,2-AFB Customer Check,Non-AFB Customer (Expected Skip),No AFB CUSTOMER remark found in booking,Record processed successfully but is not an AFB customer,No - Business Logic,None - Expected behavior for non-business customers,2025-11-21T20:35:01.579Z,Passenger Record 107,"Record from 10/20/2025, 10:08:01.434 PM"
October,QHGLEK,N/A,0272115709206,2025-08-27T00:00:00.0000000Z,2-AFB Customer Check,Non-AFB Customer (Expected Skip),No AFB CUSTOMER remark found in booking,Record processed successfully but is not an AFB customer,No - Business Logic,None - Expected behavior for non-business customers,2025-11-21T20:35:01.579Z,Passenger Record 110,"Record from 10/5/2025, 12:19:03.678 AM"
October,DGRFXK,N/A,0272118538763,2025-09-27T00:00:00.0000000Z,2-AFB Customer Check,Non-AFB Customer (Expected Skip),No AFB CUSTOMER remark found in booking,Record processed successfully but is not an AFB customer,No - Business Logic,None - Expected behavior for non-business customers,2025-11-21T20:35:01.579Z,Passenger Record 111,"Record from 10/5/2025, 12:55:09.073 AM"
October,STEQOO,N/A,0272113774548,2025-08-06T00:00:00.0000000Z,2-AFB Customer Check,Non-AFB Customer (Expected Skip),No AFB CUSTOMER remark found in booking,Record processed successfully but is not an AFB customer,No - Business Logic,None - Expected behavior for non-business customers,2025-11-21T20:35:01.579Z,Passenger Record 112,"Record from 10/5/2025, 1:33:17.845 AM"
October,SOTVSE,N/A,0272110629779,2025-07-06T00:00:00.0000000Z,2-AFB Customer Check,Non-AFB Customer (Expected Skip),No AFB CUSTOMER remark found in booking,Record processed successfully but is not an AFB customer,No - Business Logic,None - Expected behavior for non-business customers,2025-11-21T20:35:01.579Z,Passenger Record 113,"Record from 10/5/2025, 1:33:01.085 AM"
October,FKTLQK,N/A,0272118918525,2025-10-01T00:00:00.0000000Z,2-AFB Customer Check,Non-AFB Customer (Expected Skip),No AFB CUSTOMER remark found in booking,Record processed successfully but is not an AFB customer,No - Business Logic,None - Expected behavior for non-business customers,2025-11-21T20:35:01.579Z,Passenger Record 114,"Record from 10/5/2025, 12:35:26.861 AM"
October,OEMAQZ,N/A,0272116089284,2025-09-01T00:00:00.0000000Z,2-AFB Customer Check,Non-AFB Customer (Expected Skip),No AFB CUSTOMER remark found in booking,Record processed successfully but is not an AFB customer,No - Business Logic,None - Expected behavior for non-business customers,2025-11-21T20:35:01.579Z,Passenger Record 115,"Record from 10/5/2025, 2:04:41.611 AM"
October,GTDVZW,N/A,0272110878304,2025-07-08T00:00:00.0000000Z,2-AFB Customer Check,Non-AFB Customer (Expected Skip),No AFB CUSTOMER remark found in booking,Record processed successfully but is not an AFB customer,No - Business Logic,None - Expected behavior for non-business customers,2025-11-21T20:35:01.579Z,Passenger Record 117,"Record from 10/4/2025, 9:07:01.775 PM"
October,ITAGJY,N/A,0272115760262,2025-08-28T00:00:00.0000000Z,2-AFB Customer Check,Non-AFB Customer (Expected Skip),No AFB CUSTOMER remark found in booking,Record processed successfully but is not an AFB customer,No - Business Logic,None - Expected behavior for non-business customers,2025-11-21T20:35:01.579Z,Passenger Record 118,"Record from 10/4/2025, 9:19:06.883 PM"
October,GXLVOI,N/A,0277335713107,2025-10-03T00:00:00.0000000Z,2-AFB Customer Check,Non-AFB Customer (Expected Skip),No AFB CUSTOMER remark found in booking,Record processed successfully but is not an AFB customer,No - Business Logic,None - Expected behavior for non-business customers,2025-11-21T20:35:01.579Z,Passenger Record 121,"Record from 10/6/2025, 1:36:00.576 AM"
October,CLKLPQ,N/A,0272118444752,2025-09-26T00:00:00.0000000Z,2-AFB Customer Check,Non-AFB Customer (Expected Skip),No AFB CUSTOMER remark found in booking,Record processed successfully but is not an AFB customer,No - Business Logic,None - Expected behavior for non-business customers,2025-11-21T20:35:01.579Z,Passenger Record 122,"Record from 10/6/2025, 1:34:17.444 AM"
October,NZHDMU,N/A,1732313261952,2025-05-07T00:00:00.0000000Z,2-AFB Customer Check,Non-AFB Customer (Expected Skip),No AFB CUSTOMER remark found in booking,Record processed successfully but is not an AFB customer,No - Business Logic,None - Expected behavior for non-business customers,2025-11-21T20:35:01.579Z,Passenger Record 123,"Record from 10/5/2025, 5:21:33.575 AM"
October,DBWQMS,N/A,0272116335049,2025-09-04T00:00:00.0000000Z,2-AFB Customer Check,Non-AFB Customer (Expected Skip),No AFB CUSTOMER remark found in booking,Record processed successfully but is not an AFB customer,No - Business Logic,None - Expected behavior for non-business customers,2025-11-21T20:35:01.579Z,Passenger Record 124,"Record from 10/5/2025, 5:11:47.102 PM"
October,JTBDGK,N/A,0272119283314,2025-10-04T00:00:00.0000000Z,2-AFB Customer Check,Non-AFB Customer (Expected Skip),No AFB CUSTOMER remark found in booking,Record processed successfully but is not an AFB customer,No - Business Logic,None - Expected behavior for non-business customers,2025-11-21T20:35:01.579Z,Passenger Record 125,"Record from 10/6/2025, 2:20:37.685 AM"
October,MMYKJJ,N/A,0272117697627,2025-09-18T02:38:51.0000000Z,2-AFB Customer Check,Non-AFB Customer (Expected Skip),No AFB CUSTOMER remark found in booking,Record processed successfully but is not an AFB customer,No - Business Logic,None - Expected behavior for non-business customers,2025-11-21T20:35:01.579Z,Passenger Record 127,"Record from 10/6/2025, 4:04:17.985 AM"
October,OIFTTG,N/A,0272113888715,2025-08-07T21:41:59.0000000Z,2-AFB Customer Check,Non-AFB Customer (Expected Skip),No AFB CUSTOMER remark found in booking,Record processed successfully but is not an AFB customer,No - Business Logic,None - Expected behavior for non-business customers,2025-11-21T20:35:01.579Z,Passenger Record 129,"Record from 10/7/2025, 4:14:44.254 AM"
October,YYFPEF,N/A,0272117619867,2025-09-17T00:00:00.0000000Z,2-AFB Customer Check,Non-AFB Customer (Expected Skip),No AFB CUSTOMER remark found in booking,Record processed successfully but is not an AFB customer,No - Business Logic,None - Expected behavior for non-business customers,2025-11-21T20:35:01.579Z,Passenger Record 133,"Record from 10/12/2025, 4:37:17.180 PM"
October,UPMNCP,N/A,0272116064208,2025-09-01T00:00:00.0000000Z,2-AFB Customer Check,Non-AFB Customer (Expected Skip),No AFB CUSTOMER remark found in booking,Record processed successfully but is not an AFB customer,No - Business Logic,None - Expected behavior for non-business customers,2025-11-21T20:35:01.579Z,Passenger Record 134,"Record from 10/9/2025, 4:58:11.124 PM"
October,AQPDEJ,N/A,0277337333753,2025-10-01T00:00:00.0000000Z,2-AFB Customer Check,Non-AFB Customer (Expected Skip),No AFB CUSTOMER remark found in booking,Record processed successfully but is not an AFB customer,No - Business Logic,None - Expected behavior for non-business customers,2025-11-21T20:35:01.579Z,Passenger Record 135,"Record from 10/13/2025, 4:30:56.939 AM"
October,KWMBLU,N/A,0272119416106,2025-10-05T23:57:59.0000000Z,2-AFB Customer Check,Non-AFB Customer (Expected Skip),No AFB CUSTOMER remark found in booking,Record processed successfully but is not an AFB customer,No - Business Logic,None - Expected behavior for non-business customers,2025-11-21T20:35:01.579Z,Passenger Record 136,"Record from 10/11/2025, 4:10:42.151 AM"
October,FCRYAL,N/A,0272119658772,2025-10-08T00:00:00.0000000Z,2-AFB Customer Check,Non-AFB Customer (Expected Skip),No AFB CUSTOMER remark found in booking,Record processed successfully but is not an AFB customer,No - Business Logic,None - Expected behavior for non-business customers,2025-11-21T20:35:01.579Z,Passenger Record 138,"Record from 10/9/2025, 6:51:05.305 PM"
October,ALGVAG,N/A,0272394985232,2025-01-26T07:49:53.0000000Z,2-AFB Customer Check,Non-AFB Customer (Expected Skip),No AFB CUSTOMER remark found in booking,Record processed successfully but is not an AFB customer,No - Business Logic,None - Expected behavior for non-business customers,2025-11-21T20:35:01.579Z,Passenger Record 139,"Record from 10/11/2025, 4:34:41.229 AM"
October,FUEMCB,N/A,0277327033696,2025-08-26T00:00:00.0000000Z,2-AFB Customer Check,Non-AFB Customer (Expected Skip),No AFB CUSTOMER remark found in booking,Record processed successfully but is not an AFB customer,No - Business Logic,None - Expected behavior for non-business customers,2025-11-21T20:35:01.579Z,Passenger Record 140,"Record from 10/10/2025, 5:24:10.377 PM"
October,AGYVAO,N/A,0272107042895,2025-05-29T00:00:00.0000000Z,2-AFB Customer Check,Non-AFB Customer (Expected Skip),No AFB CUSTOMER remark found in booking,Record processed successfully but is not an AFB customer,No - Business Logic,None - Expected behavior for non-business customers,2025-11-21T20:35:01.579Z,Passenger Record 141,"Record from 10/12/2025, 4:41:02.727 PM"
October,CGCWWH,N/A,0272111205104,2025-07-12T00:00:00.0000000Z,2-AFB Customer Check,Non-AFB Customer (Expected Skip),No AFB CUSTOMER remark found in booking,Record processed successfully but is not an AFB customer,No - Business Logic,None - Expected behavior for non-business customers,2025-11-21T20:35:01.579Z,Passenger Record 142,"Record from 10/9/2025, 8:24:18.371 PM"
October,NGILQR,N/A,0272115334658,2025-08-23T16:49:09.0000000Z,2-AFB Customer Check,Non-AFB Customer (Expected Skip),No AFB CUSTOMER remark found in booking,Record processed successfully but is not an AFB customer,No - Business Logic,None - Expected behavior for non-business customers,2025-11-21T20:35:01.579Z,Passenger Record 143,"Record from 10/10/2025, 4:34:58.339 AM"
October,SWTTYQ,N/A,0277370805487,2025-08-05T00:00:00.0000000Z,2-AFB Customer Check,Non-AFB Customer (Expected Skip),No AFB CUSTOMER remark found in booking,Record processed successfully but is not an AFB customer,No - Business Logic,None - Expected behavior for non-business customers,2025-11-21T20:35:01.579Z,Passenger Record 144,"Record from 10/10/2025, 5:13:41.087 PM"
October,OARQBD,N/A,0272113653961,2025-08-06T00:00:00.0000000Z,2-AFB Customer Check,Non-AFB Customer (Expected Skip),No AFB CUSTOMER remark found in booking,Record processed successfully but is not an AFB customer,No - Business Logic,None - Expected behavior for non-business customers,2025-11-21T20:35:01.579Z,Passenger Record 146,"Record from 10/19/2025, 7:58:06.715 PM"
October,ORSQHA,N/A,0277336957217,2025-09-30T00:00:00.0000000Z,2-AFB Customer Check,Non-AFB Customer (Expected Skip),No AFB CUSTOMER remark found in booking,Record processed successfully but is not an AFB customer,No - Business Logic,None - Expected behavior for non-business customers,2025-11-21T20:35:01.579Z,Passenger Record 147,"Record from 10/19/2025, 9:44:38.360 PM"
October,MUUIXG,N/A,0272108116884,2025-06-10T00:00:00.0000000Z,2-AFB Customer Check,Non-AFB Customer (Expected Skip),No AFB CUSTOMER remark found in booking,Record processed successfully but is not an AFB customer,No - Business Logic,None - Expected behavior for non-business customers,2025-11-21T20:35:01.579Z,Passenger Record 148,"Record from 10/19/2025, 7:59:08.493 PM"
October,UOPJCF,N/A,0272115806412,2025-08-28T00:00:00.0000000Z,2-AFB Customer Check,Non-AFB Customer (Expected Skip),No AFB CUSTOMER remark found in booking,Record processed successfully but is not an AFB customer,No - Business Logic,None - Expected behavior for non-business customers,2025-11-21T20:35:01.579Z,Passenger Record 149,"Record from 10/19/2025, 9:44:16.688 PM"
October,OMXIKG,N/A,0277333472081,2025-09-16T10:33:03.0000000Z,2-AFB Customer Check,Non-AFB Customer (Expected Skip),No AFB CUSTOMER remark found in booking,Record processed successfully but is not an AFB customer,No - Business Logic,None - Expected behavior for non-business customers,2025-11-21T20:35:01.579Z,Passenger Record 150,"Record from 10/21/2025, 4:14:46.006 AM"
October,EKMGER,N/A,0272119190461,2025-10-03T00:00:00.0000000Z,2-AFB Customer Check,Non-AFB Customer (Expected Skip),No AFB CUSTOMER remark found in booking,Record processed successfully but is not an AFB customer,No - Business Logic,None - Expected behavior for non-business customers,2025-11-21T20:35:01.579Z,Passenger Record 151,"Record from 10/20/2025, 4:40:19.894 AM"
October,YVMKHP,N/A,0272120731700,2025-10-19T00:00:00.0000000Z,2-AFB Customer Check,Non-AFB Customer (Expected Skip),No AFB CUSTOMER remark found in booking,Record processed successfully but is not an AFB customer,No - Business Logic,None - Expected behavior for non-business customers,2025-11-21T20:35:01.579Z,Passenger Record 152,"Record from 10/20/2025, 6:29:41.318 PM"
October,LNAJYT,N/A,0272114154568,2025-08-10T00:00:00.0000000Z,2-AFB Customer Check,Non-AFB Customer (Expected Skip),No AFB CUSTOMER remark found in booking,Record processed successfully but is not an AFB customer,No - Business Logic,None - Expected behavior for non-business customers,2025-11-21T20:35:01.579Z,Passenger Record 153,"Record from 10/20/2025, 4:46:19.718 AM"
October,YQRMTO,N/A,0272116037852,2025-09-01T00:00:00.0000000Z,2-AFB Customer Check,Non-AFB Customer (Expected Skip),No AFB CUSTOMER remark found in booking,Record processed successfully but is not an AFB customer,No - Business Logic,None - Expected behavior for non-business customers,2025-11-21T20:35:01.579Z,Passenger Record 154,"Record from 10/20/2025, 5:14:01.796 AM"
October,HHRTQC,N/A,0272120852339,2025-10-20T00:00:00.0000000Z,2-AFB Customer Check,Non-AFB Customer (Expected Skip),No AFB CUSTOMER remark found in booking,Record processed successfully but is not an AFB customer,No - Business Logic,None - Expected behavior for non-business customers,2025-11-21T20:35:01.579Z,Passenger Record 157,"Record from 10/20/2025, 10:24:07.578 PM"
October,LLATLP,N/A,0272118003116,2025-09-21T00:00:00.0000000Z,2-AFB Customer Check,Non-AFB Customer (Expected Skip),No AFB CUSTOMER remark found in booking,Record processed successfully but is not an AFB customer,No - Business Logic,None - Expected behavior for non-business customers,2025-11-21T20:35:01.579Z,Passenger Record 161,"Record from 10/20/2025, 7:30:15.017 PM"
October,FKVDVZ,N/A,0277333356204,2025-09-16T19:28:39.0000000Z,2-AFB Customer Check,Non-AFB Customer (Expected Skip),No AFB CUSTOMER remark found in booking,Record processed successfully but is not an AFB customer,No - Business Logic,None - Expected behavior for non-business customers,2025-11-21T20:35:01.579Z,Passenger Record 162,"Record from 10/22/2025, 4:02:34.585 AM"
October,OVYLJR,N/A,0272118329648,2025-09-24T00:00:00.0000000Z,2-AFB Customer Check,Non-AFB Customer (Expected Skip),No AFB CUSTOMER remark found in booking,Record processed successfully but is not an AFB customer,No - Business Logic,None - Expected behavior for non-business customers,2025-11-21T20:35:01.579Z,Passenger Record 164,"Record from 10/14/2025, 3:40:48.946 AM"
October,OBXOCY,N/A,0272102857568,2025-04-17T00:00:00.0000000Z,2-AFB Customer Check,Non-AFB Customer (Expected Skip),No AFB CUSTOMER remark found in booking,Record processed successfully but is not an AFB customer,No - Business Logic,None - Expected behavior for non-business customers,2025-11-21T20:35:01.579Z,Passenger Record 165,"Record from 10/14/2025, 3:51:31.098 AM"
October,YGUWEA,N/A,0272103866314,2025-04-28T00:00:00.0000000Z,2-AFB Customer Check,Non-AFB Customer (Expected Skip),No AFB CUSTOMER remark found in booking,Record processed successfully but is not an AFB customer,No - Business Logic,None - Expected behavior for non-business customers,2025-11-21T20:35:01.579Z,Passenger Record 166,"Record from 10/14/2025, 8:27:53.793 AM"
October,WFHSPQ,N/A,1732314476030,2025-07-14T00:00:00.0000000Z,2-AFB Customer Check,Non-AFB Customer (Expected Skip),No AFB CUSTOMER remark found in booking,Record processed successfully but is not an AFB customer,No - Business Logic,None - Expected behavior for non-business customers,2025-11-21T20:35:01.579Z,Passenger Record 167,"Record from 10/15/2025, 8:44:04.573 AM"
October,OCKUCK,N/A,0272119062532,2025-10-02T00:00:00.0000000Z,2-AFB Customer Check,Non-AFB Customer (Expected Skip),No AFB CUSTOMER remark found in booking,Record processed successfully but is not an AFB customer,No - Business Logic,None - Expected behavior for non-business customers,2025-11-21T20:35:01.579Z,Passenger Record 174,"Record from 10/11/2025, 12:31:37.146 AM"
October,JXAQPL,N/A,0272106949516,2025-05-29T07:45:13.0000000Z,2-AFB Customer Check,Non-AFB Customer (Expected Skip),No AFB CUSTOMER remark found in booking,Record processed successfully but is not an AFB customer,No - Business Logic,None - Expected behavior for non-business customers,2025-11-21T20:35:01.579Z,Passenger Record 176,"Record from 10/12/2025, 4:36:10.965 AM"
October,MNWQZV,N/A,0272119739580,2025-10-08T00:00:00.0000000Z,2-AFB Customer Check,Non-AFB Customer (Expected Skip),No AFB CUSTOMER remark found in booking,Record processed successfully but is not an AFB customer,No - Business Logic,None - Expected behavior for non-business customers,2025-11-21T20:35:01.579Z,Passenger Record 186,"Record from 10/11/2025, 1:10:36.616 AM"
October,IXJLKR,N/A,0272114104898,2025-08-10T00:00:00.0000000Z,2-AFB Customer Check,Non-AFB Customer (Expected Skip),No AFB CUSTOMER remark found in booking,Record processed successfully but is not an AFB customer,No - Business Logic,None - Expected behavior for non-business customers,2025-11-21T20:35:01.579Z,Passenger Record 190,"Record from 10/10/2025, 11:22:00.109 PM"
October,OYMYIG,N/A,0272100208840,2025-03-20T00:00:00.0000000Z,2-AFB Customer Check,Non-AFB Customer (Expected Skip),No AFB CUSTOMER remark found in booking,Record processed successfully but is not an AFB customer,No - Business Logic,None - Expected behavior for non-business customers,2025-11-21T20:35:01.579Z,Passenger Record 194,"Record from 10/12/2025, 8:06:01.761 AM"
October,NYELJI,N/A,0277280758504,2025-08-10T00:00:00.0000000Z,2-AFB Customer Check,Non-AFB Customer (Expected Skip),No AFB CUSTOMER remark found in booking,Record processed successfully but is not an AFB customer,No - Business Logic,None - Expected behavior for non-business customers,2025-11-21T20:35:01.579Z,Passenger Record 195,"Record from 10/11/2025, 2:26:13.575 AM"
October,IYVUVY,N/A,0272119738840,2025-10-08T00:00:00.0000000Z,2-AFB Customer Check,Non-AFB Customer (Expected Skip),No AFB CUSTOMER remark found in booking,Record processed successfully but is not an AFB customer,No - Business Logic,None - Expected behavior for non-business customers,2025-11-21T20:35:01.579Z,Passenger Record 198,"Record from 10/13/2025, 12:51:04.385 AM"
October,AOYFOS,N/A,0272112500266,2025-07-25T00:00:00.0000000Z,2-AFB Customer Check,Non-AFB Customer (Expected Skip),No AFB CUSTOMER remark found in booking,Record processed successfully but is not an AFB customer,No - Business Logic,None - Expected behavior for non-business customers,2025-11-21T20:35:01.579Z,Passenger Record 199,"Record from 10/13/2025, 12:53:03.100 AM"
October,KAHEFD,N/A,0272113610395,2025-08-05T19:30:07.0000000Z,2-AFB Customer Check,Non-AFB Customer (Expected Skip),No AFB CUSTOMER remark found in booking,Record processed successfully but is not an AFB customer,No - Business Logic,None - Expected behavior for non-business customers,2025-11-21T20:35:01.579Z,Passenger Record 200,"Record from 10/12/2025, 4:28:38.274 AM"
October,DSQUCP,N/A,0272115482538,2025-08-25T00:00:00.0000000Z,2-AFB Customer Check,Non-AFB Customer (Expected Skip),No AFB CUSTOMER remark found in booking,Record processed successfully but is not an AFB customer,No - Business Logic,None - Expected behavior for non-business customers,2025-11-21T20:35:01.579Z,Passenger Record 201,"Record from 10/11/2025, 3:40:33.556 AM"
October,CVWQVT,N/A,0272120523119,2025-10-16T14:53:20.0000000Z,2-AFB Customer Check,Non-AFB Customer (Expected Skip),No AFB CUSTOMER remark found in booking,Record processed successfully but is not an AFB customer,No - Business Logic,None - Expected behavior for non-business customers,2025-11-21T20:35:01.579Z,Passenger Record 203,"Record from 10/19/2025, 4:24:46.108 AM"
October,WJRPGY,N/A,0272119896815,2025-10-10T00:00:00.0000000Z,2-AFB Customer Check,Non-AFB Customer (Expected Skip),No AFB CUSTOMER remark found in booking,Record processed successfully but is not an AFB customer,No - Business Logic,None - Expected behavior for non-business customers,2025-11-21T20:35:01.579Z,Passenger Record 209,"Record from 10/16/2025, 12:27:44.365 AM"
October,YKMYPL,N/A,0272110050063,2025-06-30T00:00:00.0000000Z,2-AFB Customer Check,Non-AFB Customer (Expected Skip),No AFB CUSTOMER remark found in booking,Record processed successfully but is not an AFB customer,No - Business Logic,None - Expected behavior for non-business customers,2025-11-21T20:35:01.579Z,Passenger Record 210,"Record from 10/16/2025, 12:27:04.080 AM"
October,EAQJNZ,N/A,0272115268919,2025-08-22T00:00:00.0000000Z,2-AFB Customer Check,Non-AFB Customer (Expected Skip),No AFB CUSTOMER remark found in booking,Record processed successfully but is not an AFB customer,No - Business Logic,None - Expected behavior for non-business customers,2025-11-21T20:35:01.579Z,Passenger Record 211,"Record from 10/15/2025, 11:56:08.537 PM"
October,OKULKS,N/A,1762799610893,2025-10-17T00:00:00.0000000Z,2-AFB Customer Check,Non-AFB Customer (Expected Skip),No AFB CUSTOMER remark found in booking,Record processed successfully but is not an AFB customer,No - Business Logic,None - Expected behavior for non-business customers,2025-11-21T20:35:01.579Z,Passenger Record 223,"Record from 10/23/2025, 7:12:24.386 PM"
October,GCFFFI,N/A,0277380533857,2025-10-15T00:00:00.0000000Z,2-AFB Customer Check,Non-AFB Customer (Expected Skip),No AFB CUSTOMER remark found in booking,Record processed successfully but is not an AFB customer,No - Business Logic,None - Expected behavior for non-business customers,2025-11-21T20:35:01.579Z,Passenger Record 224,"Record from 10/23/2025, 7:43:18.620 PM"
October,JWKAWQ,N/A,0272120974762,2025-10-21T00:00:00.0000000Z,2-AFB Customer Check,Non-AFB Customer (Expected Skip),No AFB CUSTOMER remark found in booking,Record processed successfully but is not an AFB customer,No - Business Logic,None - Expected behavior for non-business customers,2025-11-21T20:35:01.579Z,Passenger Record 225,"Record from 10/23/2025, 8:16:10.210 PM"
October,JFMWCD,N/A,0277341988087,2025-10-20T00:00:00.0000000Z,2-AFB Customer Check,Non-AFB Customer (Expected Skip),No AFB CUSTOMER remark found in booking,Record processed successfully but is not an AFB customer,No - Business Logic,None - Expected behavior for non-business customers,2025-11-21T20:35:01.579Z,Passenger Record 227,"Record from 10/23/2025, 8:16:57.964 PM"
October,FSEBEO,N/A,0272120689532,2025-10-18T00:00:00.0000000Z,2-AFB Customer Check,Non-AFB Customer (Expected Skip),No AFB CUSTOMER remark found in booking,Record processed successfully but is not an AFB customer,No - Business Logic,None - Expected behavior for non-business customers,2025-11-21T20:35:01.579Z,Passenger Record 230,"Record from 10/23/2025, 8:38:18.808 PM"
October,MSIRSZ,N/A,1737320124044,2025-10-13T00:00:00.0000000Z,2-AFB Customer Check,Non-AFB Customer (Expected Skip),No AFB CUSTOMER remark found in booking,Record processed successfully but is not an AFB customer,No - Business Logic,None - Expected behavior for non-business customers,2025-11-21T20:35:01.579Z,Passenger Record 232,"Record from 10/23/2025, 6:22:46.176 PM"
October,DVJXDD,N/A,0272117914632,2025-09-20T00:00:00.0000000Z,2-AFB Customer Check,Non-AFB Customer (Expected Skip),No AFB CUSTOMER remark found in booking,Record processed successfully but is not an AFB customer,No - Business Logic,None - Expected behavior for non-business customers,2025-11-21T20:35:01.579Z,Passenger Record 234,"Record from 10/23/2025, 6:14:26.123 PM"
October,DKNTSX,N/A,0272119783077,2025-10-09T00:00:00.0000000Z,2-AFB Customer Check,Non-AFB Customer (Expected Skip),No AFB CUSTOMER remark found in booking,Record processed successfully but is not an AFB customer,No - Business Logic,None - Expected behavior for non-business customers,2025-11-21T20:35:01.579Z,Passenger Record 240,"Record from 10/23/2025, 7:17:35.328 PM"
October,MSNFVP,N/A,0272116775647,2021-10-11T00:00:00.0000000Z,2-AFB Customer Check,Non-AFB Customer (Expected Skip),No AFB CUSTOMER remark found in booking,Record processed successfully but is not an AFB customer,No - Business Logic,None - Expected behavior for non-business customers,2025-11-21T20:35:01.579Z,Passenger Record 245,"Record from 10/23/2025, 6:27:19.659 PM"
October,NXCHVZ,N/A,0272120598865,2025-10-17T00:00:00.0000000Z,2-AFB Customer Check,Non-AFB Customer (Expected Skip),No AFB CUSTOMER remark found in booking,Record processed successfully but is not an AFB customer,No - Business Logic,None - Expected behavior for non-business customers,2025-11-21T20:35:01.579Z,Passenger Record 250,"Record from 10/23/2025, 6:35:27.963 PM"
October,KMADUP,N/A,0277377445862,2025-09-22T00:00:00.0000000Z,2-AFB Customer Check,Non-AFB Customer (Expected Skip),No AFB CUSTOMER remark found in booking,Record processed successfully but is not an AFB customer,No - Business Logic,None - Expected behavior for non-business customers,2025-11-21T20:35:01.579Z,Passenger Record 251,"Record from 10/23/2025, 6:55:29.647 PM"
October,FFHFEM,N/A,0272117675572,2025-09-17T00:00:00.0000000Z,2-AFB Customer Check,Non-AFB Customer (Expected Skip),No AFB CUSTOMER remark found in booking,Record processed successfully but is not an AFB customer,No - Business Logic,None - Expected behavior for non-business customers,2025-11-21T20:35:01.579Z,Passenger Record 277,"Record from 10/23/2025, 6:45:49.980 PM"
October,IPGBJC,N/A,0277336821379,2025-09-29T16:20:00.0000000Z,2-AFB Customer Check,Non-AFB Customer (Expected Skip),No AFB CUSTOMER remark found in booking,Record processed successfully but is not an AFB customer,No - Business Logic,None - Expected behavior for non-business customers,2025-11-21T20:35:01.579Z,Passenger Record 278,"Record from 10/24/2025, 4:20:48.586 AM"
October,FOSKXD,N/A,0272115562962,2025-08-26T00:00:00.0000000Z,2-AFB Customer Check,Non-AFB Customer (Expected Skip),No AFB CUSTOMER remark found in booking,Record processed successfully but is not an AFB customer,No - Business Logic,None - Expected behavior for non-business customers,2025-11-21T20:35:01.579Z,Passenger Record 293,"Record from 10/23/2025, 7:09:03.675 PM"
October,IYAHRA,N/A,0277395017367,2025-10-08T00:00:00.0000000Z,2-AFB Customer Check,Non-AFB Customer (Expected Skip),No AFB CUSTOMER remark found in booking,Record processed successfully but is not an AFB customer,No - Business Logic,None - Expected behavior for non-business customers,2025-11-21T20:35:01.579Z,Passenger Record 309,"Record from 10/23/2025, 7:53:38.237 PM"
October,DKQWOI,N/A,0277337883792,2025-10-03T00:00:00.0000000Z,2-AFB Customer Check,Non-AFB Customer (Expected Skip),No AFB CUSTOMER remark found in booking,Record processed successfully but is not an AFB customer,No - Business Logic,None - Expected behavior for non-business customers,2025-11-21T20:35:01.579Z,Passenger Record 310,"Record from 10/8/2025, 1:08:45.607 AM"
October,GMMLLA,N/A,0272119013076,2025-10-01T00:00:00.0000000Z,2-AFB Customer Check,Non-AFB Customer (Expected Skip),No AFB CUSTOMER remark found in booking,Record processed successfully but is not an AFB customer,No - Business Logic,None - Expected behavior for non-business customers,2025-11-21T20:35:01.579Z,Passenger Record 311,"Record from 10/7/2025, 11:22:50.759 PM"
October,NEUQDO,N/A,0272116411107,2025-09-04T00:00:00.0000000Z,2-AFB Customer Check,Non-AFB Customer (Expected Skip),No AFB CUSTOMER remark found in booking,Record processed successfully but is not an AFB customer,No - Business Logic,None - Expected behavior for non-business customers,2025-11-21T20:35:01.579Z,Passenger Record 312,"Record from 10/8/2025, 1:08:01.339 AM"
October,KYYXQO,N/A,0272115484872,2025-08-25T00:00:00.0000000Z,2-AFB Customer Check,Non-AFB Customer (Expected Skip),No AFB CUSTOMER remark found in booking,Record processed successfully but is not an AFB customer,No - Business Logic,None - Expected behavior for non-business customers,2025-11-21T20:35:01.579Z,Passenger Record 317,"Record from 10/8/2025, 2:33:09.111 AM"
October,WJEJVY,N/A,0272116038356,2025-09-01T00:00:00.0000000Z,2-AFB Customer Check,Non-AFB Customer (Expected Skip),No AFB CUSTOMER remark found in booking,Record processed successfully but is not an AFB customer,No - Business Logic,None - Expected behavior for non-business customers,2025-11-21T20:35:01.579Z,Passenger Record 318,"Record from 10/7/2025, 10:22:01.373 AM"
October,YSXTML,N/A,0272119213891,2025-10-03T00:00:00.0000000Z,2-AFB Customer Check,Non-AFB Customer (Expected Skip),No AFB CUSTOMER remark found in booking,Record processed successfully but is not an AFB customer,No - Business Logic,None - Expected behavior for non-business customers,2025-11-21T20:35:01.579Z,Passenger Record 319,"Record from 10/7/2025, 8:32:31.564 AM"
October,IDTOAG,N/A,0272109562542,2025-06-25T00:00:00.0000000Z,2-AFB Customer Check,Non-AFB Customer (Expected Skip),No AFB CUSTOMER remark found in booking,Record processed successfully but is not an AFB customer,No - Business Logic,None - Expected behavior for non-business customers,2025-11-21T20:35:01.579Z,Passenger Record 320,"Record from 10/7/2025, 6:07:19.288 AM"
October,QCJGXD,N/A,0272120522752,2025-10-16T00:00:00.0000000Z,2-AFB Customer Check,Non-AFB Customer (Expected Skip),No AFB CUSTOMER remark found in booking,Record processed successfully but is not an AFB customer,No - Business Logic,None - Expected behavior for non-business customers,2025-11-21T20:35:01.579Z,Passenger Record 322,"Record from 10/21/2025, 4:50:12.725 PM"
October,IQECWX,N/A,0272120419553,2025-10-15T00:00:00.0000000Z,2-AFB Customer Check,Non-AFB Customer (Expected Skip),No AFB CUSTOMER remark found in booking,Record processed successfully but is not an AFB customer,No - Business Logic,None - Expected behavior for non-business customers,2025-11-21T20:35:01.579Z,Passenger Record 392,"Record from 10/21/2025, 4:56:47.722 PM"
October,GFUEOG,N/A,0272120723331,2025-10-18T00:00:00.0000000Z,2-AFB Customer Check,Non-AFB Customer (Expected Skip),No AFB CUSTOMER remark found in booking,Record processed successfully but is not an AFB customer,No - Business Logic,None - Expected behavior for non-business customers,2025-11-21T20:35:01.579Z,Passenger Record 398,"Record from 10/21/2025, 6:02:27.922 PM"
October,LXOZUP,N/A,0277336933328,2025-09-30T00:00:00.0000000Z,2-AFB Customer Check,Non-AFB Customer (Expected Skip),No AFB CUSTOMER remark found in booking,Record processed successfully but is not an AFB customer,No - Business Logic,None - Expected behavior for non-business customers,2025-11-21T20:35:01.579Z,Passenger Record 399,"Record from 10/21/2025, 7:02:05.716 PM"
October,FYKOZM,N/A,0272114068889,2025-08-09T00:00:00.0000000Z,2-AFB Customer Check,Non-AFB Customer (Expected Skip),No AFB CUSTOMER remark found in booking,Record processed successfully but is not an AFB customer,No - Business Logic,None - Expected behavior for non-business customers,2025-11-21T20:35:01.579Z,Passenger Record 407,"Record from 10/21/2025, 7:04:01.560 PM"
October,UZHCDI,N/A,0272112049590,2025-07-20T00:00:00.0000000Z,2-AFB Customer Check,Non-AFB Customer (Expected Skip),No AFB CUSTOMER remark found in booking,Record processed successfully but is not an AFB customer,No - Business Logic,None - Expected behavior for non-business customers,2025-11-21T20:35:01.579Z,Passenger Record 408,"Record from 10/21/2025, 3:20:28.584 PM"
October,MKJLKM,N/A,0272120251907,2025-10-14T00:00:00.0000000Z,2-AFB Customer Check,Non-AFB Customer (Expected Skip),No AFB CUSTOMER remark found in booking,Record processed successfully but is not an AFB customer,No - Business Logic,None - Expected behavior for non-business customers,2025-11-21T20:35:01.579Z,Passenger Record 409,"Record from 10/21/2025, 7:49:24.644 PM"
October,MOPOKZ,N/A,0272120919204,2025-10-21T00:00:00.0000000Z,2-AFB Customer Check,Non-AFB Customer (Expected Skip),No AFB CUSTOMER remark found in booking,Record processed successfully but is not an AFB customer,No - Business Logic,None - Expected behavior for non-business customers,2025-11-21T20:35:01.579Z,Passenger Record 411,"Record from 10/21/2025, 3:26:23.341 PM"
October,YFVFSF,N/A,0272106201023,2025-05-21T00:00:00.0000000Z,2-AFB Customer Check,Non-AFB Customer (Expected Skip),No AFB CUSTOMER remark found in booking,Record processed successfully but is not an AFB customer,No - Business Logic,None - Expected behavior for non-business customers,2025-11-21T20:35:01.579Z,Passenger Record 412,"Record from 10/21/2025, 2:12:35.494 PM"
October,YWWBBC,N/A,1732315590336,2025-09-19T00:00:00.0000000Z,2-AFB Customer Check,Non-AFB Customer (Expected Skip),No AFB CUSTOMER remark found in booking,Record processed successfully but is not an AFB customer,No - Business Logic,None - Expected behavior for non-business customers,2025-11-21T20:35:01.579Z,Passenger Record 424,"Record from 10/21/2025, 4:13:15.926 PM"
October,AEAWRQ,N/A,0272120747338,2025-10-19T00:00:00.0000000Z,2-AFB Customer Check,Non-AFB Customer (Expected Skip),No AFB CUSTOMER remark found in booking,Record processed successfully but is not an AFB customer,No - Business Logic,None - Expected behavior for non-business customers,2025-11-21T20:35:01.579Z,Passenger Record 425,"Record from 10/21/2025, 2:24:06.369 PM"
October,IZMVRZ,N/A,0272120930952,2025-10-21T00:00:00.0000000Z,2-AFB Customer Check,Non-AFB Customer (Expected Skip),No AFB CUSTOMER remark found in booking,Record processed successfully but is not an AFB customer,No - Business Logic,None - Expected behavior for non-business customers,2025-11-21T20:35:01.579Z,Passenger Record 430,"Record from 10/21/2025, 4:45:35.106 PM"
October,LPKNJW,N/A,0275516535662,2025-10-16T00:00:00.0000000Z,2-AFB Customer Check,Non-AFB Customer (Expected Skip),No AFB CUSTOMER remark found in booking,Record processed successfully but is not an AFB customer,No - Business Logic,None - Expected behavior for non-business customers,2025-11-21T20:35:01.579Z,Passenger Record 431,"Record from 10/21/2025, 2:27:21.613 PM"
October,AIQSOK,N/A,0277341501802,2025-10-17T00:00:00.0000000Z,2-AFB Customer Check,Non-AFB Customer (Expected Skip),No AFB CUSTOMER remark found in booking,Record processed successfully but is not an AFB customer,No - Business Logic,None - Expected behavior for non-business customers,2025-11-21T20:35:01.579Z,Passenger Record 434,"Record from 10/21/2025, 3:52:58.612 PM"
October,SENZYO,N/A,0272117736173,2025-09-18T00:00:00.0000000Z,2-AFB Customer Check,Non-AFB Customer (Expected Skip),No AFB CUSTOMER remark found in booking,Record processed successfully but is not an AFB customer,No - Business Logic,None - Expected behavior for non-business customers,2025-11-21T20:35:01.579Z,Passenger Record 436,"Record from 10/21/2025, 4:40:21.753 PM"
October,YEFBFY,N/A,0272397085247,2025-02-17T00:00:00.0000000Z,2-AFB Customer Check,Non-AFB Customer (Expected Skip),No AFB CUSTOMER remark found in booking,Record processed successfully but is not an AFB customer,No - Business Logic,None - Expected behavior for non-business customers,2025-11-21T20:35:01.579Z,Passenger Record 439,"Record from 10/21/2025, 7:49:10.711 PM"
October,YUNMSE,N/A,0272120852231,2025-10-20T00:00:00.0000000Z,2-AFB Customer Check,Non-AFB Customer (Expected Skip),No AFB CUSTOMER remark found in booking,Record processed successfully but is not an AFB customer,No - Business Logic,None - Expected behavior for non-business customers,2025-11-21T20:35:01.579Z,Passenger Record 453,"Record from 10/22/2025, 4:15:01.778 AM"
October,IXZZCF,N/A,0272111093262,2025-07-10T00:00:00.0000000Z,2-AFB Customer Check,Non-AFB Customer (Expected Skip),No AFB CUSTOMER remark found in booking,Record processed successfully but is not an AFB customer,No - Business Logic,None - Expected behavior for non-business customers,2025-11-21T20:35:01.579Z,Passenger Record 455,"Record from 10/23/2025, 7:29:56.713 AM"
October,FCBJGE,N/A,0272120261158,2025-10-14T00:00:00.0000000Z,2-AFB Customer Check,Non-AFB Customer (Expected Skip),No AFB CUSTOMER remark found in booking,Record processed successfully but is not an AFB customer,No - Business Logic,None - Expected behavior for non-business customers,2025-11-21T20:35:01.579Z,Passenger Record 456,"Record from 10/22/2025, 5:06:35.208 AM"
October,NAVXZS,N/A,0277217472546,2025-10-04T00:00:00.0000000Z,2-AFB Customer Check,Non-AFB Customer (Expected Skip),No AFB CUSTOMER remark found in booking,Record processed successfully but is not an AFB customer,No - Business Logic,None - Expected behavior for non-business customers,2025-11-21T20:35:01.579Z,Passenger Record 465,"Record from 10/22/2025, 4:14:38.676 AM"
October,SAKVGE,N/A,0272108429888,2025-06-12T00:00:00.0000000Z,2-AFB Customer Check,Non-AFB Customer (Expected Skip),No AFB CUSTOMER remark found in booking,Record processed successfully but is not an AFB customer,No - Business Logic,None - Expected behavior for non-business customers,2025-11-21T20:35:01.579Z,Passenger Record 474,"Record from 10/22/2025, 3:23:04.991 AM"
October,LKLCZE,N/A,0272113087201,2025-07-31T09:33:35.0000000Z,2-AFB Customer Check,Non-AFB Customer (Expected Skip),No AFB CUSTOMER remark found in booking,Record processed successfully but is not an AFB customer,No - Business Logic,None - Expected behavior for non-business customers,2025-11-21T20:35:01.579Z,Passenger Record 475,"Record from 10/22/2025, 4:30:53.207 AM"
October,CRKEPI,N/A,0272113214074,2025-08-01T00:00:00.0000000Z,2-AFB Customer Check,Non-AFB Customer (Expected Skip),No AFB CUSTOMER remark found in booking,Record processed successfully but is not an AFB customer,No - Business Logic,None - Expected behavior for non-business customers,2025-11-21T20:35:01.579Z,Passenger Record 508,"Record from 10/22/2025, 1:56:48.319 AM"
October,JDIGYQ,N/A,0272116690233,2025-09-07T00:00:00.0000000Z,2-AFB Customer Check,Non-AFB Customer (Expected Skip),No AFB CUSTOMER remark found in booking,Record processed successfully but is not an AFB customer,No - Business Logic,None - Expected behavior for non-business customers,2025-11-21T20:35:01.579Z,Passenger Record 510,"Record from 10/22/2025, 2:34:59.115 AM"
October,ICWEYB,N/A,0277340529465,2025-10-15T00:00:00.0000000Z,2-AFB Customer Check,Non-AFB Customer (Expected Skip),No AFB CUSTOMER remark found in booking,Record processed successfully but is not an AFB customer,No - Business Logic,None - Expected behavior for non-business customers,2025-11-21T20:35:01.579Z,Passenger Record 521,"Record from 10/22/2025, 1:48:56.396 AM"
October,UVTBSU,N/A,0272115020500,2025-08-20T00:00:00.0000000Z,2-AFB Customer Check,Non-AFB Customer (Expected Skip),No AFB CUSTOMER remark found in booking,Record processed successfully but is not an AFB customer,No - Business Logic,None - Expected behavior for non-business customers,2025-11-21T20:35:01.579Z,Passenger Record 522,"Record from 10/22/2025, 2:44:12.382 AM"
October,WKHVEH,N/A,0272112052439,2025-07-20T00:00:00.0000000Z,2-AFB Customer Check,Non-AFB Customer (Expected Skip),No AFB CUSTOMER remark found in booking,Record processed successfully but is not an AFB customer,No - Business Logic,None - Expected behavior for non-business customers,2025-11-21T20:35:01.579Z,Passenger Record 530,"Record from 10/22/2025, 1:05:56.901 AM"
October,EKBQWN,N/A,0272120893903,2025-10-20T00:00:00.0000000Z,2-AFB Customer Check,Non-AFB Customer (Expected Skip),No AFB CUSTOMER remark found in booking,Record processed successfully but is not an AFB customer,No - Business Logic,None - Expected behavior for non-business customers,2025-11-21T20:35:01.579Z,Passenger Record 540,"Record from 10/22/2025, 2:31:09.809 AM"
October,SBVLJZ,N/A,0272117774218,2025-09-18T00:00:00.0000000Z,2-AFB Customer Check,Non-AFB Customer (Expected Skip),No AFB CUSTOMER remark found in booking,Record processed successfully but is not an AFB customer,No - Business Logic,None - Expected behavior for non-business customers,2025-11-21T20:35:01.579Z,Passenger Record 545,"Record from 10/22/2025, 1:10:40.178 AM"
October,ISTKLO,N/A,0812373924585,2025-07-30T00:00:00.0000000Z,2-AFB Customer Check,Non-AFB Customer (Expected Skip),No AFB CUSTOMER remark found in booking,Record processed successfully but is not an AFB customer,No - Business Logic,None - Expected behavior for non-business customers,2025-11-21T20:35:01.579Z,Passenger Record 554,"Record from 10/22/2025, 1:37:59.057 AM"
October,FDJTAW,N/A,0277372794637,2025-08-19T00:00:00.0000000Z,2-AFB Customer Check,Non-AFB Customer (Expected Skip),No AFB CUSTOMER remark found in booking,Record processed successfully but is not an AFB customer,No - Business Logic,None - Expected behavior for non-business customers,2025-11-21T20:35:01.579Z,Passenger Record 563,"Record from 10/27/2025, 4:54:25.076 PM"
October,CLFFSK,N/A,0272120340560,2025-10-15T00:00:00.0000000Z,2-AFB Customer Check,Non-AFB Customer (Expected Skip),No AFB CUSTOMER remark found in booking,Record processed successfully but is not an AFB customer,No - Business Logic,None - Expected behavior for non-business customers,2025-11-21T20:35:01.579Z,Passenger Record 565,"Record from 10/26/2025, 1:05:18.411 PM"
October,WKINZA,N/A,0272121302547,2025-10-24T00:00:00.0000000Z,2-AFB Customer Check,Non-AFB Customer (Expected Skip),No AFB CUSTOMER remark found in booking,Record processed successfully but is not an AFB customer,No - Business Logic,None - Expected behavior for non-business customers,2025-11-21T20:35:01.579Z,Passenger Record 567,"Record from 10/27/2025, 1:58:10.731 AM"
October,QHXJVN,N/A,0272119119879,2025-10-02T17:46:06.0000000Z,2-AFB Customer Check,Non-AFB Customer (Expected Skip),No AFB CUSTOMER remark found in booking,Record processed successfully but is not an AFB customer,No - Business Logic,None - Expected behavior for non-business customers,2025-11-21T20:35:01.579Z,Passenger Record 568,"Record from 10/28/2025, 4:29:25.105 AM"
October,JYXJJI,N/A,0272114633282,2025-08-15T18:06:32.0000000Z,2-AFB Customer Check,Non-AFB Customer (Expected Skip),No AFB CUSTOMER remark found in booking,Record processed successfully but is not an AFB customer,No - Business Logic,None - Expected behavior for non-business customers,2025-11-21T20:35:01.579Z,Passenger Record 569,"Record from 10/28/2025, 4:24:22.612 AM"
October,OYSIWK,N/A,0272118329441,2025-09-24T00:00:00.0000000Z,2-AFB Customer Check,Non-AFB Customer (Expected Skip),No AFB CUSTOMER remark found in booking,Record processed successfully but is not an AFB customer,No - Business Logic,None - Expected behavior for non-business customers,2025-11-21T20:35:01.579Z,Passenger Record 570,"Record from 10/26/2025, 1:35:47.555 PM"
October,AKROZN,N/A,0272121314468,2025-10-24T00:00:00.0000000Z,2-AFB Customer Check,Non-AFB Customer (Expected Skip),No AFB CUSTOMER remark found in booking,Record processed successfully but is not an AFB customer,No - Business Logic,None - Expected behavior for non-business customers,2025-11-21T20:35:01.579Z,Passenger Record 573,"Record from 10/26/2025, 2:13:02.548 PM"
October,YYKBWC,N/A,0272118958779,2025-10-01T13:53:14.0000000Z,2-AFB Customer Check,Non-AFB Customer (Expected Skip),No AFB CUSTOMER remark found in booking,Record processed successfully but is not an AFB customer,No - Business Logic,None - Expected behavior for non-business customers,2025-11-21T20:35:01.579Z,Passenger Record 579,"Record from 10/27/2025, 4:59:33.619 PM"
October,FTXXEG,N/A,0272119791491,2025-10-09T00:00:00.0000000Z,2-AFB Customer Check,Non-AFB Customer (Expected Skip),No AFB CUSTOMER remark found in booking,Record processed successfully but is not an AFB customer,No - Business Logic,None - Expected behavior for non-business customers,2025-11-21T20:35:01.579Z,Passenger Record 580,"Record from 10/20/2025, 4:17:31.015 AM"
October,OGPZXA,N/A,0272116829185,2025-09-09T00:00:00.0000000Z,2-AFB Customer Check,Non-AFB Customer (Expected Skip),No AFB CUSTOMER remark found in booking,Record processed successfully but is not an AFB customer,No - Business Logic,None - Expected behavior for non-business customers,2025-11-21T20:35:01.579Z,Passenger Record 581,"Record from 10/20/2025, 4:27:27.295 AM"
October,NFIHLE,N/A,0272111084653,2025-07-10T00:00:00.0000000Z,2-AFB Customer Check,Non-AFB Customer (Expected Skip),No AFB CUSTOMER remark found in booking,Record processed successfully but is not an AFB customer,No - Business Logic,None - Expected behavior for non-business customers,2025-11-21T20:35:01.579Z,Passenger Record 582,"Record from 10/20/2025, 4:30:01.364 AM"
October,ODLCEF,N/A,0272117083633,2025-09-11T00:00:00.0000000Z,2-AFB Customer Check,Non-AFB Customer (Expected Skip),No AFB CUSTOMER remark found in booking,Record processed successfully but is not an AFB customer,No - Business Logic,None - Expected behavior for non-business customers,2025-11-21T20:35:01.579Z,Passenger Record 583,"Record from 10/19/2025, 9:25:22.099 PM"
October,UMYJHG,N/A,0272116108476,2025-09-01T00:00:00.0000000Z,2-AFB Customer Check,Non-AFB Customer (Expected Skip),No AFB CUSTOMER remark found in booking,Record processed successfully but is not an AFB customer,No - Business Logic,None - Expected behavior for non-business customers,2025-11-21T20:35:01.579Z,Passenger Record 584,"Record from 10/19/2025, 9:26:11.878 PM"
October,NUKKAX,N/A,0272114289060,2025-08-12T00:00:00.0000000Z,2-AFB Customer Check,Non-AFB Customer (Expected Skip),No AFB CUSTOMER remark found in booking,Record processed successfully but is not an AFB customer,No - Business Logic,None - Expected behavior for non-business customers,2025-11-21T20:35:01.579Z,Passenger Record 588,"Record from 10/19/2025, 11:44:59.776 PM"
October,IBADXX,N/A,0272114184860,2025-08-11T00:00:00.0000000Z,2-AFB Customer Check,Non-AFB Customer (Expected Skip),No AFB CUSTOMER remark found in booking,Record processed successfully but is not an AFB customer,No - Business Logic,None - Expected behavior for non-business customers,2025-11-21T20:35:01.579Z,Passenger Record 590,"Record from 10/8/2025, 5:53:08.397 PM"
October,NTGKBQ,N/A,0272118142455,2025-09-23T00:00:00.0000000Z,2-AFB Customer Check,Non-AFB Customer (Expected Skip),No AFB CUSTOMER remark found in booking,Record processed successfully but is not an AFB customer,No - Business Logic,None - Expected behavior for non-business customers,2025-11-21T20:35:01.579Z,Passenger Record 593,"Record from 10/8/2025, 5:38:05.143 PM"
October,AEXVBR,N/A,0272119189829,2025-10-03T00:00:00.0000000Z,2-AFB Customer Check,Non-AFB Customer (Expected Skip),No AFB CUSTOMER remark found in booking,Record processed successfully but is not an AFB customer,No - Business Logic,None - Expected behavior for non-business customers,2025-11-21T20:35:01.579Z,Passenger Record 594,"Record from 10/8/2025, 4:08:23.347 PM"
October,NKISUF,N/A,0272116640592,2025-09-07T00:00:00.0000000Z,2-AFB Customer Check,Non-AFB Customer (Expected Skip),No AFB CUSTOMER remark found in booking,Record processed successfully but is not an AFB customer,No - Business Logic,None - Expected behavior for non-business customers,2025-11-21T20:35:01.579Z,Passenger Record 595,"Record from 10/8/2025, 6:09:10.080 PM"
October,HSBCCY,N/A,0272111575175,2025-07-15T00:00:00.0000000Z,2-AFB Customer Check,Non-AFB Customer (Expected Skip),No AFB CUSTOMER remark found in booking,Record processed successfully but is not an AFB customer,No - Business Logic,None - Expected behavior for non-business customers,2025-11-21T20:35:01.579Z,Passenger Record 610,"Record from 10/10/2025, 9:40:59.346 AM"
October,IXIJJU,N/A,0272110723096,2025-07-07T00:00:00.0000000Z,2-AFB Customer Check,Non-AFB Customer (Expected Skip),No AFB CUSTOMER remark found in booking,Record processed successfully but is not an AFB customer,No - Business Logic,None - Expected behavior for non-business customers,2025-11-21T20:35:01.579Z,Passenger Record 611,"Record from 10/8/2025, 9:36:13.292 PM"
October,KMDSOG,N/A,0272117155850,2025-09-12T11:41:54.0000000Z,2-AFB Customer Check,Non-AFB Customer (Expected Skip),No AFB CUSTOMER remark found in booking,Record processed successfully but is not an AFB customer,No - Business Logic,None - Expected behavior for non-business customers,2025-11-21T20:35:01.579Z,Passenger Record 612,"Record from 10/10/2025, 4:18:39.554 AM"
October,MRETON,N/A,0272116320244,2025-09-03T00:00:00.0000000Z,2-AFB Customer Check,Non-AFB Customer (Expected Skip),No AFB CUSTOMER remark found in booking,Record processed successfully but is not an AFB customer,No - Business Logic,None - Expected behavior for non-business customers,2025-11-21T20:35:01.579Z,Passenger Record 613,"Record from 10/8/2025, 10:09:18.681 PM"
October,UTRBSC,N/A,0272117618506,2025-09-17T00:00:00.0000000Z,2-AFB Customer Check,Non-AFB Customer (Expected Skip),No AFB CUSTOMER remark found in booking,Record processed successfully but is not an AFB customer,No - Business Logic,None - Expected behavior for non-business customers,2025-11-21T20:35:01.579Z,Passenger Record 614,"Record from 10/8/2025, 9:37:20.750 PM"
October,LRCPVK,N/A,0271407432879,2025-03-07T21:22:29.0000000Z,2-AFB Customer Check,Non-AFB Customer (Expected Skip),No AFB CUSTOMER remark found in booking,Record processed successfully but is not an AFB customer,No - Business Logic,None - Expected behavior for non-business customers,2025-11-21T20:35:01.579Z,Passenger Record 615,"Record from 10/29/2025, 4:20:56.942 AM"
October,IXEDYY,N/A,0272119236790,2021-11-07T00:00:00.0000000Z,2-AFB Customer Check,Non-AFB Customer (Expected Skip),No AFB CUSTOMER remark found in booking,Record processed successfully but is not an AFB customer,No - Business Logic,None - Expected behavior for non-business customers,2025-11-21T20:35:01.579Z,Passenger Record 616,"Record from 10/28/2025, 4:39:22.681 PM"
October,KJTGZI,N/A,0272121377296,2025-10-25T00:00:00.0000000Z,2-AFB Customer Check,Non-AFB Customer (Expected Skip),No AFB CUSTOMER remark found in booking,Record processed successfully but is not an AFB customer,No - Business Logic,None - Expected behavior for non-business customers,2025-11-21T20:35:01.579Z,Passenger Record 617,"Record from 10/28/2025, 4:46:23.010 PM"
October,JORGXF,N/A,0272115330675,2025-08-23T00:00:00.0000000Z,2-AFB Customer Check,Non-AFB Customer (Expected Skip),No AFB CUSTOMER remark found in booking,Record processed successfully but is not an AFB customer,No - Business Logic,None - Expected behavior for non-business customers,2025-11-21T20:35:01.579Z,Passenger Record 618,"Record from 10/28/2025, 4:47:01.598 PM"
October,KSBBMG,N/A,0277311316281,2025-09-18T00:00:00.0000000Z,2-AFB Customer Check,Non-AFB Customer (Expected Skip),No AFB CUSTOMER remark found in booking,Record processed successfully but is not an AFB customer,No - Business Logic,None - Expected behavior for non-business customers,2025-11-21T20:35:01.579Z,Passenger Record 619,"Record from 10/28/2025, 4:46:01.141 PM"
October,UEVVXW,N/A,0272120189372,2025-10-13T00:00:00.0000000Z,2-AFB Customer Check,Non-AFB Customer (Expected Skip),No AFB CUSTOMER remark found in booking,Record processed successfully but is not an AFB customer,No - Business Logic,None - Expected behavior for non-business customers,2025-11-21T20:35:01.579Z,Passenger Record 620,"Record from 10/28/2025, 4:47:02.406 PM"
October,COYSOA,N/A,0272117988244,2025-09-21T00:00:00.0000000Z,2-AFB Customer Check,Non-AFB Customer (Expected Skip),No AFB CUSTOMER remark found in booking,Record processed successfully but is not an AFB customer,No - Business Logic,None - Expected behavior for non-business customers,2025-11-21T20:35:01.579Z,Passenger Record 621,"Record from 10/28/2025, 4:45:24.191 PM"
October,NMGIKG,N/A,0277324545426,2025-09-24T00:00:00.0000000Z,2-AFB Customer Check,Non-AFB Customer (Expected Skip),No AFB CUSTOMER remark found in booking,Record processed successfully but is not an AFB customer,No - Business Logic,None - Expected behavior for non-business customers,2025-11-21T20:35:01.579Z,Passenger Record 629,"Record from 10/17/2025, 10:57:17.908 PM"
October,KXKZMY,N/A,0272118163150,2025-09-23T00:00:00.0000000Z,2-AFB Customer Check,Non-AFB Customer (Expected Skip),No AFB CUSTOMER remark found in booking,Record processed successfully but is not an AFB customer,No - Business Logic,None - Expected behavior for non-business customers,2025-11-21T20:35:01.579Z,Passenger Record 632,"Record from 10/18/2025, 4:43:31.029 AM"
October,LZTIRU,N/A,0272111937625,2025-07-19T00:00:00.0000000Z,2-AFB Customer Check,Non-AFB Customer (Expected Skip),No AFB CUSTOMER remark found in booking,Record processed successfully but is not an AFB customer,No - Business Logic,None - Expected behavior for non-business customers,2025-11-21T20:35:01.579Z,Passenger Record 638,"Record from 10/17/2025, 10:58:29.431 PM"
October,IZFDAZ,N/A,0272120539513,2025-10-16T00:00:00.0000000Z,2-AFB Customer Check,Non-AFB Customer (Expected Skip),No AFB CUSTOMER remark found in booking,Record processed successfully but is not an AFB customer,No - Business Logic,None - Expected behavior for non-business customers,2025-11-21T20:35:01.579Z,Passenger Record 659,"Record from 10/19/2025, 4:01:17.354 AM"
October,CVRWPU,N/A,0272116887270,2025-09-09T00:00:00.0000000Z,2-AFB Customer Check,Non-AFB Customer (Expected Skip),No AFB CUSTOMER remark found in booking,Record processed successfully but is not an AFB customer,No - Business Logic,None - Expected behavior for non-business customers,2025-11-21T20:35:01.579Z,Passenger Record 661,"Record from 10/19/2025, 4:26:49.537 AM"
October,HZOEHB,N/A,0272120569988,2025-10-16T22:49:22.0000000Z,2-AFB Customer Check,Non-AFB Customer (Expected Skip),No AFB CUSTOMER remark found in booking,Record processed successfully but is not an AFB customer,No - Business Logic,None - Expected behavior for non-business customers,2025-11-21T20:35:01.579Z,Passenger Record 662,"Record from 10/19/2025, 4:05:34.842 AM"
October,DUQRJX,N/A,0272111825020,2025-07-18T00:00:00.0000000Z,2-AFB Customer Check,Non-AFB Customer (Expected Skip),No AFB CUSTOMER remark found in booking,Record processed successfully but is not an AFB customer,No - Business Logic,None - Expected behavior for non-business customers,2025-11-21T20:35:01.579Z,Passenger Record 664,"Record from 10/19/2025, 7:14:13.306 AM"
October,NXJTUO,N/A,0272118813971,2025-09-30T00:00:00.0000000Z,2-AFB Customer Check,Non-AFB Customer (Expected Skip),No AFB CUSTOMER remark found in booking,Record processed successfully but is not an AFB customer,No - Business Logic,None - Expected behavior for non-business customers,2025-11-21T20:35:01.579Z,Passenger Record 668,"Record from 10/19/2025, 3:06:14.575 AM"
October,KRBTXL,N/A,0272113859433,2025-08-07T00:00:00.0000000Z,2-AFB Customer Check,Non-AFB Customer (Expected Skip),No AFB CUSTOMER remark found in booking,Record processed successfully but is not an AFB customer,No - Business Logic,None - Expected behavior for non-business customers,2025-11-21T20:35:01.579Z,Passenger Record 670,"Record from 10/18/2025, 10:14:24.515 PM"
October,UPDCFY,N/A,0272112697922,2025-07-27T00:00:00.0000000Z,2-AFB Customer Check,Non-AFB Customer (Expected Skip),No AFB CUSTOMER remark found in booking,Record processed successfully but is not an AFB customer,No - Business Logic,None - Expected behavior for non-business customers,2025-11-21T20:35:01.579Z,Passenger Record 671,"Record from 10/18/2025, 9:56:51.571 PM"
October,LMCQKO,N/A,0277326112226,2025-08-18T00:00:00.0000000Z,2-AFB Customer Check,Non-AFB Customer (Expected Skip),No AFB CUSTOMER remark found in booking,Record processed successfully but is not an AFB customer,No - Business Logic,None - Expected behavior for non-business customers,2025-11-21T20:35:01.579Z,Passenger Record 672,"Record from 10/18/2025, 10:14:07.598 PM"
October,UTSJPI,N/A,0272119143550,2025-10-02T00:00:00.0000000Z,2-AFB Customer Check,Non-AFB Customer (Expected Skip),No AFB CUSTOMER remark found in booking,Record processed successfully but is not an AFB customer,No - Business Logic,None - Expected behavior for non-business customers,2025-11-21T20:35:01.579Z,Passenger Record 677,"Record from 10/19/2025, 1:12:54.567 AM"
October,UXCFHK,N/A,0272112986242,2025-07-30T00:00:00.0000000Z,2-AFB Customer Check,Non-AFB Customer (Expected Skip),No AFB CUSTOMER remark found in booking,Record processed successfully but is not an AFB customer,No - Business Logic,None - Expected behavior for non-business customers,2025-11-21T20:35:01.579Z,Passenger Record 680,"Record from 10/19/2025, 1:59:06.107 AM"
October,LONJXG,N/A,0272117160978,2025-09-12T00:00:00.0000000Z,2-AFB Customer Check,Non-AFB Customer (Expected Skip),No AFB CUSTOMER remark found in booking,Record processed successfully but is not an AFB customer,No - Business Logic,None - Expected behavior for non-business customers,2025-11-21T20:35:01.579Z,Passenger Record 681,"Record from 10/19/2025, 8:10:32.402 AM"
October,YTNZMP,N/A,0277338103597,2025-10-03T00:00:00.0000000Z,2-AFB Customer Check,Non-AFB Customer (Expected Skip),No AFB CUSTOMER remark found in booking,Record processed successfully but is not an AFB customer,No - Business Logic,None - Expected behavior for non-business customers,2025-11-21T20:35:01.579Z,Passenger Record 684,"Record from 10/19/2025, 2:29:18.046 AM"
October,FUNTDT,N/A,0272114468644,2025-08-14T00:00:00.0000000Z,2-AFB Customer Check,Non-AFB Customer (Expected Skip),No AFB CUSTOMER remark found in booking,Record processed successfully but is not an AFB customer,No - Business Logic,None - Expected behavior for non-business customers,2025-11-21T20:35:01.579Z,Passenger Record 686,"Record from 10/19/2025, 2:49:01.714 AM"
October,IAFGSX,N/A,0277336822992,2025-10-09T00:00:00.0000000Z,2-AFB Customer Check,Non-AFB Customer (Expected Skip),No AFB CUSTOMER remark found in booking,Record processed successfully but is not an AFB customer,No - Business Logic,None - Expected behavior for non-business customers,2025-11-21T20:35:01.579Z,Passenger Record 687,"Record from 10/19/2025, 7:04:05.522 AM"
October,UUMITZ,N/A,0272119147792,2025-10-02T00:00:00.0000000Z,2-AFB Customer Check,Non-AFB Customer (Expected Skip),No AFB CUSTOMER remark found in booking,Record processed successfully but is not an AFB customer,No - Business Logic,None - Expected behavior for non-business customers,2025-11-21T20:35:01.579Z,Passenger Record 689,"Record from 10/24/2025, 1:36:17.273 AM"
October,LJFSMW,N/A,0272120837369,2025-10-20T00:00:00.0000000Z,2-AFB Customer Check,Non-AFB Customer (Expected Skip),No AFB CUSTOMER remark found in booking,Record processed successfully but is not an AFB customer,No - Business Logic,None - Expected behavior for non-business customers,2025-11-21T20:35:01.579Z,Passenger Record 692,"Record from 10/24/2025, 1:38:11.937 AM"
October,FDWRFK,N/A,0272120873595,2025-10-20T00:00:00.0000000Z,2-AFB Customer Check,Non-AFB Customer (Expected Skip),No AFB CUSTOMER remark found in booking,Record processed successfully but is not an AFB customer,No - Business Logic,None - Expected behavior for non-business customers,2025-11-21T20:35:01.579Z,Passenger Record 699,"Record from 10/24/2025, 1:39:53.695 AM"
October,NKBBLY,N/A,0272119514820,2025-10-06T00:00:00.0000000Z,2-AFB Customer Check,Non-AFB Customer (Expected Skip),No AFB CUSTOMER remark found in booking,Record processed successfully but is not an AFB customer,No - Business Logic,None - Expected behavior for non-business customers,2025-11-21T20:35:01.579Z,Passenger Record 701,"Record from 10/24/2025, 1:56:20.918 AM"
October,SFELXK,N/A,0272118591471,2025-09-27T00:00:00.0000000Z,2-AFB Customer Check,Non-AFB Customer (Expected Skip),No AFB CUSTOMER remark found in booking,Record processed successfully but is not an AFB customer,No - Business Logic,None - Expected behavior for non-business customers,2025-11-21T20:35:01.579Z,Passenger Record 731,"Record from 10/24/2025, 1:34:24.738 AM"
October,FGWPGI,N/A,0272114092733,2025-08-10T00:00:00.0000000Z,2-AFB Customer Check,Non-AFB Customer (Expected Skip),No AFB CUSTOMER remark found in booking,Record processed successfully but is not an AFB customer,No - Business Logic,None - Expected behavior for non-business customers,2025-11-21T20:35:01.579Z,Passenger Record 732,"Record from 10/24/2025, 1:13:59.889 AM"
October,AICDZB,N/A,0272118571090,2025-09-27T00:00:00.0000000Z,2-AFB Customer Check,Non-AFB Customer (Expected Skip),No AFB CUSTOMER remark found in booking,Record processed successfully but is not an AFB customer,No - Business Logic,None - Expected behavior for non-business customers,2025-11-21T20:35:01.579Z,Passenger Record 749,"Record from 10/23/2025, 9:54:06.314 PM"
October,IRBORZ,N/A,0272120619227,2025-10-17T00:00:00.0000000Z,2-AFB Customer Check,Non-AFB Customer (Expected Skip),No AFB CUSTOMER remark found in booking,Record processed successfully but is not an AFB customer,No - Business Logic,None - Expected behavior for non-business customers,2025-11-21T20:35:01.579Z,Passenger Record 755,"Record from 10/23/2025, 10:17:18.281 PM"
October,IMUYYB,N/A,0272119016716,2025-10-01T00:00:00.0000000Z,2-AFB Customer Check,Non-AFB Customer (Expected Skip),No AFB CUSTOMER remark found in booking,Record processed successfully but is not an AFB customer,No - Business Logic,None - Expected behavior for non-business customers,2025-11-21T20:35:01.579Z,Passenger Record 762,"Record from 10/23/2025, 9:25:58.359 PM"
October,SUZVTM,N/A,0277336293676,2025-09-26T00:00:00.0000000Z,2-AFB Customer Check,Non-AFB Customer (Expected Skip),No AFB CUSTOMER remark found in booking,Record processed successfully but is not an AFB customer,No - Business Logic,None - Expected behavior for non-business customers,2025-11-21T20:35:01.579Z,Passenger Record 764,"Record from 10/23/2025, 9:28:09.296 PM"
October,YWUCAB,N/A,0272121073097,2025-10-22T00:00:00.0000000Z,2-AFB Customer Check,Non-AFB Customer (Expected Skip),No AFB CUSTOMER remark found in booking,Record processed successfully but is not an AFB customer,No - Business Logic,None - Expected behavior for non-business customers,2025-11-21T20:35:01.579Z,Passenger Record 768,"Record from 10/23/2025, 9:17:16.015 PM"
October,EJYWVE,N/A,0272109653883,2025-06-25T00:00:00.0000000Z,2-AFB Customer Check,Non-AFB Customer (Expected Skip),No AFB CUSTOMER remark found in booking,Record processed successfully but is not an AFB customer,No - Business Logic,None - Expected behavior for non-business customers,2025-11-21T20:35:01.579Z,Passenger Record 770,"Record from 10/23/2025, 9:34:35.514 PM"
October,ITNWQQ,N/A,0162343632197,2025-10-27T00:00:00.0000000Z,2-AFB Customer Check,Non-AFB Customer (Expected Skip),No AFB CUSTOMER remark found in booking,Record processed successfully but is not an AFB customer,No - Business Logic,None - Expected behavior for non-business customers,2025-11-21T20:35:01.579Z,Passenger Record 783,"Record from 10/27/2025, 8:19:17.913 PM"
October,AHZPNG,N/A,0272115199458,2025-08-21T00:00:00.0000000Z,2-AFB Customer Check,Non-AFB Customer (Expected Skip),No AFB CUSTOMER remark found in booking,Record processed successfully but is not an AFB customer,No - Business Logic,None - Expected behavior for non-business customers,2025-11-21T20:35:01.579Z,Passenger Record 786,"Record from 10/27/2025, 8:21:09.923 PM"
October,UNVWQM,N/A,0272113913778,2025-08-08T00:00:00.0000000Z,2-AFB Customer Check,Non-AFB Customer (Expected Skip),No AFB CUSTOMER remark found in booking,Record processed successfully but is not an AFB customer,No - Business Logic,None - Expected behavior for non-business customers,2025-11-21T20:35:01.579Z,Passenger Record 789,"Record from 10/27/2025, 5:24:38.995 AM"
October,NESHLV,N/A,0272121380656,2025-10-25T00:00:00.0000000Z,2-AFB Customer Check,Non-AFB Customer (Expected Skip),No AFB CUSTOMER remark found in booking,Record processed successfully but is not an AFB customer,No - Business Logic,None - Expected behavior for non-business customers,2025-11-21T20:35:01.579Z,Passenger Record 798,"Record from 10/27/2025, 4:45:27.404 AM"
October,OJHWDS,N/A,0272120059633,2025-10-12T00:00:00.0000000Z,2-AFB Customer Check,Non-AFB Customer (Expected Skip),No AFB CUSTOMER remark found in booking,Record processed successfully but is not an AFB customer,No - Business Logic,None - Expected behavior for non-business customers,2025-11-21T20:35:01.579Z,Passenger Record 799,"Record from 10/27/2025, 4:58:48.864 AM"
October,DLDJWG,N/A,0272121269158,2025-10-24T00:00:00.0000000Z,2-AFB Customer Check,Non-AFB Customer (Expected Skip),No AFB CUSTOMER remark found in booking,Record processed successfully but is not an AFB customer,No - Business Logic,None - Expected behavior for non-business customers,2025-11-21T20:35:01.579Z,Passenger Record 800,"Record from 10/27/2025, 5:59:52.395 AM"
October,WKMDZE,N/A,0272115873218,2025-08-29T00:00:00.0000000Z,2-AFB Customer Check,Non-AFB Customer (Expected Skip),No AFB CUSTOMER remark found in booking,Record processed successfully but is not an AFB customer,No - Business Logic,None - Expected behavior for non-business customers,2025-11-21T20:35:01.579Z,Passenger Record 809,"Record from 10/27/2025, 3:54:23.003 AM"
October,FTJNDT,N/A,0012259425099,2025-07-19T00:00:00.0000000Z,2-AFB Customer Check,Non-AFB Customer (Expected Skip),No AFB CUSTOMER remark found in booking,Record processed successfully but is not an AFB customer,No - Business Logic,None - Expected behavior for non-business customers,2025-11-21T20:35:01.579Z,Passenger Record 816,"Record from 10/21/2025, 7:19:48.278 AM"
October,YKMNEA,N/A,0272118243441,2025-09-24T00:00:00.0000000Z,2-AFB Customer Check,Non-AFB Customer (Expected Skip),No AFB CUSTOMER remark found in booking,Record processed successfully but is not an AFB customer,No - Business Logic,None - Expected behavior for non-business customers,2025-11-21T20:35:01.579Z,Passenger Record 817,"Record from 10/21/2025, 10:33:13.240 AM"
October,QNEXMJ,N/A,0272120001906,2025-10-11T00:00:00.0000000Z,2-AFB Customer Check,Non-AFB Customer (Expected Skip),No AFB CUSTOMER remark found in booking,Record processed successfully but is not an AFB customer,No - Business Logic,None - Expected behavior for non-business customers,2025-11-21T20:35:01.579Z,Passenger Record 818,"Record from 10/21/2025, 8:19:17.269 AM"
October,JGDXIO,N/A,0277340554081,2025-10-14T00:00:00.0000000Z,2-AFB Customer Check,Non-AFB Customer (Expected Skip),No AFB CUSTOMER remark found in booking,Record processed successfully but is not an AFB customer,No - Business Logic,None - Expected behavior for non-business customers,2025-11-21T20:35:01.579Z,Passenger Record 819,"Record from 10/21/2025, 7:31:13.484 AM"
October,ANKOIF,N/A,0272110118110,2025-06-30T00:00:00.0000000Z,2-AFB Customer Check,Non-AFB Customer (Expected Skip),No AFB CUSTOMER remark found in booking,Record processed successfully but is not an AFB customer,No - Business Logic,None - Expected behavior for non-business customers,2025-11-21T20:35:01.579Z,Passenger Record 820,"Record from 10/21/2025, 9:48:50.318 AM"
October,KYJUXB,N/A,0272118778067,2025-09-29T00:00:00.0000000Z,2-AFB Customer Check,Non-AFB Customer (Expected Skip),No AFB CUSTOMER remark found in booking,Record processed successfully but is not an AFB customer,No - Business Logic,None - Expected behavior for non-business customers,2025-11-21T20:35:01.579Z,Passenger Record 821,"Record from 10/17/2025, 11:13:17.950 PM"
October,FSTPUG,N/A,0272120171731,2025-10-13T00:00:00.0000000Z,2-AFB Customer Check,Non-AFB Customer (Expected Skip),No AFB CUSTOMER remark found in booking,Record processed successfully but is not an AFB customer,No - Business Logic,None - Expected behavior for non-business customers,2025-11-21T20:35:01.579Z,Passenger Record 822,"Record from 10/17/2025, 11:13:38.354 PM"
October,EWQZWF,N/A,0272115664524,2025-08-27T00:00:00.0000000Z,2-AFB Customer Check,Non-AFB Customer (Expected Skip),No AFB CUSTOMER remark found in booking,Record processed successfully but is not an AFB customer,No - Business Logic,None - Expected behavior for non-business customers,2025-11-21T20:35:01.579Z,Passenger Record 829,"Record from 10/17/2025, 8:56:08.725 PM"
October,JKHYGN,N/A,0272114935179,2025-08-19T00:00:00.0000000Z,2-AFB Customer Check,Non-AFB Customer (Expected Skip),No AFB CUSTOMER remark found in booking,Record processed successfully but is not an AFB customer,No - Business Logic,None - Expected behavior for non-business customers,2025-11-21T20:35:01.579Z,Passenger Record 831,"Record from 10/5/2025, 12:58:56.028 AM"
October,GAMNHE,N/A,0272119275088,2025-10-04T00:00:00.0000000Z,2-AFB Customer Check,Non-AFB Customer (Expected Skip),No AFB CUSTOMER remark found in booking,Record processed successfully but is not an AFB customer,No - Business Logic,None - Expected behavior for non-business customers,2025-11-21T20:35:01.579Z,Passenger Record 832,"Record from 10/5/2025, 1:18:16.006 AM"
October,YSDGVF,N/A,0277335640532,2025-09-25T00:00:00.0000000Z,2-AFB Customer Check,Non-AFB Customer (Expected Skip),No AFB CUSTOMER remark found in booking,Record processed successfully but is not an AFB customer,No - Business Logic,None - Expected behavior for non-business customers,2025-11-21T20:35:01.579Z,Passenger Record 839,"Record from 10/4/2025, 5:27:00.135 PM"
October,JVPDCO,N/A,0272116735683,2025-09-08T13:51:34.0000000Z,2-AFB Customer Check,Non-AFB Customer (Expected Skip),No AFB CUSTOMER remark found in booking,Record processed successfully but is not an AFB customer,No - Business Logic,None - Expected behavior for non-business customers,2025-11-21T20:35:01.579Z,Passenger Record 846,"Record from 10/5/2025, 4:34:11.613 AM"
October,MESEDA,N/A,0272113423771,2025-08-03T21:03:35.0000000Z,2-AFB Customer Check,Non-AFB Customer (Expected Skip),No AFB CUSTOMER remark found in booking,Record processed successfully but is not an AFB customer,No - Business Logic,None - Expected behavior for non-business customers,2025-11-21T20:35:01.579Z,Passenger Record 847,"Record from 10/5/2025, 4:29:28.439 AM"
October,EXVVLO,N/A,0272119052868,2025-10-02T00:00:00.0000000Z,2-AFB Customer Check,Non-AFB Customer (Expected Skip),No AFB CUSTOMER remark found in booking,Record processed successfully but is not an AFB customer,No - Business Logic,None - Expected behavior for non-business customers,2025-11-21T20:35:01.579Z,Passenger Record 848,"Record from 10/4/2025, 5:52:04.382 PM"
October,EYNKXA,N/A,0272111758165,2025-07-17T00:00:00.0000000Z,2-AFB Customer Check,Non-AFB Customer (Expected Skip),No AFB CUSTOMER remark found in booking,Record processed successfully but is not an AFB customer,No - Business Logic,None - Expected behavior for non-business customers,2025-11-21T20:35:01.579Z,Passenger Record 851,"Record from 10/4/2025, 6:12:08.802 PM"
October,GYLZKK,N/A,0272117749886,2025-09-18T00:00:00.0000000Z,2-AFB Customer Check,Non-AFB Customer (Expected Skip),No AFB CUSTOMER remark found in booking,Record processed successfully but is not an AFB customer,No - Business Logic,None - Expected behavior for non-business customers,2025-11-21T20:35:01.579Z,Passenger Record 855,"Record from 10/19/2025, 5:46:30.577 AM"
October,SSBJJT,N/A,0272118497531,2025-09-26T00:00:00.0000000Z,2-AFB Customer Check,Non-AFB Customer (Expected Skip),No AFB CUSTOMER remark found in booking,Record processed successfully but is not an AFB customer,No - Business Logic,None - Expected behavior for non-business customers,2025-11-21T20:35:01.579Z,Passenger Record 856,"Record from 10/19/2025, 5:43:00.825 AM"
October,YIZBLN,N/A,0277374908162,2025-09-05T00:00:00.0000000Z,2-AFB Customer Check,Non-AFB Customer (Expected Skip),No AFB CUSTOMER remark found in booking,Record processed successfully but is not an AFB customer,No - Business Logic,None - Expected behavior for non-business customers,2025-11-21T20:35:01.579Z,Passenger Record 857,"Record from 10/19/2025, 6:50:36.881 AM"
October,AJILTD,N/A,0272115742880,2025-08-28T00:00:00.0000000Z,2-AFB Customer Check,Non-AFB Customer (Expected Skip),No AFB CUSTOMER remark found in booking,Record processed successfully but is not an AFB customer,No - Business Logic,None - Expected behavior for non-business customers,2025-11-21T20:35:01.579Z,Passenger Record 858,"Record from 10/20/2025, 1:45:01.161 AM"
October,DIFCVR,N/A,0272120664280,2025-10-18T00:00:00.0000000Z,2-AFB Customer Check,Non-AFB Customer (Expected Skip),No AFB CUSTOMER remark found in booking,Record processed successfully but is not an AFB customer,No - Business Logic,None - Expected behavior for non-business customers,2025-11-21T20:35:01.579Z,Passenger Record 859,"Record from 10/20/2025, 2:14:12.969 AM"
October,FFUUPJ,N/A,0272117443887,2025-09-15T00:00:00.0000000Z,2-AFB Customer Check,Non-AFB Customer (Expected Skip),No AFB CUSTOMER remark found in booking,Record processed successfully but is not an AFB customer,No - Business Logic,None - Expected behavior for non-business customers,2025-11-21T20:35:01.579Z,Passenger Record 860,"Record from 10/20/2025, 2:45:09.890 AM"
October,NTAPRI,N/A,0272119363702,2025-10-05T00:00:00.0000000Z,2-AFB Customer Check,Non-AFB Customer (Expected Skip),No AFB CUSTOMER remark found in booking,Record processed successfully but is not an AFB customer,No - Business Logic,None - Expected behavior for non-business customers,2025-11-21T20:35:01.579Z,Passenger Record 867,"Record from 10/15/2025, 3:13:00.774 PM"
October,UQQCJE,N/A,0272118181715,2025-09-23T00:00:00.0000000Z,2-AFB Customer Check,Non-AFB Customer (Expected Skip),No AFB CUSTOMER remark found in booking,Record processed successfully but is not an AFB customer,No - Business Logic,None - Expected behavior for non-business customers,2025-11-21T20:35:01.579Z,Passenger Record 869,"Record from 10/15/2025, 1:02:14.328 PM"
October,IPVRMD,N/A,0272117223929,2025-09-13T00:00:00.0000000Z,2-AFB Customer Check,Non-AFB Customer (Expected Skip),No AFB CUSTOMER remark found in booking,Record processed successfully but is not an AFB customer,No - Business Logic,None - Expected behavior for non-business customers,2025-11-21T20:35:01.579Z,Passenger Record 877,"Record from 10/15/2025, 3:26:12.094 AM"
October,OCFTHN,N/A,0272119740024,2025-10-08T00:00:00.0000000Z,2-AFB Customer Check,Non-AFB Customer (Expected Skip),No AFB CUSTOMER remark found in booking,Record processed successfully but is not an AFB customer,No - Business Logic,None - Expected behavior for non-business customers,2025-11-21T20:35:01.579Z,Passenger Record 878,"Record from 10/17/2025, 9:45:10.950 AM"
October,UVQGFH,N/A,0272110750517,2025-07-07T00:00:00.0000000Z,2-AFB Customer Check,Non-AFB Customer (Expected Skip),No AFB CUSTOMER remark found in booking,Record processed successfully but is not an AFB customer,No - Business Logic,None - Expected behavior for non-business customers,2025-11-21T20:35:01.579Z,Passenger Record 889,"Record from 10/14/2025, 11:02:07.429 PM"
October,UOKFYZ,N/A,0272119938354,2025-10-10T00:00:00.0000000Z,2-AFB Customer Check,Non-AFB Customer (Expected Skip),No AFB CUSTOMER remark found in booking,Record processed successfully but is not an AFB customer,No - Business Logic,None - Expected behavior for non-business customers,2025-11-21T20:35:01.579Z,Passenger Record 890,"Record from 10/14/2025, 11:03:11.959 PM"
October,QKUHUX,N/A,0272120262350,2025-10-14T00:00:00.0000000Z,2-AFB Customer Check,Non-AFB Customer (Expected Skip),No AFB CUSTOMER remark found in booking,Record processed successfully but is not an AFB customer,No - Business Logic,None - Expected behavior for non-business customers,2025-11-21T20:35:01.579Z,Passenger Record 895,"Record from 10/15/2025, 12:43:37.631 AM"
October,SPXIGD,N/A,0272120266989,2025-10-14T00:00:00.0000000Z,2-AFB Customer Check,Non-AFB Customer (Expected Skip),No AFB CUSTOMER remark found in booking,Record processed successfully but is not an AFB customer,No - Business Logic,None - Expected behavior for non-business customers,2025-11-21T20:35:01.579Z,Passenger Record 896,"Record from 10/15/2025, 1:22:19.144 AM"
October,JFYTYF,N/A,0272114301942,2025-08-12T00:00:00.0000000Z,2-AFB Customer Check,Non-AFB Customer (Expected Skip),No AFB CUSTOMER remark found in booking,Record processed successfully but is not an AFB customer,No - Business Logic,None - Expected behavior for non-business customers,2025-11-21T20:35:01.579Z,Passenger Record 898,"Record from 10/15/2025, 12:44:38.866 AM"
October,EIHIUT,N/A,0272119133683,2025-10-02T00:00:00.0000000Z,2-AFB Customer Check,Non-AFB Customer (Expected Skip),No AFB CUSTOMER remark found in booking,Record processed successfully but is not an AFB customer,No - Business Logic,None - Expected behavior for non-business customers,2025-11-21T20:35:01.579Z,Passenger Record 899,"Record from 10/15/2025, 12:45:33.674 AM"
October,JJQWVR,N/A,0277337818894,2025-10-02T00:00:00.0000000Z,2-AFB Customer Check,Non-AFB Customer (Expected Skip),No AFB CUSTOMER remark found in booking,Record processed successfully but is not an AFB customer,No - Business Logic,None - Expected behavior for non-business customers,2025-11-21T20:35:01.579Z,Passenger Record 900,"Record from 10/15/2025, 12:25:56.799 PM"
October,JYOXUC,N/A,1732315128649,2025-08-21T00:00:00.0000000Z,2-AFB Customer Check,Non-AFB Customer (Expected Skip),No AFB CUSTOMER remark found in booking,Record processed successfully but is not an AFB customer,No - Business Logic,None - Expected behavior for non-business customers,2025-11-21T20:35:01.579Z,Passenger Record 901,"Record from 10/15/2025, 12:52:17.532 AM"
October,DQXBXT,N/A,0272116722695,2025-09-08T11:53:10.0000000Z,2-AFB Customer Check,Non-AFB Customer (Expected Skip),No AFB CUSTOMER remark found in booking,Record processed successfully but is not an AFB customer,No - Business Logic,None - Expected behavior for non-business customers,2025-11-21T20:35:01.579Z,Passenger Record 908,"Record from 10/4/2025, 4:26:17.270 AM"
October,LKPUYU,N/A,0272110286779,2025-07-02T00:00:00.0000000Z,2-AFB Customer Check,Non-AFB Customer (Expected Skip),No AFB CUSTOMER remark found in booking,Record processed successfully but is not an AFB customer,No - Business Logic,None - Expected behavior for non-business customers,2025-11-21T20:35:01.579Z,Passenger Record 909,"Record from 10/3/2025, 3:40:19.546 AM"
October,CXWOJR,N/A,0272116250482,2025-09-03T00:00:00.0000000Z,2-AFB Customer Check,Non-AFB Customer (Expected Skip),No AFB CUSTOMER remark found in booking,Record processed successfully but is not an AFB customer,No - Business Logic,None - Expected behavior for non-business customers,2025-11-21T20:35:01.579Z,Passenger Record 910,"Record from 10/3/2025, 3:40:29.138 AM"
October,WVWLAZ,N/A,0277337274072,2025-10-01T12:56:39.0000000Z,2-AFB Customer Check,Non-AFB Customer (Expected Skip),No AFB CUSTOMER remark found in booking,Record processed successfully but is not an AFB customer,No - Business Logic,None - Expected behavior for non-business customers,2025-11-21T20:35:01.579Z,Passenger Record 921,"Record from 10/4/2025, 4:35:41.093 AM"
October,HCAEAN,N/A,0272118341632,2025-09-25T00:00:00.0000000Z,2-AFB Customer Check,Non-AFB Customer (Expected Skip),No AFB CUSTOMER remark found in booking,Record processed successfully but is not an AFB customer,No - Business Logic,None - Expected behavior for non-business customers,2025-11-21T20:35:01.579Z,Passenger Record 924,"Record from 10/3/2025, 5:55:19.970 AM"
October,DRWYAE,N/A,0272118462437,2025-09-26T10:37:27.0000000Z,2-AFB Customer Check,Non-AFB Customer (Expected Skip),No AFB CUSTOMER remark found in booking,Record processed successfully but is not an AFB customer,No - Business Logic,None - Expected behavior for non-business customers,2025-11-21T20:35:01.579Z,Passenger Record 926,"Record from 10/3/2025, 4:34:53.565 AM"
October,UFYKMV,N/A,0272117750381,2025-09-18T00:00:00.0000000Z,2-AFB Customer Check,Non-AFB Customer (Expected Skip),No AFB CUSTOMER remark found in booking,Record processed successfully but is not an AFB customer,No - Business Logic,None - Expected behavior for non-business customers,2025-11-21T20:35:01.579Z,Passenger Record 928,"Record from 10/4/2025, 9:09:25.170 AM"
October,MULSLF,N/A,0272107932393,2025-06-08T00:00:00.0000000Z,2-AFB Customer Check,Non-AFB Customer (Expected Skip),No AFB CUSTOMER remark found in booking,Record processed successfully but is not an AFB customer,No - Business Logic,None - Expected behavior for non-business customers,2025-11-21T20:35:01.579Z,Passenger Record 929,"Record from 10/3/2025, 5:43:12.283 AM"
October,ANUNLQ,N/A,0272117393560,2025-09-15T00:00:00.0000000Z,2-AFB Customer Check,Non-AFB Customer (Expected Skip),No AFB CUSTOMER remark found in booking,Record processed successfully but is not an AFB customer,No - Business Logic,None - Expected behavior for non-business customers,2025-11-21T20:35:01.579Z,Passenger Record 930,"Record from 10/3/2025, 6:59:53.657 AM"
October,EFWJIV,N/A,0272113984756,2025-08-08T00:00:00.0000000Z,2-AFB Customer Check,Non-AFB Customer (Expected Skip),No AFB CUSTOMER remark found in booking,Record processed successfully but is not an AFB customer,No - Business Logic,None - Expected behavior for non-business customers,2025-11-21T20:35:01.579Z,Passenger Record 931,"Record from 10/4/2025, 8:05:41.448 AM"
October,JBCJSS,N/A,0272120685193,2025-10-18T13:37:20.0000000Z,2-AFB Customer Check,Non-AFB Customer (Expected Skip),No AFB CUSTOMER remark found in booking,Record processed successfully but is not an AFB customer,No - Business Logic,None - Expected behavior for non-business customers,2025-11-21T20:35:01.579Z,Passenger Record 932,"Record from 10/20/2025, 6:24:05.488 PM"
October,FGQVWD,N/A,0272399576409,2025-03-14T00:00:00.0000000Z,2-AFB Customer Check,Non-AFB Customer (Expected Skip),No AFB CUSTOMER remark found in booking,Record processed successfully but is not an AFB customer,No - Business Logic,None - Expected behavior for non-business customers,2025-11-21T20:35:01.579Z,Passenger Record 948,"Record from 10/20/2025, 9:09:08.438 PM"
October,MJYXGV,N/A,0272111680699,2025-07-16T00:00:00.0000000Z,2-AFB Customer Check,Non-AFB Customer (Expected Skip),No AFB CUSTOMER remark found in booking,Record processed successfully but is not an AFB customer,No - Business Logic,None - Expected behavior for non-business customers,2025-11-21T20:35:01.579Z,Passenger Record 949,"Record from 10/8/2025, 2:09:01.502 AM"
October,KEBTBO,N/A,0272118100154,2025-09-22T22:31:31.0000000Z,2-AFB Customer Check,Non-AFB Customer (Expected Skip),No AFB CUSTOMER remark found in booking,Record processed successfully but is not an AFB customer,No - Business Logic,None - Expected behavior for non-business customers,2025-11-21T20:35:01.579Z,Passenger Record 952,"Record from 10/8/2025, 4:32:59.959 AM"
October,CYTVIQ,N/A,0272116343916,2025-09-04T00:00:00.0000000Z,2-AFB Customer Check,Non-AFB Customer (Expected Skip),No AFB CUSTOMER remark found in booking,Record processed successfully but is not an AFB customer,No - Business Logic,None - Expected behavior for non-business customers,2025-11-21T20:35:01.579Z,Passenger Record 953,"Record from 10/8/2025, 7:08:53.127 AM"
October,GRUYQU,N/A,0272118070220,2025-09-22T00:00:00.0000000Z,2-AFB Customer Check,Non-AFB Customer (Expected Skip),No AFB CUSTOMER remark found in booking,Record processed successfully but is not an AFB customer,No - Business Logic,None - Expected behavior for non-business customers,2025-11-21T20:35:01.579Z,Passenger Record 955,"Record from 10/8/2025, 3:45:34.486 AM"
October,LLWWKN,N/A,0277236895724,2025-07-17T00:00:00.0000000Z,2-AFB Customer Check,Non-AFB Customer (Expected Skip),No AFB CUSTOMER remark found in booking,Record processed successfully but is not an AFB customer,No - Business Logic,None - Expected behavior for non-business customers,2025-11-21T20:35:01.579Z,Passenger Record 956,"Record from 10/8/2025, 3:54:07.470 AM"
October,YOYVYE,N/A,0272119384142,2025-10-05T00:00:00.0000000Z,2-AFB Customer Check,Non-AFB Customer (Expected Skip),No AFB CUSTOMER remark found in booking,Record processed successfully but is not an AFB customer,No - Business Logic,None - Expected behavior for non-business customers,2025-11-21T20:35:01.579Z,Passenger Record 957,"Record from 10/8/2025, 4:24:01.270 AM"
October,AYTDSY,N/A,0272116661472,2025-09-07T00:00:00.0000000Z,2-AFB Customer Check,Non-AFB Customer (Expected Skip),No AFB CUSTOMER remark found in booking,Record processed successfully but is not an AFB customer,No - Business Logic,None - Expected behavior for non-business customers,2025-11-21T20:35:01.579Z,Passenger Record 958,"Record from 10/8/2025, 8:24:01.177 AM"
October,ALUSJP,N/A,0272116275646,2025-09-03T16:01:08.0000000Z,2-AFB Customer Check,Non-AFB Customer (Expected Skip),No AFB CUSTOMER remark found in booking,Record processed successfully but is not an AFB customer,No - Business Logic,None - Expected behavior for non-business customers,2025-11-21T20:35:01.579Z,Passenger Record 959,"Record from 10/8/2025, 4:09:52.412 AM"
October,IWWARX,N/A,0272115200958,2025-08-21T00:00:00.0000000Z,2-AFB Customer Check,Non-AFB Customer (Expected Skip),No AFB CUSTOMER remark found in booking,Record processed successfully but is not an AFB customer,No - Business Logic,None - Expected behavior for non-business customers,2025-11-21T20:35:01.579Z,Passenger Record 961,"Record from 10/8/2025, 1:35:48.399 AM"
October,CSUSVC,N/A,0272117496311,2025-09-16T00:00:00.0000000Z,2-AFB Customer Check,Non-AFB Customer (Expected Skip),No AFB CUSTOMER remark found in booking,Record processed successfully but is not an AFB customer,No - Business Logic,None - Expected behavior for non-business customers,2025-11-21T20:35:01.579Z,Passenger Record 963,"Record from 10/8/2025, 1:37:10.572 AM"
October,NOTLUX,N/A,0272119563499,2025-10-07T00:00:00.0000000Z,2-AFB Customer Check,Non-AFB Customer (Expected Skip),No AFB CUSTOMER remark found in booking,Record processed successfully but is not an AFB customer,No - Business Logic,None - Expected behavior for non-business customers,2025-11-21T20:35:01.579Z,Passenger Record 968,"Record from 10/8/2025, 4:45:27.661 AM"
October,KEOJPS,N/A,0272116619451,2025-09-06T00:00:00.0000000Z,2-AFB Customer Check,Non-AFB Customer (Expected Skip),No AFB CUSTOMER remark found in booking,Record processed successfully but is not an AFB customer,No - Business Logic,None - Expected behavior for non-business customers,2025-11-21T20:35:01.579Z,Passenger Record 971,"Record from 10/8/2025, 1:17:34.674 AM"
October,JCUDBH,N/A,0272118452568,2025-09-26T00:00:00.0000000Z,2-AFB Customer Check,Non-AFB Customer (Expected Skip),No AFB CUSTOMER remark found in booking,Record processed successfully but is not an AFB customer,No - Business Logic,None - Expected behavior for non-business customers,2025-11-21T20:35:01.579Z,Passenger Record 972,"Record from 10/8/2025, 2:27:01.040 AM"
October,WGGOPW,N/A,0272115937344,2025-08-30T00:00:00.0000000Z,2-AFB Customer Check,Non-AFB Customer (Expected Skip),No AFB CUSTOMER remark found in booking,Record processed successfully but is not an AFB customer,No - Business Logic,None - Expected behavior for non-business customers,2025-11-21T20:35:01.579Z,Passenger Record 973,"Record from 10/8/2025, 7:49:51.178 AM"
October,OGZNIU,N/A,0272117601108,2025-09-17T00:00:00.0000000Z,2-AFB Customer Check,Non-AFB Customer (Expected Skip),No AFB CUSTOMER remark found in booking,Record processed successfully but is not an AFB customer,No - Business Logic,None - Expected behavior for non-business customers,2025-11-21T20:35:01.579Z,Passenger Record 979,"Record from 10/5/2025, 11:12:17.180 PM"
October,KGLZOG,N/A,0272116161241,2025-09-02T00:00:00.0000000Z,2-AFB Customer Check,Non-AFB Customer (Expected Skip),No AFB CUSTOMER remark found in booking,Record processed successfully but is not an AFB customer,No - Business Logic,None - Expected behavior for non-business customers,2025-11-21T20:35:01.579Z,Passenger Record 984,"Record from 10/6/2025, 9:08:51.926 AM"
October,DRRLRY,N/A,0272118183546,2025-09-23T00:00:00.0000000Z,2-AFB Customer Check,Non-AFB Customer (Expected Skip),No AFB CUSTOMER remark found in booking,Record processed successfully but is not an AFB customer,No - Business Logic,None - Expected behavior for non-business customers,2025-11-21T20:35:01.579Z,Passenger Record 985,"Record from 10/5/2025, 11:28:41.308 PM"
October,OUPXVB,N/A,0277334305009,2025-09-18T18:38:23.0000000Z,2-AFB Customer Check,Non-AFB Customer (Expected Skip),No AFB CUSTOMER remark found in booking,Record processed successfully but is not an AFB customer,No - Business Logic,None - Expected behavior for non-business customers,2025-11-21T20:35:01.579Z,Passenger Record 986,"Record from 10/7/2025, 4:33:53.398 AM"
October,LSDBOZ,N/A,0277338120251,2025-10-03T00:00:00.0000000Z,2-AFB Customer Check,Non-AFB Customer (Expected Skip),No AFB CUSTOMER remark found in booking,Record processed successfully but is not an AFB customer,No - Business Logic,None - Expected behavior for non-business customers,2025-11-21T20:35:01.579Z,Passenger Record 987,"Record from 10/6/2025, 2:36:07.304 AM"
October,GWSEVB,N/A,0272119048225,2025-10-02T00:00:00.0000000Z,2-AFB Customer Check,Non-AFB Customer (Expected Skip),No AFB CUSTOMER remark found in booking,Record processed successfully but is not an AFB customer,No - Business Logic,None - Expected behavior for non-business customers,2025-11-21T20:35:01.579Z,Passenger Record 988,"Record from 10/5/2025, 8:01:47.338 PM"
October,OZUEUN,N/A,0272118635048,2025-09-28T00:00:00.0000000Z,2-AFB Customer Check,Non-AFB Customer (Expected Skip),No AFB CUSTOMER remark found in booking,Record processed successfully but is not an AFB customer,No - Business Logic,None - Expected behavior for non-business customers,2025-11-21T20:35:01.579Z,Passenger Record 989,"Record from 10/5/2025, 7:32:15.913 PM"
October,INGQBG,N/A,0272119007612,2025-10-01T00:00:00.0000000Z,2-AFB Customer Check,Non-AFB Customer (Expected Skip),No AFB CUSTOMER remark found in booking,Record processed successfully but is not an AFB customer,No - Business Logic,None - Expected behavior for non-business customers,2025-11-21T20:35:01.579Z,Passenger Record 990,"Record from 10/5/2025, 6:58:11.453 PM"
October,FAAHFM,N/A,1732315420263,2025-09-09T00:00:00.0000000Z,2-AFB Customer Check,Non-AFB Customer (Expected Skip),No AFB CUSTOMER remark found in booking,Record processed successfully but is not an AFB customer,No - Business Logic,None - Expected behavior for non-business customers,2025-11-21T20:35:01.579Z,Passenger Record 993,"Record from 10/27/2025, 1:46:09.337 PM"
October,SMAQSQ,N/A,0272119309701,2025-10-04T00:00:00.0000000Z,2-AFB Customer Check,Non-AFB Customer (Expected Skip),No AFB CUSTOMER remark found in booking,Record processed successfully but is not an AFB customer,No - Business Logic,None - Expected behavior for non-business customers,2025-11-21T20:35:01.579Z,Passenger Record 995,"Record from 10/27/2025, 9:13:52.849 AM"
October,KFRCAZ,N/A,0277335780801,2025-09-25T00:00:00.0000000Z,2-AFB Customer Check,Non-AFB Customer (Expected Skip),No AFB CUSTOMER remark found in booking,Record processed successfully but is not an AFB customer,No - Business Logic,None - Expected behavior for non-business customers,2025-11-21T20:35:01.579Z,Passenger Record 996,"Record from 10/27/2025, 2:00:13.656 PM"
October,SKHASG,N/A,0272121345580,2025-10-24T00:00:00.0000000Z,2-AFB Customer Check,Non-AFB Customer (Expected Skip),No AFB CUSTOMER remark found in booking,Record processed successfully but is not an AFB customer,No - Business Logic,None - Expected behavior for non-business customers,2025-11-21T20:35:01.579Z,Passenger Record 1001,"Record from 10/27/2025, 1:51:45.231 PM"
October,NATSOB,N/A,0272117599065,2025-09-17T00:00:00.0000000Z,2-AFB Customer Check,Non-AFB Customer (Expected Skip),No AFB CUSTOMER remark found in booking,Record processed successfully but is not an AFB customer,No - Business Logic,None - Expected behavior for non-business customers,2025-11-21T20:35:01.579Z,Passenger Record 1002,"Record from 10/16/2025, 2:55:22.890 AM"
October,KZRPIT,N/A,0272115928858,2025-08-30T00:00:00.0000000Z,2-AFB Customer Check,Non-AFB Customer (Expected Skip),No AFB CUSTOMER remark found in booking,Record processed successfully but is not an AFB customer,No - Business Logic,None - Expected behavior for non-business customers,2025-11-21T20:35:01.579Z,Passenger Record 1004,"Record from 10/16/2025, 10:12:00.939 AM"
October,YTGDRU,N/A,0272114747535,2025-08-17T00:00:00.0000000Z,2-AFB Customer Check,Non-AFB Customer (Expected Skip),No AFB CUSTOMER remark found in booking,Record processed successfully but is not an AFB customer,No - Business Logic,None - Expected behavior for non-business customers,2025-11-21T20:35:01.579Z,Passenger Record 1005,"Record from 10/16/2025, 10:16:17.553 AM"
October,UMYAJS,N/A,0272115576857,2025-08-26T00:00:00.0000000Z,2-AFB Customer Check,Non-AFB Customer (Expected Skip),No AFB CUSTOMER remark found in booking,Record processed successfully but is not an AFB customer,No - Business Logic,None - Expected behavior for non-business customers,2025-11-21T20:35:01.579Z,Passenger Record 1006,"Record from 10/16/2025, 9:36:59.475 AM"
October,OSRSBZ,N/A,0272105794194,2025-05-16T00:00:00.0000000Z,2-AFB Customer Check,Non-AFB Customer (Expected Skip),No AFB CUSTOMER remark found in booking,Record processed successfully but is not an AFB customer,No - Business Logic,None - Expected behavior for non-business customers,2025-11-21T20:35:01.579Z,Passenger Record 1009,"Record from 10/16/2025, 3:10:37.819 AM"
October,KKYEXC,N/A,0272119568197,2025-10-07T00:00:00.0000000Z,2-AFB Customer Check,Non-AFB Customer (Expected Skip),No AFB CUSTOMER remark found in booking,Record processed successfully but is not an AFB customer,No - Business Logic,None - Expected behavior for non-business customers,2025-11-21T20:35:01.579Z,Passenger Record 1010,"Record from 10/16/2025, 5:57:14.147 AM"
October,GRCYCL,N/A,0277333622156,2025-09-16T16:37:04.0000000Z,2-AFB Customer Check,Non-AFB Customer (Expected Skip),No AFB CUSTOMER remark found in booking,Record processed successfully but is not an AFB customer,No - Business Logic,None - Expected behavior for non-business customers,2025-11-21T20:35:01.579Z,Passenger Record 1018,"Record from 10/17/2025, 4:33:33.559 AM"
October,NGOGJS,N/A,0272120172616,2025-10-13T00:00:00.0000000Z,2-AFB Customer Check,Non-AFB Customer (Expected Skip),No AFB CUSTOMER remark found in booking,Record processed successfully but is not an AFB customer,No - Business Logic,None - Expected behavior for non-business customers,2025-11-21T20:35:01.579Z,Passenger Record 1022,"Record from 10/16/2025, 3:07:06.607 AM"
October,KEMHAY,N/A,0272116299481,2025-09-03T00:00:00.0000000Z,2-AFB Customer Check,Non-AFB Customer (Expected Skip),No AFB CUSTOMER remark found in booking,Record processed successfully but is not an AFB customer,No - Business Logic,None - Expected behavior for non-business customers,2025-11-21T20:35:01.579Z,Passenger Record 1025,"Record from 10/15/2025, 6:57:01.663 PM"
October,YIIBNQ,N/A,0272115786025,2025-08-28T00:00:00.0000000Z,2-AFB Customer Check,Non-AFB Customer (Expected Skip),No AFB CUSTOMER remark found in booking,Record processed successfully but is not an AFB customer,No - Business Logic,None - Expected behavior for non-business customers,2025-11-21T20:35:01.579Z,Passenger Record 1026,"Record from 10/15/2025, 5:27:02.286 PM"
October,GGFRMH,N/A,0272111868771,2025-07-18T00:00:00.0000000Z,2-AFB Customer Check,Non-AFB Customer (Expected Skip),No AFB CUSTOMER remark found in booking,Record processed successfully but is not an AFB customer,No - Business Logic,None - Expected behavior for non-business customers,2025-11-21T20:35:01.579Z,Passenger Record 1032,"Record from 10/11/2025, 5:33:02.915 PM"
October,SQYDOR,N/A,0272116538567,2025-09-05T00:00:00.0000000Z,2-AFB Customer Check,Non-AFB Customer (Expected Skip),No AFB CUSTOMER remark found in booking,Record processed successfully but is not an AFB customer,No - Business Logic,None - Expected behavior for non-business customers,2025-11-21T20:35:01.579Z,Passenger Record 1033,"Record from 10/11/2025, 5:46:51.393 PM"
October,NQGPPN,N/A,0277311859065,2025-10-03T00:00:00.0000000Z,2-AFB Customer Check,Non-AFB Customer (Expected Skip),No AFB CUSTOMER remark found in booking,Record processed successfully but is not an AFB customer,No - Business Logic,None - Expected behavior for non-business customers,2025-11-21T20:35:01.579Z,Passenger Record 1034,"Record from 10/11/2025, 4:21:16.451 PM"
October,UEOLLY,N/A,0272111439929,2025-07-14T00:00:00.0000000Z,2-AFB Customer Check,Non-AFB Customer (Expected Skip),No AFB CUSTOMER remark found in booking,Record processed successfully but is not an AFB customer,No - Business Logic,None - Expected behavior for non-business customers,2025-11-21T20:35:01.579Z,Passenger Record 1035,"Record from 10/11/2025, 4:23:10.166 PM"
October,EGJTNG,N/A,0272118498615,2025-09-26T00:00:00.0000000Z,2-AFB Customer Check,Non-AFB Customer (Expected Skip),No AFB CUSTOMER remark found in booking,Record processed successfully but is not an AFB customer,No - Business Logic,None - Expected behavior for non-business customers,2025-11-21T20:35:01.579Z,Passenger Record 1042,"Record from 10/6/2025, 3:13:16.479 PM"
October,CBUNQI,N/A,0272114927920,2025-08-19T00:00:00.0000000Z,2-AFB Customer Check,Non-AFB Customer (Expected Skip),No AFB CUSTOMER remark found in booking,Record processed successfully but is not an AFB customer,No - Business Logic,None - Expected behavior for non-business customers,2025-11-21T20:35:01.579Z,Passenger Record 1043,"Record from 10/6/2025, 3:42:28.655 PM"
October,UMNWWM,N/A,0272119070585,2025-10-02T00:00:00.0000000Z,2-AFB Customer Check,Non-AFB Customer (Expected Skip),No AFB CUSTOMER remark found in booking,Record processed successfully but is not an AFB customer,No - Business Logic,None - Expected behavior for non-business customers,2025-11-21T20:35:01.579Z,Passenger Record 1051,"Record from 10/6/2025, 1:51:05.624 PM"
October,SHGSPC,N/A,0272118297372,2025-09-24T00:00:00.0000000Z,2-AFB Customer Check,Non-AFB Customer (Expected Skip),No AFB CUSTOMER remark found in booking,Record processed successfully but is not an AFB customer,No - Business Logic,None - Expected behavior for non-business customers,2025-11-21T20:35:01.579Z,Passenger Record 1060,"Record from 10/6/2025, 5:47:51.962 PM"
October,HOFXBP,N/A,0272115104458,2025-08-20T00:00:00.0000000Z,2-AFB Customer Check,Non-AFB Customer (Expected Skip),No AFB CUSTOMER remark found in booking,Record processed successfully but is not an AFB customer,No - Business Logic,None - Expected behavior for non-business customers,2025-11-21T20:35:01.579Z,Passenger Record 1061,"Record from 10/6/2025, 6:38:03.460 PM"
October,CUSPRU,N/A,0272117771725,2025-09-18T00:00:00.0000000Z,2-AFB Customer Check,Non-AFB Customer (Expected Skip),No AFB CUSTOMER remark found in booking,Record processed successfully but is not an AFB customer,No - Business Logic,None - Expected behavior for non-business customers,2025-11-21T20:35:01.579Z,Passenger Record 1075,"Record from 10/6/2025, 5:17:43.773 PM"
October,HWEOUX,N/A,0272399708627,2025-03-16T00:00:00.0000000Z,2-AFB Customer Check,Non-AFB Customer (Expected Skip),No AFB CUSTOMER remark found in booking,Record processed successfully but is not an AFB customer,No - Business Logic,None - Expected behavior for non-business customers,2025-11-21T20:35:01.579Z,Passenger Record 1077,"Record from 10/6/2025, 5:20:48.102 PM"
October,EODYPL,N/A,0277334009630,2025-09-22T00:00:00.0000000Z,2-AFB Customer Check,Non-AFB Customer (Expected Skip),No AFB CUSTOMER remark found in booking,Record processed successfully but is not an AFB customer,No - Business Logic,None - Expected behavior for non-business customers,2025-11-21T20:35:01.579Z,Passenger Record 1084,"Record from 10/7/2025, 1:21:44.361 AM"
October,LNMFHW,N/A,0272116616559,2025-09-06T00:00:00.0000000Z,2-AFB Customer Check,Non-AFB Customer (Expected Skip),No AFB CUSTOMER remark found in booking,Record processed successfully but is not an AFB customer,No - Business Logic,None - Expected behavior for non-business customers,2025-11-21T20:35:01.579Z,Passenger Record 1086,"Record from 10/6/2025, 7:12:03.990 PM"
October,JDLRAS,N/A,0272119396416,2025-10-05T00:00:00.0000000Z,2-AFB Customer Check,Non-AFB Customer (Expected Skip),No AFB CUSTOMER remark found in booking,Record processed successfully but is not an AFB customer,No - Business Logic,None - Expected behavior for non-business customers,2025-11-21T20:35:01.579Z,Passenger Record 1087,"Record from 10/6/2025, 10:51:00.945 PM"
October,YOXBZR,N/A,0162339237787,2025-10-11T00:00:00.0000000Z,2-AFB Customer Check,Non-AFB Customer (Expected Skip),No AFB CUSTOMER remark found in booking,Record processed successfully but is not an AFB customer,No - Business Logic,None - Expected behavior for non-business customers,2025-11-21T20:35:01.579Z,Passenger Record 1097,"Record from 10/14/2025, 7:56:44.142 PM"
October,IGIFTQ,N/A,0272119994350,2025-10-11T00:00:00.0000000Z,2-AFB Customer Check,Non-AFB Customer (Expected Skip),No AFB CUSTOMER remark found in booking,Record processed successfully but is not an AFB customer,No - Business Logic,None - Expected behavior for non-business customers,2025-11-21T20:35:01.579Z,Passenger Record 1101,"Record from 10/14/2025, 6:24:39.836 PM"
October,IJMYFN,N/A,0272391655259,2024-12-22T00:00:00.0000000Z,2-AFB Customer Check,Non-AFB Customer (Expected Skip),No AFB CUSTOMER remark found in booking,Record processed successfully but is not an AFB customer,No - Business Logic,None - Expected behavior for non-business customers,2025-11-21T20:35:01.579Z,Passenger Record 1120,"Record from 10/14/2025, 5:11:07.140 PM"
October,SANZZK,N/A,0272116673888,2025-09-07T00:00:00.0000000Z,2-AFB Customer Check,Non-AFB Customer (Expected Skip),No AFB CUSTOMER remark found in booking,Record processed successfully but is not an AFB customer,No - Business Logic,None - Expected behavior for non-business customers,2025-11-21T20:35:01.579Z,Passenger Record 1121,"Record from 10/14/2025, 5:12:28.815 PM"
October,UWQAKG,N/A,1737337455048,2025-10-01T00:00:00.0000000Z,2-AFB Customer Check,Non-AFB Customer (Expected Skip),No AFB CUSTOMER remark found in booking,Record processed successfully but is not an AFB customer,No - Business Logic,None - Expected behavior for non-business customers,2025-11-21T20:35:01.579Z,Passenger Record 1122,"Record from 10/14/2025, 4:55:55.770 PM"
October,QGSDIL,N/A,0272112818735,2025-07-28T00:00:00.0000000Z,2-AFB Customer Check,Non-AFB Customer (Expected Skip),No AFB CUSTOMER remark found in booking,Record processed successfully but is not an AFB customer,No - Business Logic,None - Expected behavior for non-business customers,2025-11-21T20:35:01.579Z,Passenger Record 1124,"Record from 10/6/2025, 9:42:34.671 PM"
October,KKBXWW,N/A,0272117154090,2025-09-12T00:00:00.0000000Z,2-AFB Customer Check,Non-AFB Customer (Expected Skip),No AFB CUSTOMER remark found in booking,Record processed successfully but is not an AFB customer,No - Business Logic,None - Expected behavior for non-business customers,2025-11-21T20:35:01.579Z,Passenger Record 1127,"Record from 10/6/2025, 8:18:59.801 PM"
October,GBONZW,N/A,0272118721628,2025-09-29T00:00:00.0000000Z,2-AFB Customer Check,Non-AFB Customer (Expected Skip),No AFB CUSTOMER remark found in booking,Record processed successfully but is not an AFB customer,No - Business Logic,None - Expected behavior for non-business customers,2025-11-21T20:35:01.579Z,Passenger Record 1130,"Record from 10/6/2025, 7:36:20.261 PM"
October,HHGYFD,N/A,0277334234466,2025-09-18T00:00:00.0000000Z,2-AFB Customer Check,Non-AFB Customer (Expected Skip),No AFB CUSTOMER remark found in booking,Record processed successfully but is not an AFB customer,No - Business Logic,None - Expected behavior for non-business customers,2025-11-21T20:35:01.579Z,Passenger Record 1133,"Record from 10/6/2025, 9:25:13.927 PM"
October,GFWNOB,N/A,0272118061398,2025-09-22T00:00:00.0000000Z,2-AFB Customer Check,Non-AFB Customer (Expected Skip),No AFB CUSTOMER remark found in booking,Record processed successfully but is not an AFB customer,No - Business Logic,None - Expected behavior for non-business customers,2025-11-21T20:35:01.579Z,Passenger Record 1135,"Record from 10/26/2025, 9:36:39.194 PM"
October,LGQXNX,N/A,0272118648590,2025-09-28T00:00:00.0000000Z,2-AFB Customer Check,Non-AFB Customer (Expected Skip),No AFB CUSTOMER remark found in booking,Record processed successfully but is not an AFB customer,No - Business Logic,None - Expected behavior for non-business customers,2025-11-21T20:35:01.579Z,Passenger Record 1141,"Record from 10/26/2025, 9:46:16.512 PM"
October,OKCIPY,N/A,0272121323416,2025-10-24T00:00:00.0000000Z,2-AFB Customer Check,Non-AFB Customer (Expected Skip),No AFB CUSTOMER remark found in booking,Record processed successfully but is not an AFB customer,No - Business Logic,None - Expected behavior for non-business customers,2025-11-21T20:35:01.579Z,Passenger Record 1142,"Record from 10/26/2025, 7:37:43.681 PM"
October,OLEHYX,N/A,0272118240399,2025-09-24T00:00:00.0000000Z,2-AFB Customer Check,Non-AFB Customer (Expected Skip),No AFB CUSTOMER remark found in booking,Record processed successfully but is not an AFB customer,No - Business Logic,None - Expected behavior for non-business customers,2025-11-21T20:35:01.579Z,Passenger Record 1143,"Record from 10/26/2025, 7:47:01.588 PM"
October,LLXSII,N/A,0277295120421,2025-06-06T00:00:00.0000000Z,2-AFB Customer Check,Non-AFB Customer (Expected Skip),No AFB CUSTOMER remark found in booking,Record processed successfully but is not an AFB customer,No - Business Logic,None - Expected behavior for non-business customers,2025-11-21T20:35:01.579Z,Passenger Record 1144,"Record from 10/26/2025, 8:02:14.139 PM"
October,OSDTMG,N/A,0272118911747,2025-09-30T00:00:00.0000000Z,2-AFB Customer Check,Non-AFB Customer (Expected Skip),No AFB CUSTOMER remark found in booking,Record processed successfully but is not an AFB customer,No - Business Logic,None - Expected behavior for non-business customers,2025-11-21T20:35:01.579Z,Passenger Record 1145,"Record from 10/26/2025, 8:16:06.485 PM"
October,HKHQGA,N/A,0277341244881,2025-10-24T00:00:00.0000000Z,2-AFB Customer Check,Non-AFB Customer (Expected Skip),No AFB CUSTOMER remark found in booking,Record processed successfully but is not an AFB customer,No - Business Logic,None - Expected behavior for non-business customers,2025-11-21T20:35:01.579Z,Passenger Record 1146,"Record from 10/26/2025, 8:18:53.953 PM"
October,GALMUQ,N/A,0272112591974,2025-07-26T00:00:00.0000000Z,2-AFB Customer Check,Non-AFB Customer (Expected Skip),No AFB CUSTOMER remark found in booking,Record processed successfully but is not an AFB customer,No - Business Logic,None - Expected behavior for non-business customers,2025-11-21T20:35:01.579Z,Passenger Record 1147,"Record from 10/26/2025, 8:20:15.118 PM"
October,NOYURH,N/A,0272114289340,2025-08-12T00:00:00.0000000Z,2-AFB Customer Check,Non-AFB Customer (Expected Skip),No AFB CUSTOMER remark found in booking,Record processed successfully but is not an AFB customer,No - Business Logic,None - Expected behavior for non-business customers,2025-11-21T20:35:01.579Z,Passenger Record 1159,"Record from 10/17/2025, 3:12:37.329 AM"
October,HOVWZI,N/A,0272115864377,2025-08-29T00:00:00.0000000Z,2-AFB Customer Check,Non-AFB Customer (Expected Skip),No AFB CUSTOMER remark found in booking,Record processed successfully but is not an AFB customer,No - Business Logic,None - Expected behavior for non-business customers,2025-11-21T20:35:01.579Z,Passenger Record 1160,"Record from 10/16/2025, 11:57:46.212 PM"
October,GAAPWL,N/A,0277340818101,2025-10-15T00:00:00.0000000Z,2-AFB Customer Check,Non-AFB Customer (Expected Skip),No AFB CUSTOMER remark found in booking,Record processed successfully but is not an AFB customer,No - Business Logic,None - Expected behavior for non-business customers,2025-11-21T20:35:01.579Z,Passenger Record 1161,"Record from 10/16/2025, 11:58:16.184 PM"
October,UITZUD,N/A,N/A,10/16/2025 12:00:00 AM,2-AFB Customer Check,Non-AFB Customer (Expected Skip),No AFB CUSTOMER remark found in booking,Record processed successfully but is not an AFB customer,No - Business Logic,None - Expected behavior for non-business customers,2025-11-21T20:35:01.579Z,Passenger Record 1164,"Record from 10/18/2025, 4:21:33.762 AM"
October,CNFEWW,N/A,0272116042714,2025-09-01T09:44:35.0000000Z,2-AFB Customer Check,Non-AFB Customer (Expected Skip),No AFB CUSTOMER remark found in booking,Record processed successfully but is not an AFB customer,No - Business Logic,None - Expected behavior for non-business customers,2025-11-21T20:35:01.579Z,Passenger Record 1167,"Record from 10/18/2025, 4:26:07.288 AM"
October,KKUYIX,N/A,0272114419853,2025-08-13T18:57:54.0000000Z,2-AFB Customer Check,Non-AFB Customer (Expected Skip),No AFB CUSTOMER remark found in booking,Record processed successfully but is not an AFB customer,No - Business Logic,None - Expected behavior for non-business customers,2025-11-21T20:35:01.579Z,Passenger Record 1180,"Record from 10/9/2025, 6:13:19.984 PM"
October,JHUEQD,N/A,0277333072709,2025-09-15T02:01:51.0000000Z,2-AFB Customer Check,Non-AFB Customer (Expected Skip),No AFB CUSTOMER remark found in booking,Record processed successfully but is not an AFB customer,No - Business Logic,None - Expected behavior for non-business customers,2025-11-21T20:35:01.579Z,Passenger Record 1189,"Record from 10/10/2025, 4:18:35.464 AM"
October,NRLAKJ,N/A,0272116148914,2025-09-02T00:00:00.0000000Z,2-AFB Customer Check,Non-AFB Customer (Expected Skip),No AFB CUSTOMER remark found in booking,Record processed successfully but is not an AFB customer,No - Business Logic,None - Expected behavior for non-business customers,2025-11-21T20:35:01.579Z,Passenger Record 1190,"Record from 10/9/2025, 4:13:00.317 AM"
October,INHLXZ,N/A,0272105556532,2025-05-14T00:00:00.0000000Z,2-AFB Customer Check,Non-AFB Customer (Expected Skip),No AFB CUSTOMER remark found in booking,Record processed successfully but is not an AFB customer,No - Business Logic,None - Expected behavior for non-business customers,2025-11-21T20:35:01.579Z,Passenger Record 1193,"Record from 10/8/2025, 10:15:32.588 AM"
October,CVTVDY,N/A,0272116303193,2025-09-03T19:48:42.0000000Z,2-AFB Customer Check,Non-AFB Customer (Expected Skip),No AFB CUSTOMER remark found in booking,Record processed successfully but is not an AFB customer,No - Business Logic,None - Expected behavior for non-business customers,2025-11-21T20:35:01.579Z,Passenger Record 1203,"Record from 10/10/2025, 4:34:52.981 AM"
October,GCRBES,N/A,0277290393810,2025-05-06T00:00:00.0000000Z,2-AFB Customer Check,Non-AFB Customer (Expected Skip),No AFB CUSTOMER remark found in booking,Record processed successfully but is not an AFB customer,No - Business Logic,None - Expected behavior for non-business customers,2025-11-21T20:35:01.579Z,Passenger Record 1204,"Record from 10/9/2025, 3:38:18.419 AM"
October,FNRWZW,N/A,0272120482183,2025-10-16T00:00:00.0000000Z,2-AFB Customer Check,Non-AFB Customer (Expected Skip),No AFB CUSTOMER remark found in booking,Record processed successfully but is not an AFB customer,No - Business Logic,None - Expected behavior for non-business customers,2025-11-21T20:35:01.579Z,Passenger Record 1209,"Record from 10/17/2025, 6:10:08.584 AM"
October,OHZKUF,N/A,0272112965303,2025-07-30T00:00:00.0000000Z,2-AFB Customer Check,Non-AFB Customer (Expected Skip),No AFB CUSTOMER remark found in booking,Record processed successfully but is not an AFB customer,No - Business Logic,None - Expected behavior for non-business customers,2025-11-21T20:35:01.579Z,Passenger Record 1211,"Record from 10/17/2025, 7:06:54.059 AM"
October,AGXYSG,N/A,0272397729498,2025-02-24T00:00:00.0000000Z,2-AFB Customer Check,Non-AFB Customer (Expected Skip),No AFB CUSTOMER remark found in booking,Record processed successfully but is not an AFB customer,No - Business Logic,None - Expected behavior for non-business customers,2025-11-21T20:35:01.579Z,Passenger Record 1212,"Record from 10/17/2025, 12:13:26.934 PM"
October,CKUWOC,N/A,0272398665574,2025-03-05T00:00:00.0000000Z,2-AFB Customer Check,Non-AFB Customer (Expected Skip),No AFB CUSTOMER remark found in booking,Record processed successfully but is not an AFB customer,No - Business Logic,None - Expected behavior for non-business customers,2025-11-21T20:35:01.579Z,Passenger Record 1222,"Record from 10/17/2025, 5:25:53.455 AM"
October,WXUWOI,N/A,0272116401687,2025-09-04T00:00:00.0000000Z,2-AFB Customer Check,Non-AFB Customer (Expected Skip),No AFB CUSTOMER remark found in booking,Record processed successfully but is not an AFB customer,No - Business Logic,None - Expected behavior for non-business customers,2025-11-21T20:35:01.579Z,Passenger Record 1228,"Record from 10/17/2025, 5:28:05.165 AM"
October,KHMUAJ,N/A,0272118980324,2025-10-01T00:00:00.0000000Z,2-AFB Customer Check,Non-AFB Customer (Expected Skip),No AFB CUSTOMER remark found in booking,Record processed successfully but is not an AFB customer,No - Business Logic,None - Expected behavior for non-business customers,2025-11-21T20:35:01.579Z,Passenger Record 1257,"Record from 10/21/2025, 6:18:11.360 PM"
October,LFXRMM,N/A,0272117761496,2025-09-18T00:00:00.0000000Z,2-AFB Customer Check,Non-AFB Customer (Expected Skip),No AFB CUSTOMER remark found in booking,Record processed successfully but is not an AFB customer,No - Business Logic,None - Expected behavior for non-business customers,2025-11-21T20:35:01.579Z,Passenger Record 1269,"Record from 10/21/2025, 6:22:20.057 PM"
October,WAEKZF,N/A,0272119525070,2025-10-06T00:00:00.0000000Z,2-AFB Customer Check,Non-AFB Customer (Expected Skip),No AFB CUSTOMER remark found in booking,Record processed successfully but is not an AFB customer,No - Business Logic,None - Expected behavior for non-business customers,2025-11-21T20:35:01.579Z,Passenger Record 1294,"Record from 10/14/2025, 12:55:00.889 PM"
October,UHUZGB,N/A,0272110957661,2025-07-09T00:00:00.0000000Z,2-AFB Customer Check,Non-AFB Customer (Expected Skip),No AFB CUSTOMER remark found in booking,Record processed successfully but is not an AFB customer,No - Business Logic,None - Expected behavior for non-business customers,2025-11-21T20:35:01.579Z,Passenger Record 1295,"Record from 10/14/2025, 12:45:01.400 PM"
October,OVKJDV,N/A,0272118040901,2025-09-22T00:00:00.0000000Z,2-AFB Customer Check,Non-AFB Customer (Expected Skip),No AFB CUSTOMER remark found in booking,Record processed successfully but is not an AFB customer,No - Business Logic,None - Expected behavior for non-business customers,2025-11-21T20:35:01.579Z,Passenger Record 1296,"Record from 10/14/2025, 2:00:15.951 PM"
October,OMGOUZ,N/A,0272107371893,2025-06-02T00:00:00.0000000Z,2-AFB Customer Check,Non-AFB Customer (Expected Skip),No AFB CUSTOMER remark found in booking,Record processed successfully but is not an AFB customer,No - Business Logic,None - Expected behavior for non-business customers,2025-11-21T20:35:01.579Z,Passenger Record 1297,"Record from 10/14/2025, 2:16:40.172 PM"
October,YAKEKR,N/A,0272115185957,2025-08-21T00:00:00.0000000Z,2-AFB Customer Check,Non-AFB Customer (Expected Skip),No AFB CUSTOMER remark found in booking,Record processed successfully but is not an AFB customer,No - Business Logic,None - Expected behavior for non-business customers,2025-11-21T20:35:01.579Z,Passenger Record 1298,"Record from 10/14/2025, 10:57:07.765 AM"
October,HJUAUK,N/A,0012274593170,2025-09-13T00:00:00.0000000Z,2-AFB Customer Check,Non-AFB Customer (Expected Skip),No AFB CUSTOMER remark found in booking,Record processed successfully but is not an AFB customer,No - Business Logic,None - Expected behavior for non-business customers,2025-11-21T20:35:01.579Z,Passenger Record 1299,"Record from 10/14/2025, 7:17:42.730 AM"
October,FLWJIK,N/A,0272104478560,2025-05-04T00:00:00.0000000Z,2-AFB Customer Check,Non-AFB Customer (Expected Skip),No AFB CUSTOMER remark found in booking,Record processed successfully but is not an AFB customer,No - Business Logic,None - Expected behavior for non-business customers,2025-11-21T20:35:01.579Z,Passenger Record 1301,"Record from 10/14/2025, 7:41:17.516 AM"
October,LWZGHS,N/A,0272119911219,2025-10-10T00:00:00.0000000Z,2-AFB Customer Check,Non-AFB Customer (Expected Skip),No AFB CUSTOMER remark found in booking,Record processed successfully but is not an AFB customer,No - Business Logic,None - Expected behavior for non-business customers,2025-11-21T20:35:01.579Z,Passenger Record 1307,"Record from 10/26/2025, 3:53:16.564 AM"
October,KLDHIQ,N/A,0272118669747,2025-09-28T00:00:00.0000000Z,2-AFB Customer Check,Non-AFB Customer (Expected Skip),No AFB CUSTOMER remark found in booking,Record processed successfully but is not an AFB customer,No - Business Logic,None - Expected behavior for non-business customers,2025-11-21T20:35:01.579Z,Passenger Record 1308,"Record from 10/25/2025, 3:16:16.412 PM"
October,LONZWH,N/A,0272116894046,2025-09-09T00:00:00.0000000Z,2-AFB Customer Check,Non-AFB Customer (Expected Skip),No AFB CUSTOMER remark found in booking,Record processed successfully but is not an AFB customer,No - Business Logic,None - Expected behavior for non-business customers,2025-11-21T20:35:01.579Z,Passenger Record 1311,"Record from 10/26/2025, 3:50:05.772 AM"
October,AFODYF,N/A,1737320054767,2025-10-12T00:00:00.0000000Z,2-AFB Customer Check,Non-AFB Customer (Expected Skip),No AFB CUSTOMER remark found in booking,Record processed successfully but is not an AFB customer,No - Business Logic,None - Expected behavior for non-business customers,2025-11-21T20:35:01.579Z,Passenger Record 1312,"Record from 10/26/2025, 4:06:18.966 AM"
October,YEZDUT,N/A,0272119013884,2025-10-01T00:00:00.0000000Z,2-AFB Customer Check,Non-AFB Customer (Expected Skip),No AFB CUSTOMER remark found in booking,Record processed successfully but is not an AFB customer,No - Business Logic,None - Expected behavior for non-business customers,2025-11-21T20:35:01.579Z,Passenger Record 1316,"Record from 10/25/2025, 3:11:22.051 PM"
October,AWPHZP,N/A,0272121051089,2025-10-22T00:00:00.0000000Z,2-AFB Customer Check,Non-AFB Customer (Expected Skip),No AFB CUSTOMER remark found in booking,Record processed successfully but is not an AFB customer,No - Business Logic,None - Expected behavior for non-business customers,2025-11-21T20:35:01.579Z,Passenger Record 1317,"Record from 10/25/2025, 1:15:38.542 PM"
October,AIMHGK,N/A,0272116688881,2025-09-07T00:00:00.0000000Z,2-AFB Customer Check,Non-AFB Customer (Expected Skip),No AFB CUSTOMER remark found in booking,Record processed successfully but is not an AFB customer,No - Business Logic,None - Expected behavior for non-business customers,2025-11-21T20:35:01.579Z,Passenger Record 1324,"Record from 10/10/2025, 4:38:27.447 PM"
October,EEHJKV,N/A,0272118400254,2025-09-25T00:00:00.0000000Z,2-AFB Customer Check,Non-AFB Customer (Expected Skip),No AFB CUSTOMER remark found in booking,Record processed successfully but is not an AFB customer,No - Business Logic,None - Expected behavior for non-business customers,2025-11-21T20:35:01.579Z,Passenger Record 1325,"Record from 10/10/2025, 4:40:01.158 PM"
October,QHLLRR,N/A,0272119804285,2025-10-09T00:00:00.0000000Z,2-AFB Customer Check,Non-AFB Customer (Expected Skip),No AFB CUSTOMER remark found in booking,Record processed successfully but is not an AFB customer,No - Business Logic,None - Expected behavior for non-business customers,2025-11-21T20:35:01.579Z,Passenger Record 1326,"Record from 10/10/2025, 8:39:09.112 AM"
October,JEBSHG,N/A,0272119674195,2025-10-08T00:00:00.0000000Z,2-AFB Customer Check,Non-AFB Customer (Expected Skip),No AFB CUSTOMER remark found in booking,Record processed successfully but is not an AFB customer,No - Business Logic,None - Expected behavior for non-business customers,2025-11-21T20:35:01.579Z,Passenger Record 1328,"Record from 10/10/2025, 12:22:24.069 AM"
October,SVWKEK,N/A,0272105005078,2025-05-08T00:00:00.0000000Z,2-AFB Customer Check,Non-AFB Customer (Expected Skip),No AFB CUSTOMER remark found in booking,Record processed successfully but is not an AFB customer,No - Business Logic,None - Expected behavior for non-business customers,2025-11-21T20:35:01.579Z,Passenger Record 1329,"Record from 10/10/2025, 12:25:14.966 AM"
October,MBQSCF,N/A,0272117578783,2025-09-17T00:00:00.0000000Z,2-AFB Customer Check,Non-AFB Customer (Expected Skip),No AFB CUSTOMER remark found in booking,Record processed successfully but is not an AFB customer,No - Business Logic,None - Expected behavior for non-business customers,2025-11-21T20:35:01.579Z,Passenger Record 1334,"Record from 10/16/2025, 4:10:23.055 AM"
October,CZZEST,N/A,0272110619429,2025-07-06T00:00:00.0000000Z,2-AFB Customer Check,Non-AFB Customer (Expected Skip),No AFB CUSTOMER remark found in booking,Record processed successfully but is not an AFB customer,No - Business Logic,None - Expected behavior for non-business customers,2025-11-21T20:35:01.579Z,Passenger Record 1335,"Record from 10/16/2025, 3:24:55.235 AM"
October,FVIYJD,N/A,0272120372761,2025-10-15T00:00:00.0000000Z,2-AFB Customer Check,Non-AFB Customer (Expected Skip),No AFB CUSTOMER remark found in booking,Record processed successfully but is not an AFB customer,No - Business Logic,None - Expected behavior for non-business customers,2025-11-21T20:35:01.579Z,Passenger Record 1336,"Record from 10/16/2025, 3:39:09.088 AM"
October,EIHOGZ,N/A,0272119142566,2025-10-02T00:00:00.0000000Z,2-AFB Customer Check,Non-AFB Customer (Expected Skip),No AFB CUSTOMER remark found in booking,Record processed successfully but is not an AFB customer,No - Business Logic,None - Expected behavior for non-business customers,2025-11-21T20:35:01.579Z,Passenger Record 1345,"Record from 10/15/2025, 5:57:18.944 PM"
October,ATTMXS,N/A,0277374908154,2025-09-05T00:00:00.0000000Z,2-AFB Customer Check,Non-AFB Customer (Expected Skip),No AFB CUSTOMER remark found in booking,Record processed successfully but is not an AFB customer,No - Business Logic,None - Expected behavior for non-business customers,2025-11-21T20:35:01.579Z,Passenger Record 1361,"Record from 10/15/2025, 4:27:51.386 PM"
October,MMMZOZ,N/A,0272114326382,2025-08-12T00:00:00.0000000Z,2-AFB Customer Check,Non-AFB Customer (Expected Skip),No AFB CUSTOMER remark found in booking,Record processed successfully but is not an AFB customer,No - Business Logic,None - Expected behavior for non-business customers,2025-11-21T20:35:01.579Z,Passenger Record 1362,"Record from 10/15/2025, 3:57:26.043 PM"
October,LTWQHC,N/A,0277339269868,2025-10-09T00:00:00.0000000Z,2-AFB Customer Check,Non-AFB Customer (Expected Skip),No AFB CUSTOMER remark found in booking,Record processed successfully but is not an AFB customer,No - Business Logic,None - Expected behavior for non-business customers,2025-11-21T20:35:01.579Z,Passenger Record 1368,"Record from 10/22/2025, 12:42:12.192 AM"
October,LGCUEZ,N/A,0272119559069,2025-10-07T00:00:00.0000000Z,2-AFB Customer Check,Non-AFB Customer (Expected Skip),No AFB CUSTOMER remark found in booking,Record processed successfully but is not an AFB customer,No - Business Logic,None - Expected behavior for non-business customers,2025-11-21T20:35:01.579Z,Passenger Record 1370,"Record from 10/21/2025, 11:31:24.452 PM"
October,SFSIOH,N/A,0277339806095,2025-10-11T00:00:00.0000000Z,2-AFB Customer Check,Non-AFB Customer (Expected Skip),No AFB CUSTOMER remark found in booking,Record processed successfully but is not an AFB customer,No - Business Logic,None - Expected behavior for non-business customers,2025-11-21T20:35:01.579Z,Passenger Record 1373,"Record from 10/21/2025, 11:38:25.378 PM"
October,NKHJJG,N/A,0272120866249,2025-10-20T00:00:00.0000000Z,2-AFB Customer Check,Non-AFB Customer (Expected Skip),No AFB CUSTOMER remark found in booking,Record processed successfully but is not an AFB customer,No - Business Logic,None - Expected behavior for non-business customers,2025-11-21T20:35:01.579Z,Passenger Record 1376,"Record from 10/21/2025, 11:27:59.498 PM"
October,SGNTCA,N/A,0272105255769,2025-05-11T00:00:00.0000000Z,2-AFB Customer Check,Non-AFB Customer (Expected Skip),No AFB CUSTOMER remark found in booking,Record processed successfully but is not an AFB customer,No - Business Logic,None - Expected behavior for non-business customers,2025-11-21T20:35:01.579Z,Passenger Record 1379,"Record from 10/21/2025, 10:24:17.293 PM"
October,EMUUMG,N/A,0272119522570,2025-10-06T00:00:00.0000000Z,2-AFB Customer Check,Non-AFB Customer (Expected Skip),No AFB CUSTOMER remark found in booking,Record processed successfully but is not an AFB customer,No - Business Logic,None - Expected behavior for non-business customers,2025-11-21T20:35:01.579Z,Passenger Record 1382,"Record from 10/21/2025, 10:10:30.012 PM"
October,QZNBDI,N/A,0272119764011,2025-10-09T00:00:00.0000000Z,2-AFB Customer Check,Non-AFB Customer (Expected Skip),No AFB CUSTOMER remark found in booking,Record processed successfully but is not an AFB customer,No - Business Logic,None - Expected behavior for non-business customers,2025-11-21T20:35:01.579Z,Passenger Record 1383,"Record from 10/21/2025, 10:34:42.883 PM"
October,JRBIYX,N/A,0272118201428,2025-09-23T00:00:00.0000000Z,2-AFB Customer Check,Non-AFB Customer (Expected Skip),No AFB CUSTOMER remark found in booking,Record processed successfully but is not an AFB customer,No - Business Logic,None - Expected behavior for non-business customers,2025-11-21T20:35:01.579Z,Passenger Record 1384,"Record from 10/22/2025, 12:15:49.669 AM"
October,KTASZP,N/A,0272115117085,2025-08-20T00:00:00.0000000Z,2-AFB Customer Check,Non-AFB Customer (Expected Skip),No AFB CUSTOMER remark found in booking,Record processed successfully but is not an AFB customer,No - Business Logic,None - Expected behavior for non-business customers,2025-11-21T20:35:01.579Z,Passenger Record 1385,"Record from 10/21/2025, 10:19:01.684 PM"
October,WCFEQR,N/A,0272120041112,2025-10-11T00:00:00.0000000Z,2-AFB Customer Check,Non-AFB Customer (Expected Skip),No AFB CUSTOMER remark found in booking,Record processed successfully but is not an AFB customer,No - Business Logic,None - Expected behavior for non-business customers,2025-11-21T20:35:01.579Z,Passenger Record 1402,"Record from 10/22/2025, 8:03:49.211 PM"
October,QTJFXY,N/A,0272119349250,2025-10-05T00:00:00.0000000Z,2-AFB Customer Check,Non-AFB Customer (Expected Skip),No AFB CUSTOMER remark found in booking,Record processed successfully but is not an AFB customer,No - Business Logic,None - Expected behavior for non-business customers,2025-11-21T20:35:01.579Z,Passenger Record 1405,"Record from 10/22/2025, 7:58:06.835 PM"
October,OKJMRH,N/A,0272117486216,2025-09-16T00:00:00.0000000Z,2-AFB Customer Check,Non-AFB Customer (Expected Skip),No AFB CUSTOMER remark found in booking,Record processed successfully but is not an AFB customer,No - Business Logic,None - Expected behavior for non-business customers,2025-11-21T20:35:01.579Z,Passenger Record 1419,"Record from 10/22/2025, 9:27:05.419 PM"
October,DEIDMU,N/A,0272121037635,2025-10-22T00:00:00.0000000Z,2-AFB Customer Check,Non-AFB Customer (Expected Skip),No AFB CUSTOMER remark found in booking,Record processed successfully but is not an AFB customer,No - Business Logic,None - Expected behavior for non-business customers,2025-11-21T20:35:01.579Z,Passenger Record 1420,"Record from 10/22/2025, 7:09:32.595 PM"
October,IIDSQN,N/A,0272119904813,2025-10-10T00:00:00.0000000Z,2-AFB Customer Check,Non-AFB Customer (Expected Skip),No AFB CUSTOMER remark found in booking,Record processed successfully but is not an AFB customer,No - Business Logic,None - Expected behavior for non-business customers,2025-11-21T20:35:01.579Z,Passenger Record 1432,"Record from 10/22/2025, 7:08:06.879 PM"
October,HIGYXY,N/A,0272118613742,2025-09-28T00:00:00.0000000Z,2-AFB Customer Check,Non-AFB Customer (Expected Skip),No AFB CUSTOMER remark found in booking,Record processed successfully but is not an AFB customer,No - Business Logic,None - Expected behavior for non-business customers,2025-11-21T20:35:01.579Z,Passenger Record 1437,"Record from 10/22/2025, 8:50:40.751 PM"
October,GBVJDT,N/A,0272110716046,2025-07-07T00:00:00.0000000Z,2-AFB Customer Check,Non-AFB Customer (Expected Skip),No AFB CUSTOMER remark found in booking,Record processed successfully but is not an AFB customer,No - Business Logic,None - Expected behavior for non-business customers,2025-11-21T20:35:01.579Z,Passenger Record 1438,"Record from 10/22/2025, 8:52:01.539 PM"
October,OQROOR,N/A,0272118845903,2025-09-30T00:00:00.0000000Z,2-AFB Customer Check,Non-AFB Customer (Expected Skip),No AFB CUSTOMER remark found in booking,Record processed successfully but is not an AFB customer,No - Business Logic,None - Expected behavior for non-business customers,2025-11-21T20:35:01.579Z,Passenger Record 1441,"Record from 10/22/2025, 9:41:27.086 PM"
October,OWLFUS,N/A,0272117117614,2025-09-11T00:00:00.0000000Z,2-AFB Customer Check,Non-AFB Customer (Expected Skip),No AFB CUSTOMER remark found in booking,Record processed successfully but is not an AFB customer,No - Business Logic,None - Expected behavior for non-business customers,2025-11-21T20:35:01.579Z,Passenger Record 1444,"Record from 10/9/2025, 7:54:14.380 PM"
October,CULUEE,N/A,0272111798891,2025-07-17T00:00:00.0000000Z,2-AFB Customer Check,Non-AFB Customer (Expected Skip),No AFB CUSTOMER remark found in booking,Record processed successfully but is not an AFB customer,No - Business Logic,None - Expected behavior for non-business customers,2025-11-21T20:35:01.579Z,Passenger Record 1445,"Record from 10/9/2025, 5:41:49.158 PM"
October,NLFKUS,N/A,0272116914686,2025-09-10T00:00:00.0000000Z,2-AFB Customer Check,Non-AFB Customer (Expected Skip),No AFB CUSTOMER remark found in booking,Record processed successfully but is not an AFB customer,No - Business Logic,None - Expected behavior for non-business customers,2025-11-21T20:35:01.579Z,Passenger Record 1448,"Record from 10/9/2025, 7:26:41.419 PM"
October,SWMOUX,N/A,0277340416774,2025-10-14T00:00:00.0000000Z,2-AFB Customer Check,Non-AFB Customer (Expected Skip),No AFB CUSTOMER remark found in booking,Record processed successfully but is not an AFB customer,No - Business Logic,None - Expected behavior for non-business customers,2025-11-21T20:35:01.579Z,Passenger Record 1469,"Record from 10/16/2025, 4:57:15.563 AM"
October,KOVRWQ,N/A,0272114418034,2025-08-13T00:00:00.0000000Z,2-AFB Customer Check,Non-AFB Customer (Expected Skip),No AFB CUSTOMER remark found in booking,Record processed successfully but is not an AFB customer,No - Business Logic,None - Expected behavior for non-business customers,2025-11-21T20:35:01.579Z,Passenger Record 1475,"Record from 10/16/2025, 4:00:50.076 AM"
October,JTKQAP,N/A,0272117244798,2025-09-13T00:00:00.0000000Z,2-AFB Customer Check,Non-AFB Customer (Expected Skip),No AFB CUSTOMER remark found in booking,Record processed successfully but is not an AFB customer,No - Business Logic,None - Expected behavior for non-business customers,2025-11-21T20:35:01.579Z,Passenger Record 1476,"Record from 10/16/2025, 4:16:26.266 AM"
October,MFPWKF,N/A,0272118106973,2025-09-22T00:00:00.0000000Z,2-AFB Customer Check,Non-AFB Customer (Expected Skip),No AFB CUSTOMER remark found in booking,Record processed successfully but is not an AFB customer,No - Business Logic,None - Expected behavior for non-business customers,2025-11-21T20:35:01.579Z,Passenger Record 1490,"Record from 10/23/2025, 2:01:29.300 AM"
October,MJYHFZ,N/A,0272116456111,2025-09-05T00:00:00.0000000Z,2-AFB Customer Check,Non-AFB Customer (Expected Skip),No AFB CUSTOMER remark found in booking,Record processed successfully but is not an AFB customer,No - Business Logic,None - Expected behavior for non-business customers,2025-11-21T20:35:01.579Z,Passenger Record 1529,"Record from 10/23/2025, 2:30:41.893 AM"
October,ERTBQQ,N/A,0272116366935,2025-09-04T00:00:00.0000000Z,2-AFB Customer Check,Non-AFB Customer (Expected Skip),No AFB CUSTOMER remark found in booking,Record processed successfully but is not an AFB customer,No - Business Logic,None - Expected behavior for non-business customers,2025-11-21T20:35:01.580Z,Passenger Record 1534,"Record from 10/23/2025, 2:39:56.858 AM"
October,LDHVBZ,N/A,0277395501478,2025-10-22T00:00:00.0000000Z,2-AFB Customer Check,Non-AFB Customer (Expected Skip),No AFB CUSTOMER remark found in booking,Record processed successfully but is not an AFB customer,No - Business Logic,None - Expected behavior for non-business customers,2025-11-21T20:35:01.580Z,Passenger Record 1560,"Record from 10/23/2025, 2:49:13.313 AM"
October,YTYIZL,N/A,0272120725402,2025-10-18T00:00:00.0000000Z,2-AFB Customer Check,Non-AFB Customer (Expected Skip),No AFB CUSTOMER remark found in booking,Record processed successfully but is not an AFB customer,No - Business Logic,None - Expected behavior for non-business customers,2025-11-21T20:35:01.580Z,Passenger Record 1570,"Record from 10/23/2025, 12:25:25.872 AM"
October,AVATHE,N/A,1737328905462,2025-09-02T00:00:00.0000000Z,2-AFB Customer Check,Non-AFB Customer (Expected Skip),No AFB CUSTOMER remark found in booking,Record processed successfully but is not an AFB customer,No - Business Logic,None - Expected behavior for non-business customers,2025-11-21T20:35:01.580Z,Passenger Record 1599,"Record from 10/23/2025, 5:02:07.669 PM"
October,YHDOVL,N/A,0272119812480,2025-10-09T00:00:00.0000000Z,2-AFB Customer Check,Non-AFB Customer (Expected Skip),No AFB CUSTOMER remark found in booking,Record processed successfully but is not an AFB customer,No - Business Logic,None - Expected behavior for non-business customers,2025-11-21T20:35:01.580Z,Passenger Record 1610,"Record from 10/23/2025, 4:25:59.815 PM"
October,HIPNFQ,N/A,0272118926962,2025-10-01T00:00:00.0000000Z,2-AFB Customer Check,Non-AFB Customer (Expected Skip),No AFB CUSTOMER remark found in booking,Record processed successfully but is not an AFB customer,No - Business Logic,None - Expected behavior for non-business customers,2025-11-21T20:35:01.580Z,Passenger Record 1626,"Record from 10/12/2025, 9:38:50.562 PM"
October,FKSDEU,N/A,0272119210486,2025-10-03T00:00:00.0000000Z,2-AFB Customer Check,Non-AFB Customer (Expected Skip),No AFB CUSTOMER remark found in booking,Record processed successfully but is not an AFB customer,No - Business Logic,None - Expected behavior for non-business customers,2025-11-21T20:35:01.580Z,Passenger Record 1627,"Record from 10/13/2025, 1:34:19.329 AM"
October,WSCOYS,N/A,0272102843883,2025-04-16T00:00:00.0000000Z,2-AFB Customer Check,Non-AFB Customer (Expected Skip),No AFB CUSTOMER remark found in booking,Record processed successfully but is not an AFB customer,No - Business Logic,None - Expected behavior for non-business customers,2025-11-21T20:35:01.580Z,Passenger Record 1628,"Record from 10/2/2025, 8:39:19.925 AM"
October,GNBBDO,N/A,0272115204237,2025-08-21T00:00:00.0000000Z,2-AFB Customer Check,Non-AFB Customer (Expected Skip),No AFB CUSTOMER remark found in booking,Record processed successfully but is not an AFB customer,No - Business Logic,None - Expected behavior for non-business customers,2025-11-21T20:35:01.580Z,Passenger Record 1629,"Record from 10/2/2025, 6:25:35.788 AM"
October,WHBFWQ,N/A,0272103586611,2025-04-24T00:00:00.0000000Z,2-AFB Customer Check,Non-AFB Customer (Expected Skip),No AFB CUSTOMER remark found in booking,Record processed successfully but is not an AFB customer,No - Business Logic,None - Expected behavior for non-business customers,2025-11-21T20:35:01.580Z,Passenger Record 1630,"Record from 10/2/2025, 8:09:59.817 AM"
October,KPKDFY,N/A,0272105774906,2025-05-16T00:00:00.0000000Z,2-AFB Customer Check,Non-AFB Customer (Expected Skip),No AFB CUSTOMER remark found in booking,Record processed successfully but is not an AFB customer,No - Business Logic,None - Expected behavior for non-business customers,2025-11-21T20:35:01.580Z,Passenger Record 1636,"Record from 10/2/2025, 8:25:22.747 AM"
October,JXDMDZ,N/A,0272111347351,2025-07-13T00:00:00.0000000Z,2-AFB Customer Check,Non-AFB Customer (Expected Skip),No AFB CUSTOMER remark found in booking,Record processed successfully but is not an AFB customer,No - Business Logic,None - Expected behavior for non-business customers,2025-11-21T20:35:01.580Z,Passenger Record 1640,"Record from 10/2/2025, 6:32:50.234 AM"
October,LUJBSS,N/A,0272115254436,2025-08-22T00:00:00.0000000Z,2-AFB Customer Check,Non-AFB Customer (Expected Skip),No AFB CUSTOMER remark found in booking,Record processed successfully but is not an AFB customer,No - Business Logic,None - Expected behavior for non-business customers,2025-11-21T20:35:01.580Z,Passenger Record 1651,"Record from 10/2/2025, 2:24:01.263 PM"
October,NHSECY,N/A,0272117298303,2025-09-14T00:00:00.0000000Z,2-AFB Customer Check,Non-AFB Customer (Expected Skip),No AFB CUSTOMER remark found in booking,Record processed successfully but is not an AFB customer,No - Business Logic,None - Expected behavior for non-business customers,2025-11-21T20:35:01.580Z,Passenger Record 1652,"Record from 10/2/2025, 1:55:07.160 PM"
October,WQXKSH,N/A,0272115027523,2025-08-20T00:00:00.0000000Z,2-AFB Customer Check,Non-AFB Customer (Expected Skip),No AFB CUSTOMER remark found in booking,Record processed successfully but is not an AFB customer,No - Business Logic,None - Expected behavior for non-business customers,2025-11-21T20:35:01.580Z,Passenger Record 1653,"Record from 10/2/2025, 4:50:33.524 AM"
October,ONHMRQ,N/A,0272116613007,2025-09-06T00:00:00.0000000Z,2-AFB Customer Check,Non-AFB Customer (Expected Skip),No AFB CUSTOMER remark found in booking,Record processed successfully but is not an AFB customer,No - Business Logic,None - Expected behavior for non-business customers,2025-11-21T20:35:01.580Z,Passenger Record 1654,"Record from 10/2/2025, 4:51:23.333 AM"
October,JLBCBF,N/A,0272113517749,2025-08-04T00:00:00.0000000Z,2-AFB Customer Check,Non-AFB Customer (Expected Skip),No AFB CUSTOMER remark found in booking,Record processed successfully but is not an AFB customer,No - Business Logic,None - Expected behavior for non-business customers,2025-11-21T20:35:01.580Z,Passenger Record 1655,"Record from 10/2/2025, 5:04:24.566 AM"
October,COZQGG,N/A,0272115767829,2025-08-28T00:00:00.0000000Z,2-AFB Customer Check,Non-AFB Customer (Expected Skip),No AFB CUSTOMER remark found in booking,Record processed successfully but is not an AFB customer,No - Business Logic,None - Expected behavior for non-business customers,2025-11-21T20:35:01.580Z,Passenger Record 1656,"Record from 10/2/2025, 4:52:04.429 AM"
October,AKZLVA,N/A,0272115746159,2025-08-28T00:00:00.0000000Z,2-AFB Customer Check,Non-AFB Customer (Expected Skip),No AFB CUSTOMER remark found in booking,Record processed successfully but is not an AFB customer,No - Business Logic,None - Expected behavior for non-business customers,2025-11-21T20:35:01.580Z,Passenger Record 1663,"Record from 10/3/2025, 3:14:41.593 AM"
October,SYULRX,N/A,0272393805956,2025-01-13T00:00:00.0000000Z,2-AFB Customer Check,Non-AFB Customer (Expected Skip),No AFB CUSTOMER remark found in booking,Record processed successfully but is not an AFB customer,No - Business Logic,None - Expected behavior for non-business customers,2025-11-21T20:35:01.580Z,Passenger Record 1687,"Record from 10/3/2025, 3:25:25.632 AM"
October,YKSRCA,N/A,0277237813342,2025-08-28T00:00:00.0000000Z,2-AFB Customer Check,Non-AFB Customer (Expected Skip),No AFB CUSTOMER remark found in booking,Record processed successfully but is not an AFB customer,No - Business Logic,None - Expected behavior for non-business customers,2025-11-21T20:35:01.580Z,Passenger Record 1688,"Record from 10/3/2025, 3:25:51.628 AM"
October,SURZKB,N/A,0272117521186,2025-09-16T00:00:00.0000000Z,2-AFB Customer Check,Non-AFB Customer (Expected Skip),No AFB CUSTOMER remark found in booking,Record processed successfully but is not an AFB customer,No - Business Logic,None - Expected behavior for non-business customers,2025-11-21T20:35:01.580Z,Passenger Record 1689,"Record from 10/20/2025, 12:58:01.164 AM"
October,GFYUGY,N/A,0277341978147,2025-10-21T00:00:00.0000000Z,2-AFB Customer Check,Non-AFB Customer (Expected Skip),No AFB CUSTOMER remark found in booking,Record processed successfully but is not an AFB customer,No - Business Logic,None - Expected behavior for non-business customers,2025-11-21T20:35:01.580Z,Passenger Record 1695,"Record from 10/22/2025, 1:29:58.199 PM"
October,GYUUFZ,N/A,0272119208414,2025-10-03T00:00:00.0000000Z,2-AFB Customer Check,Non-AFB Customer (Expected Skip),No AFB CUSTOMER remark found in booking,Record processed successfully but is not an AFB customer,No - Business Logic,None - Expected behavior for non-business customers,2025-11-21T20:35:01.580Z,Passenger Record 1700,"Record from 10/22/2025, 8:02:13.512 AM"
October,UJOPIM,N/A,0272113350486,2025-08-02T00:00:00.0000000Z,2-AFB Customer Check,Non-AFB Customer (Expected Skip),No AFB CUSTOMER remark found in booking,Record processed successfully but is not an AFB customer,No - Business Logic,None - Expected behavior for non-business customers,2025-11-21T20:35:01.580Z,Passenger Record 1712,"Record from 10/22/2025, 7:04:56.524 AM"
October,OJUCIJ,N/A,0272121270396,2025-10-24T04:16:45.0000000Z,2-AFB Customer Check,Non-AFB Customer (Expected Skip),No AFB CUSTOMER remark found in booking,Record processed successfully but is not an AFB customer,No - Business Logic,None - Expected behavior for non-business customers,2025-11-21T20:35:01.580Z,Passenger Record 1734,"Record from 10/24/2025, 10:31:07.361 AM"
October,UQCOIF,N/A,0272117489978,2025-09-16T00:00:00.0000000Z,2-AFB Customer Check,Non-AFB Customer (Expected Skip),No AFB CUSTOMER remark found in booking,Record processed successfully but is not an AFB customer,No - Business Logic,None - Expected behavior for non-business customers,2025-11-21T20:35:01.580Z,Passenger Record 1737,"Record from 10/24/2025, 8:34:49.882 AM"
October,JNHOBM,N/A,0272119736181,2025-10-08T00:00:00.0000000Z,2-AFB Customer Check,Non-AFB Customer (Expected Skip),No AFB CUSTOMER remark found in booking,Record processed successfully but is not an AFB customer,No - Business Logic,None - Expected behavior for non-business customers,2025-11-21T20:35:01.580Z,Passenger Record 1738,"Record from 10/24/2025, 8:47:15.601 AM"
October,OOBYQQ,N/A,0272399673048,2025-03-15T00:00:00.0000000Z,2-AFB Customer Check,Non-AFB Customer (Expected Skip),No AFB CUSTOMER remark found in booking,Record processed successfully but is not an AFB customer,No - Business Logic,None - Expected behavior for non-business customers,2025-11-21T20:35:01.580Z,Passenger Record 1742,"Record from 10/24/2025, 8:15:31.922 AM"
October,MGEJQF,N/A,0277238548893,2025-10-01T00:00:00.0000000Z,2-AFB Customer Check,Non-AFB Customer (Expected Skip),No AFB CUSTOMER remark found in booking,Record processed successfully but is not an AFB customer,No - Business Logic,None - Expected behavior for non-business customers,2025-11-21T20:35:01.580Z,Passenger Record 1749,"Record from 10/24/2025, 7:31:15.344 AM"
October,EXDLQV,N/A,0277338349402,2025-10-06T00:00:00.0000000Z,2-AFB Customer Check,Non-AFB Customer (Expected Skip),No AFB CUSTOMER remark found in booking,Record processed successfully but is not an AFB customer,No - Business Logic,None - Expected behavior for non-business customers,2025-11-21T20:35:01.580Z,Passenger Record 1757,"Record from 10/24/2025, 6:44:23.905 AM"
October,QVCFHP,N/A,0272118430412,2025-09-25T00:00:00.0000000Z,2-AFB Customer Check,Non-AFB Customer (Expected Skip),No AFB CUSTOMER remark found in booking,Record processed successfully but is not an AFB customer,No - Business Logic,None - Expected behavior for non-business customers,2025-11-21T20:35:01.580Z,Passenger Record 1759,"Record from 10/23/2025, 8:40:26.329 PM"
October,GBMJTA,N/A,0272120387574,2025-10-15T00:00:00.0000000Z,2-AFB Customer Check,Non-AFB Customer (Expected Skip),No AFB CUSTOMER remark found in booking,Record processed successfully but is not an AFB customer,No - Business Logic,None - Expected behavior for non-business customers,2025-11-21T20:35:01.580Z,Passenger Record 1778,"Record from 10/23/2025, 8:57:43.041 PM"
October,UTYNWG,N/A,0272115046237,2025-08-20T00:00:00.0000000Z,2-AFB Customer Check,Non-AFB Customer (Expected Skip),No AFB CUSTOMER remark found in booking,Record processed successfully but is not an AFB customer,No - Business Logic,None - Expected behavior for non-business customers,2025-11-21T20:35:01.580Z,Passenger Record 1810,"Record from 10/24/2025, 7:50:32.803 PM"
October,UTIRPR,N/A,0272121122197,2025-10-22T00:00:00.0000000Z,2-AFB Customer Check,Non-AFB Customer (Expected Skip),No AFB CUSTOMER remark found in booking,Record processed successfully but is not an AFB customer,No - Business Logic,None - Expected behavior for non-business customers,2025-11-21T20:35:01.580Z,Passenger Record 1811,"Record from 10/24/2025, 7:25:35.941 PM"
October,NOUAIJ,N/A,0272119533066,2025-10-07T00:00:00.0000000Z,2-AFB Customer Check,Non-AFB Customer (Expected Skip),No AFB CUSTOMER remark found in booking,Record processed successfully but is not an AFB customer,No - Business Logic,None - Expected behavior for non-business customers,2025-11-21T20:35:01.580Z,Passenger Record 1812,"Record from 10/24/2025, 7:55:56.180 PM"
October,OSQVQJ,N/A,0272112473697,2025-07-24T00:00:00.0000000Z,2-AFB Customer Check,Non-AFB Customer (Expected Skip),No AFB CUSTOMER remark found in booking,Record processed successfully but is not an AFB customer,No - Business Logic,None - Expected behavior for non-business customers,2025-11-21T20:35:01.580Z,Passenger Record 1813,"Record from 10/7/2025, 5:32:19.933 AM"
October,MGROQI,N/A,0272114785612,2025-08-17T00:00:00.0000000Z,2-AFB Customer Check,Non-AFB Customer (Expected Skip),No AFB CUSTOMER remark found in booking,Record processed successfully but is not an AFB customer,No - Business Logic,None - Expected behavior for non-business customers,2025-11-21T20:35:01.580Z,Passenger Record 1814,"Record from 10/7/2025, 5:06:42.900 AM"
October,GXPQBV,N/A,0272118041755,2025-09-22T00:00:00.0000000Z,2-AFB Customer Check,Non-AFB Customer (Expected Skip),No AFB CUSTOMER remark found in booking,Record processed successfully but is not an AFB customer,No - Business Logic,None - Expected behavior for non-business customers,2025-11-21T20:35:01.580Z,Passenger Record 1815,"Record from 10/7/2025, 1:14:40.241 AM"
October,LPPPTT,N/A,0272117459143,2025-09-15T00:00:00.0000000Z,2-AFB Customer Check,Non-AFB Customer (Expected Skip),No AFB CUSTOMER remark found in booking,Record processed successfully but is not an AFB customer,No - Business Logic,None - Expected behavior for non-business customers,2025-11-21T20:35:01.580Z,Passenger Record 1816,"Record from 10/7/2025, 12:20:43.751 AM"
October,LGSNTZ,N/A,0272118037719,2025-09-22T00:00:00.0000000Z,2-AFB Customer Check,Non-AFB Customer (Expected Skip),No AFB CUSTOMER remark found in booking,Record processed successfully but is not an AFB customer,No - Business Logic,None - Expected behavior for non-business customers,2025-11-21T20:35:01.580Z,Passenger Record 1817,"Record from 10/7/2025, 12:22:05.962 AM"
October,JVPDHA,N/A,0272117306262,2025-09-14T00:00:00.0000000Z,2-AFB Customer Check,Non-AFB Customer (Expected Skip),No AFB CUSTOMER remark found in booking,Record processed successfully but is not an AFB customer,No - Business Logic,None - Expected behavior for non-business customers,2025-11-21T20:35:01.580Z,Passenger Record 1818,"Record from 10/7/2025, 12:25:30.134 AM"
October,KRJHXT,N/A,0272119171941,2025-10-03T00:00:00.0000000Z,2-AFB Customer Check,Non-AFB Customer (Expected Skip),No AFB CUSTOMER remark found in booking,Record processed successfully but is not an AFB customer,No - Business Logic,None - Expected behavior for non-business customers,2025-11-21T20:35:01.580Z,Passenger Record 1824,"Record from 10/6/2025, 10:08:39.239 PM"
October,WITOYS,N/A,0272119214423,2025-10-03T00:00:00.0000000Z,2-AFB Customer Check,Non-AFB Customer (Expected Skip),No AFB CUSTOMER remark found in booking,Record processed successfully but is not an AFB customer,No - Business Logic,None - Expected behavior for non-business customers,2025-11-21T20:35:01.580Z,Passenger Record 1825,"Record from 10/6/2025, 10:25:02.971 PM"
October,LWZDDO,N/A,0272119179486,2025-10-03T00:00:00.0000000Z,2-AFB Customer Check,Non-AFB Customer (Expected Skip),No AFB CUSTOMER remark found in booking,Record processed successfully but is not an AFB customer,No - Business Logic,None - Expected behavior for non-business customers,2025-11-21T20:35:01.580Z,Passenger Record 1826,"Record from 10/6/2025, 10:14:30.339 PM"
October,JJMKQT,N/A,0277337675166,2025-10-02T00:00:00.0000000Z,2-AFB Customer Check,Non-AFB Customer (Expected Skip),No AFB CUSTOMER remark found in booking,Record processed successfully but is not an AFB customer,No - Business Logic,None - Expected behavior for non-business customers,2025-11-21T20:35:01.580Z,Passenger Record 1827,"Record from 10/6/2025, 10:18:43.568 PM"
October,HYZVJO,N/A,0272113646264,2025-08-06T00:00:00.0000000Z,2-AFB Customer Check,Non-AFB Customer (Expected Skip),No AFB CUSTOMER remark found in booking,Record processed successfully but is not an AFB customer,No - Business Logic,None - Expected behavior for non-business customers,2025-11-21T20:35:01.580Z,Passenger Record 1831,"Record from 10/6/2025, 6:13:53.877 PM"
October,UFBAGZ,N/A,0272109047298,2025-06-19T00:00:00.0000000Z,2-AFB Customer Check,Non-AFB Customer (Expected Skip),No AFB CUSTOMER remark found in booking,Record processed successfully but is not an AFB customer,No - Business Logic,None - Expected behavior for non-business customers,2025-11-21T20:35:01.580Z,Passenger Record 1838,"Record from 10/7/2025, 12:14:12.285 AM"
October,HDCZCM,N/A,0272120834292,2025-10-20T00:00:00.0000000Z,2-AFB Customer Check,Non-AFB Customer (Expected Skip),No AFB CUSTOMER remark found in booking,Record processed successfully but is not an AFB customer,No - Business Logic,None - Expected behavior for non-business customers,2025-11-21T20:35:01.580Z,Passenger Record 1839,"Record from 10/23/2025, 2:05:41.515 PM"
October,QYMOWK,N/A,0272117978380,2025-09-21T00:00:00.0000000Z,2-AFB Customer Check,Non-AFB Customer (Expected Skip),No AFB CUSTOMER remark found in booking,Record processed successfully but is not an AFB customer,No - Business Logic,None - Expected behavior for non-business customers,2025-11-21T20:35:01.580Z,Passenger Record 1841,"Record from 10/23/2025, 1:49:07.458 PM"
October,ALAKTS,N/A,0272116036117,2025-09-01T00:00:00.0000000Z,2-AFB Customer Check,Non-AFB Customer (Expected Skip),No AFB CUSTOMER remark found in booking,Record processed successfully but is not an AFB customer,No - Business Logic,None - Expected behavior for non-business customers,2025-11-21T20:35:01.580Z,Passenger Record 1843,"Record from 10/23/2025, 8:16:13.981 AM"
October,GRYMTZ,N/A,0272120991549,2025-10-21T00:00:00.0000000Z,2-AFB Customer Check,Non-AFB Customer (Expected Skip),No AFB CUSTOMER remark found in booking,Record processed successfully but is not an AFB customer,No - Business Logic,None - Expected behavior for non-business customers,2025-11-21T20:35:01.580Z,Passenger Record 1852,"Record from 10/23/2025, 7:04:06.968 AM"
October,OSLEXP,N/A,N/A,10/17/2025 12:00:00 AM,2-AFB Customer Check,Non-AFB Customer (Expected Skip),No AFB CUSTOMER remark found in booking,Record processed successfully but is not an AFB customer,No - Business Logic,None - Expected behavior for non-business customers,2025-11-21T20:35:01.580Z,Passenger Record 1873,"Record from 10/18/2025, 1:25:29.431 AM"
October,NNYOBI,N/A,0272100570597,2025-03-24T00:00:00.0000000Z,2-AFB Customer Check,Non-AFB Customer (Expected Skip),No AFB CUSTOMER remark found in booking,Record processed successfully but is not an AFB customer,No - Business Logic,None - Expected behavior for non-business customers,2025-11-21T20:35:01.580Z,Passenger Record 1874,"Record from 10/18/2025, 1:13:20.559 AM"
October,NBYMLF,N/A,0272393481673,2025-01-10T00:00:00.0000000Z,2-AFB Customer Check,Non-AFB Customer (Expected Skip),No AFB CUSTOMER remark found in booking,Record processed successfully but is not an AFB customer,No - Business Logic,None - Expected behavior for non-business customers,2025-11-21T20:35:01.580Z,Passenger Record 1875,"Record from 10/18/2025, 1:28:14.447 AM"
October,QEZVJS,N/A,0277333935226,2025-09-17T00:00:00.0000000Z,2-AFB Customer Check,Non-AFB Customer (Expected Skip),No AFB CUSTOMER remark found in booking,Record processed successfully but is not an AFB customer,No - Business Logic,None - Expected behavior for non-business customers,2025-11-21T20:35:01.580Z,Passenger Record 1881,"Record from 10/17/2025, 5:52:01.421 AM"
October,SUFMXA,N/A,0272119704005,2025-10-08T00:00:00.0000000Z,2-AFB Customer Check,Non-AFB Customer (Expected Skip),No AFB CUSTOMER remark found in booking,Record processed successfully but is not an AFB customer,No - Business Logic,None - Expected behavior for non-business customers,2025-11-21T20:35:01.580Z,Passenger Record 1888,"Record from 10/18/2025, 3:50:44.551 AM"
October,ELCTVZ,N/A,0272119527511,2025-10-06T00:00:00.0000000Z,2-AFB Customer Check,Non-AFB Customer (Expected Skip),No AFB CUSTOMER remark found in booking,Record processed successfully but is not an AFB customer,No - Business Logic,None - Expected behavior for non-business customers,2025-11-21T20:35:01.580Z,Passenger Record 1889,"Record from 10/18/2025, 6:04:28.746 AM"
October,OQCUBZ,N/A,1052756005122,2025-09-18T00:00:00.0000000Z,2-AFB Customer Check,Non-AFB Customer (Expected Skip),No AFB CUSTOMER remark found in booking,Record processed successfully but is not an AFB customer,No - Business Logic,None - Expected behavior for non-business customers,2025-11-21T20:35:01.580Z,Passenger Record 1890,"Record from 10/18/2025, 4:59:06.626 AM"
October,QKUAMF,N/A,0272114064051,2025-08-09T00:00:00.0000000Z,2-AFB Customer Check,Non-AFB Customer (Expected Skip),No AFB CUSTOMER remark found in booking,Record processed successfully but is not an AFB customer,No - Business Logic,None - Expected behavior for non-business customers,2025-11-21T20:35:01.580Z,Passenger Record 1891,"Record from 10/18/2025, 6:42:22.379 AM"
October,EDLSIY,N/A,0272115007767,2025-08-20T00:00:00.0000000Z,2-AFB Customer Check,Non-AFB Customer (Expected Skip),No AFB CUSTOMER remark found in booking,Record processed successfully but is not an AFB customer,No - Business Logic,None - Expected behavior for non-business customers,2025-11-21T20:35:01.580Z,Passenger Record 1892,"Record from 10/18/2025, 6:14:04.144 AM"
October,MHPHEG,N/A,0272117246076,2025-09-13T00:00:00.0000000Z,2-AFB Customer Check,Non-AFB Customer (Expected Skip),No AFB CUSTOMER remark found in booking,Record processed successfully but is not an AFB customer,No - Business Logic,None - Expected behavior for non-business customers,2025-11-21T20:35:01.580Z,Passenger Record 1893,"Record from 10/18/2025, 4:58:03.575 AM"
October,JZNDSU,N/A,0272116270039,2025-09-03T00:00:00.0000000Z,2-AFB Customer Check,Non-AFB Customer (Expected Skip),No AFB CUSTOMER remark found in booking,Record processed successfully but is not an AFB customer,No - Business Logic,None - Expected behavior for non-business customers,2025-11-21T20:35:01.580Z,Passenger Record 1894,"Record from 10/18/2025, 7:42:35.523 PM"
October,OMQPNH,N/A,0272120591103,2025-10-17T00:00:00.0000000Z,2-AFB Customer Check,Non-AFB Customer (Expected Skip),No AFB CUSTOMER remark found in booking,Record processed successfully but is not an AFB customer,No - Business Logic,None - Expected behavior for non-business customers,2025-11-21T20:35:01.580Z,Passenger Record 1897,"Record from 10/18/2025, 7:44:00.912 PM"
October,UWEWNR,N/A,0272104200233,2025-05-01T00:00:00.0000000Z,2-AFB Customer Check,Non-AFB Customer (Expected Skip),No AFB CUSTOMER remark found in booking,Record processed successfully but is not an AFB customer,No - Business Logic,None - Expected behavior for non-business customers,2025-11-21T20:35:01.580Z,Passenger Record 1898,"Record from 10/18/2025, 1:41:53.413 PM"
October,ONKGMO,N/A,0272118849120,2025-09-30T00:00:00.0000000Z,2-AFB Customer Check,Non-AFB Customer (Expected Skip),No AFB CUSTOMER remark found in booking,Record processed successfully but is not an AFB customer,No - Business Logic,None - Expected behavior for non-business customers,2025-11-21T20:35:01.580Z,Passenger Record 1899,"Record from 10/18/2025, 6:10:26.277 PM"
October,HKVUQD,N/A,0277332070010,2025-09-10T00:00:00.0000000Z,2-AFB Customer Check,Non-AFB Customer (Expected Skip),No AFB CUSTOMER remark found in booking,Record processed successfully but is not an AFB customer,No - Business Logic,None - Expected behavior for non-business customers,2025-11-21T20:35:01.580Z,Passenger Record 1910,"Record from 10/18/2025, 8:44:04.671 AM"
October,WVUFPG,N/A,0272115521852,2025-08-26T00:00:00.0000000Z,2-AFB Customer Check,Non-AFB Customer (Expected Skip),No AFB CUSTOMER remark found in booking,Record processed successfully but is not an AFB customer,No - Business Logic,None - Expected behavior for non-business customers,2025-11-21T20:35:01.580Z,Passenger Record 1911,"Record from 10/18/2025, 8:34:22.751 AM"
October,ARAQEU,N/A,0272117772009,2025-09-18T00:00:00.0000000Z,2-AFB Customer Check,Non-AFB Customer (Expected Skip),No AFB CUSTOMER remark found in booking,Record processed successfully but is not an AFB customer,No - Business Logic,None - Expected behavior for non-business customers,2025-11-21T20:35:01.580Z,Passenger Record 1912,"Record from 10/18/2025, 7:40:07.177 AM"
October,QNSIAU,N/A,0272115850088,2025-08-29T00:00:00.0000000Z,2-AFB Customer Check,Non-AFB Customer (Expected Skip),No AFB CUSTOMER remark found in booking,Record processed successfully but is not an AFB customer,No - Business Logic,None - Expected behavior for non-business customers,2025-11-21T20:35:01.580Z,Passenger Record 1915,"Record from 10/18/2025, 7:12:18.374 AM"
October,DGOUBD,N/A,0272119475989,2025-10-06T00:00:00.0000000Z,2-AFB Customer Check,Non-AFB Customer (Expected Skip),No AFB CUSTOMER remark found in booking,Record processed successfully but is not an AFB customer,No - Business Logic,None - Expected behavior for non-business customers,2025-11-21T20:35:01.580Z,Passenger Record 1919,"Record from 10/18/2025, 6:54:09.590 AM"
October,LCRIJK,N/A,0272120586836,2025-10-17T00:00:00.0000000Z,2-AFB Customer Check,Non-AFB Customer (Expected Skip),No AFB CUSTOMER remark found in booking,Record processed successfully but is not an AFB customer,No - Business Logic,None - Expected behavior for non-business customers,2025-11-21T20:35:01.580Z,Passenger Record 1920,"Record from 10/18/2025, 6:38:54.631 AM"
October,MPNXOW,N/A,0277341164432,2025-10-17T00:00:00.0000000Z,2-AFB Customer Check,Non-AFB Customer (Expected Skip),No AFB CUSTOMER remark found in booking,Record processed successfully but is not an AFB customer,No - Business Logic,None - Expected behavior for non-business customers,2025-11-21T20:35:01.580Z,Passenger Record 1923,"Record from 10/18/2025, 5:18:20.941 AM"
October,DZQQNB,N/A,0277341505811,2025-10-18T00:00:00.0000000Z,2-AFB Customer Check,Non-AFB Customer (Expected Skip),No AFB CUSTOMER remark found in booking,Record processed successfully but is not an AFB customer,No - Business Logic,None - Expected behavior for non-business customers,2025-11-21T20:35:01.580Z,Passenger Record 1924,"Record from 10/26/2025, 11:01:54.355 PM"
October,EANZLV,N/A,0272121079359,2025-10-22T00:00:00.0000000Z,2-AFB Customer Check,Non-AFB Customer (Expected Skip),No AFB CUSTOMER remark found in booking,Record processed successfully but is not an AFB customer,No - Business Logic,None - Expected behavior for non-business customers,2025-11-21T20:35:01.580Z,Passenger Record 1927,"Record from 10/26/2025, 11:31:45.848 PM"
October,JRLQZW,N/A,0272121161261,2025-10-23T00:00:00.0000000Z,2-AFB Customer Check,Non-AFB Customer (Expected Skip),No AFB CUSTOMER remark found in booking,Record processed successfully but is not an AFB customer,No - Business Logic,None - Expected behavior for non-business customers,2025-11-21T20:35:01.580Z,Passenger Record 1928,"Record from 10/26/2025, 10:21:02.353 PM"
October,GDYYOF,N/A,0272114976745,2025-08-19T00:00:00.0000000Z,2-AFB Customer Check,Non-AFB Customer (Expected Skip),No AFB CUSTOMER remark found in booking,Record processed successfully but is not an AFB customer,No - Business Logic,None - Expected behavior for non-business customers,2025-11-21T20:35:01.580Z,Passenger Record 1931,"Record from 10/26/2025, 10:43:20.487 PM"
October,KUMBJF,N/A,0272118547164,2025-09-27T00:00:00.0000000Z,2-AFB Customer Check,Non-AFB Customer (Expected Skip),No AFB CUSTOMER remark found in booking,Record processed successfully but is not an AFB customer,No - Business Logic,None - Expected behavior for non-business customers,2025-11-21T20:35:01.580Z,Passenger Record 1932,"Record from 10/26/2025, 10:48:54.884 PM"
October,AWPYNG,N/A,0272119920768,2025-10-10T00:00:00.0000000Z,2-AFB Customer Check,Non-AFB Customer (Expected Skip),No AFB CUSTOMER remark found in booking,Record processed successfully but is not an AFB customer,No - Business Logic,None - Expected behavior for non-business customers,2025-11-21T20:35:01.580Z,Passenger Record 1936,"Record from 10/15/2025, 7:03:17.849 PM"
October,FJFEOY,N/A,0272115799910,2025-08-28T00:00:00.0000000Z,2-AFB Customer Check,Non-AFB Customer (Expected Skip),No AFB CUSTOMER remark found in booking,Record processed successfully but is not an AFB customer,No - Business Logic,None - Expected behavior for non-business customers,2025-11-21T20:35:01.580Z,Passenger Record 1940,"Record from 10/15/2025, 6:34:15.656 PM"
October,DLYQNH,N/A,0272120349490,2025-10-15T00:00:00.0000000Z,2-AFB Customer Check,Non-AFB Customer (Expected Skip),No AFB CUSTOMER remark found in booking,Record processed successfully but is not an AFB customer,No - Business Logic,None - Expected behavior for non-business customers,2025-11-21T20:35:01.580Z,Passenger Record 1957,"Record from 10/15/2025, 7:11:51.806 PM"
October,CHPKLF,N/A,0272120268677,2025-10-14T00:00:00.0000000Z,2-AFB Customer Check,Non-AFB Customer (Expected Skip),No AFB CUSTOMER remark found in booking,Record processed successfully but is not an AFB customer,No - Business Logic,None - Expected behavior for non-business customers,2025-11-21T20:35:01.580Z,Passenger Record 1967,"Record from 10/15/2025, 8:10:01.089 PM"
October,HDHPIW,N/A,0272115157051,2025-08-21T11:39:26.0000000Z,2-AFB Customer Check,Non-AFB Customer (Expected Skip),No AFB CUSTOMER remark found in booking,Record processed successfully but is not an AFB customer,No - Business Logic,None - Expected behavior for non-business customers,2025-11-21T20:35:01.580Z,Passenger Record 1970,"Record from 10/7/2025, 4:25:12.860 AM"
October,KMFSFS,N/A,0272118955262,2025-10-01T00:00:00.0000000Z,2-AFB Customer Check,Non-AFB Customer (Expected Skip),No AFB CUSTOMER remark found in booking,Record processed successfully but is not an AFB customer,No - Business Logic,None - Expected behavior for non-business customers,2025-11-21T20:35:01.580Z,Passenger Record 1974,"Record from 10/7/2025, 2:21:36.579 AM"
October,QDYGYR,N/A,0272119263918,2025-10-04T00:00:00.0000000Z,2-AFB Customer Check,Non-AFB Customer (Expected Skip),No AFB CUSTOMER remark found in booking,Record processed successfully but is not an AFB customer,No - Business Logic,None - Expected behavior for non-business customers,2025-11-21T20:35:01.580Z,Passenger Record 1975,"Record from 10/7/2025, 2:25:36.449 AM"
October,OOKPIC,N/A,1732314872614,2025-08-06T00:00:00.0000000Z,2-AFB Customer Check,Non-AFB Customer (Expected Skip),No AFB CUSTOMER remark found in booking,Record processed successfully but is not an AFB customer,No - Business Logic,None - Expected behavior for non-business customers,2025-11-21T20:35:01.580Z,Passenger Record 1976,"Record from 10/7/2025, 3:18:55.805 AM"
October,JMOUKI,N/A,0272119396031,2025-10-05T00:00:00.0000000Z,2-AFB Customer Check,Non-AFB Customer (Expected Skip),No AFB CUSTOMER remark found in booking,Record processed successfully but is not an AFB customer,No - Business Logic,None - Expected behavior for non-business customers,2025-11-21T20:35:01.580Z,Passenger Record 1977,"Record from 10/7/2025, 3:21:57.798 AM"
October,JDJNMI,N/A,0277291458637,2025-05-13T00:00:00.0000000Z,2-AFB Customer Check,Non-AFB Customer (Expected Skip),No AFB CUSTOMER remark found in booking,Record processed successfully but is not an AFB customer,No - Business Logic,None - Expected behavior for non-business customers,2025-11-21T20:35:01.580Z,Passenger Record 1978,"Record from 10/7/2025, 3:23:15.525 AM"
October,IHMSYU,N/A,0272109910629,2025-06-28T00:00:00.0000000Z,2-AFB Customer Check,Non-AFB Customer (Expected Skip),No AFB CUSTOMER remark found in booking,Record processed successfully but is not an AFB customer,No - Business Logic,None - Expected behavior for non-business customers,2025-11-21T20:35:01.580Z,Passenger Record 1980,"Record from 10/12/2025, 12:08:44.299 AM"
October,DWINWC,N/A,0272116320031,2025-09-03T00:00:00.0000000Z,2-AFB Customer Check,Non-AFB Customer (Expected Skip),No AFB CUSTOMER remark found in booking,Record processed successfully but is not an AFB customer,No - Business Logic,None - Expected behavior for non-business customers,2025-11-21T20:35:01.580Z,Passenger Record 1981,"Record from 10/12/2025, 12:10:03.420 AM"
October,YDJOUQ,N/A,0272119975468,2025-10-11T00:00:00.0000000Z,2-AFB Customer Check,Non-AFB Customer (Expected Skip),No AFB CUSTOMER remark found in booking,Record processed successfully but is not an AFB customer,No - Business Logic,None - Expected behavior for non-business customers,2025-11-21T20:35:01.580Z,Passenger Record 1982,"Record from 10/11/2025, 11:33:55.774 PM"
October,KSGORC,N/A,0272119483098,2025-10-06T00:00:00.0000000Z,2-AFB Customer Check,Non-AFB Customer (Expected Skip),No AFB CUSTOMER remark found in booking,Record processed successfully but is not an AFB customer,No - Business Logic,None - Expected behavior for non-business customers,2025-11-21T20:35:01.580Z,Passenger Record 1983,"Record from 10/11/2025, 11:34:28.557 PM"
October,JQFAZH,N/A,0272119973956,2025-10-11T00:00:00.0000000Z,2-AFB Customer Check,Non-AFB Customer (Expected Skip),No AFB CUSTOMER remark found in booking,Record processed successfully but is not an AFB customer,No - Business Logic,None - Expected behavior for non-business customers,2025-11-21T20:35:01.580Z,Passenger Record 1984,"Record from 10/12/2025, 1:11:41.916 AM"
October,SESTVK,N/A,0272117097826,2025-09-11T00:00:00.0000000Z,2-AFB Customer Check,Non-AFB Customer (Expected Skip),No AFB CUSTOMER remark found in booking,Record processed successfully but is not an AFB customer,No - Business Logic,None - Expected behavior for non-business customers,2025-11-21T20:35:01.580Z,Passenger Record 1985,"Record from 10/12/2025, 12:14:46.387 AM"
October,UMTDON,N/A,0272113354151,2025-08-02T00:00:00.0000000Z,2-AFB Customer Check,Non-AFB Customer (Expected Skip),No AFB CUSTOMER remark found in booking,Record processed successfully but is not an AFB customer,No - Business Logic,None - Expected behavior for non-business customers,2025-11-21T20:35:01.580Z,Passenger Record 1986,"Record from 10/12/2025, 1:01:39.816 AM"
October,HKWQFN,N/A,0272399983357,2025-03-18T00:00:00.0000000Z,2-AFB Customer Check,Non-AFB Customer (Expected Skip),No AFB CUSTOMER remark found in booking,Record processed successfully but is not an AFB customer,No - Business Logic,None - Expected behavior for non-business customers,2025-11-21T20:35:01.580Z,Passenger Record 1987,"Record from 10/12/2025, 10:49:26.258 AM"
October,DXNUVQ,N/A,0272120969593,2025-10-21T00:00:00.0000000Z,2-AFB Customer Check,Non-AFB Customer (Expected Skip),No AFB CUSTOMER remark found in booking,Record processed successfully but is not an AFB customer,No - Business Logic,None - Expected behavior for non-business customers,2025-11-21T20:35:01.580Z,Passenger Record 1992,"Record from 10/22/2025, 5:03:32.155 PM"
October,DGYFAA,N/A,0272119475663,2025-10-06T00:00:00.0000000Z,2-AFB Customer Check,Non-AFB Customer (Expected Skip),No AFB CUSTOMER remark found in booking,Record processed successfully but is not an AFB customer,No - Business Logic,None - Expected behavior for non-business customers,2025-11-21T20:35:01.580Z,Passenger Record 1999,"Record from 10/22/2025, 5:49:09.472 PM"
October,UDDTIA,N/A,0272118393921,2025-09-25T00:00:00.0000000Z,2-AFB Customer Check,Non-AFB Customer (Expected Skip),No AFB CUSTOMER remark found in booking,Record processed successfully but is not an AFB customer,No - Business Logic,None - Expected behavior for non-business customers,2025-11-21T20:35:01.580Z,Passenger Record 2000,"Record from 10/22/2025, 5:38:20.421 PM"
October,WNWVIU,N/A,0272120839663,2025-10-20T00:00:00.0000000Z,2-AFB Customer Check,Non-AFB Customer (Expected Skip),No AFB CUSTOMER remark found in booking,Record processed successfully but is not an AFB customer,No - Business Logic,None - Expected behavior for non-business customers,2025-11-21T20:35:01.580Z,Passenger Record 2012,"Record from 10/22/2025, 4:20:39.939 PM"
October,APNERE,N/A,0272117396415,2025-09-15T00:00:00.0000000Z,2-AFB Customer Check,Non-AFB Customer (Expected Skip),No AFB CUSTOMER remark found in booking,Record processed successfully but is not an AFB customer,No - Business Logic,None - Expected behavior for non-business customers,2025-11-21T20:35:01.580Z,Passenger Record 2021,"Record from 10/22/2025, 3:37:00.094 PM"
October,AKCTLD,N/A,0272120967481,2025-10-21T00:00:00.0000000Z,2-AFB Customer Check,Non-AFB Customer (Expected Skip),No AFB CUSTOMER remark found in booking,Record processed successfully but is not an AFB customer,No - Business Logic,None - Expected behavior for non-business customers,2025-11-21T20:35:01.580Z,Passenger Record 2022,"Record from 10/22/2025, 4:01:16.820 PM"
October,OMAIOD,N/A,0277341194123,2025-10-17T00:00:00.0000000Z,2-AFB Customer Check,Non-AFB Customer (Expected Skip),No AFB CUSTOMER remark found in booking,Record processed successfully but is not an AFB customer,No - Business Logic,None - Expected behavior for non-business customers,2025-11-21T20:35:01.580Z,Passenger Record 2023,"Record from 10/22/2025, 3:46:27.469 PM"
October,CMGCHW,N/A,0272119261303,2025-10-04T00:00:00.0000000Z,2-AFB Customer Check,Non-AFB Customer (Expected Skip),No AFB CUSTOMER remark found in booking,Record processed successfully but is not an AFB customer,No - Business Logic,None - Expected behavior for non-business customers,2025-11-21T20:35:01.580Z,Passenger Record 2029,"Record from 10/22/2025, 6:36:16.231 PM"
October,KKIWWE,N/A,0277379722701,2025-10-17T00:00:00.0000000Z,2-AFB Customer Check,Non-AFB Customer (Expected Skip),No AFB CUSTOMER remark found in booking,Record processed successfully but is not an AFB customer,No - Business Logic,None - Expected behavior for non-business customers,2025-11-21T20:35:01.580Z,Passenger Record 2082,"Record from 10/22/2025, 9:42:23.460 PM"
October,NSYFDP,N/A,0272120924273,2025-10-21T00:00:00.0000000Z,2-AFB Customer Check,Non-AFB Customer (Expected Skip),No AFB CUSTOMER remark found in booking,Record processed successfully but is not an AFB customer,No - Business Logic,None - Expected behavior for non-business customers,2025-11-21T20:35:01.580Z,Passenger Record 2085,"Record from 10/22/2025, 9:44:35.338 PM"
October,YLQXOZ,N/A,1732315564068,2025-09-17T00:00:00.0000000Z,2-AFB Customer Check,Non-AFB Customer (Expected Skip),No AFB CUSTOMER remark found in booking,Record processed successfully but is not an AFB customer,No - Business Logic,None - Expected behavior for non-business customers,2025-11-21T20:35:01.580Z,Passenger Record 2086,"Record from 10/22/2025, 10:07:38.053 PM"
October,FFEXCP,N/A,0272119844511,2025-10-09T00:00:00.0000000Z,2-AFB Customer Check,Non-AFB Customer (Expected Skip),No AFB CUSTOMER remark found in booking,Record processed successfully but is not an AFB customer,No - Business Logic,None - Expected behavior for non-business customers,2025-11-21T20:35:01.580Z,Passenger Record 2088,"Record from 10/25/2025, 8:20:23.732 AM"
October,NEXRZE,N/A,0272118417267,2025-09-25T00:00:00.0000000Z,2-AFB Customer Check,Non-AFB Customer (Expected Skip),No AFB CUSTOMER remark found in booking,Record processed successfully but is not an AFB customer,No - Business Logic,None - Expected behavior for non-business customers,2025-11-21T20:35:01.580Z,Passenger Record 2105,"Record from 10/25/2025, 8:09:38.137 AM"
October,QQVVPK,N/A,0272112445199,2025-07-24T15:50:21.0000000Z,2-AFB Customer Check,Non-AFB Customer (Expected Skip),No AFB CUSTOMER remark found in booking,Record processed successfully but is not an AFB customer,No - Business Logic,None - Expected behavior for non-business customers,2025-11-21T20:35:01.580Z,Passenger Record 2122,"Record from 10/25/2025, 9:48:34.790 PM"
October,QHEBST,N/A,0272119177580,2025-10-03T00:00:00.0000000Z,2-AFB Customer Check,Non-AFB Customer (Expected Skip),No AFB CUSTOMER remark found in booking,Record processed successfully but is not an AFB customer,No - Business Logic,None - Expected behavior for non-business customers,2025-11-21T20:35:01.580Z,Passenger Record 2123,"Record from 10/25/2025, 6:01:03.467 AM"
October,HVWIAY,N/A,0742130245272,2025-10-23T00:00:00.0000000Z,2-AFB Customer Check,Non-AFB Customer (Expected Skip),No AFB CUSTOMER remark found in booking,Record processed successfully but is not an AFB customer,No - Business Logic,None - Expected behavior for non-business customers,2025-11-21T20:35:01.580Z,Passenger Record 2129,"Record from 10/25/2025, 6:43:40.792 AM"
October,ARTZUE,N/A,0272113117836,2025-07-31T00:00:00.0000000Z,2-AFB Customer Check,Non-AFB Customer (Expected Skip),No AFB CUSTOMER remark found in booking,Record processed successfully but is not an AFB customer,No - Business Logic,None - Expected behavior for non-business customers,2025-11-21T20:35:01.580Z,Passenger Record 2146,"Record from 10/25/2025, 6:56:21.915 AM"
October,HRKTGH,N/A,0272121269282,2025-10-24T00:00:00.0000000Z,2-AFB Customer Check,Non-AFB Customer (Expected Skip),No AFB CUSTOMER remark found in booking,Record processed successfully but is not an AFB customer,No - Business Logic,None - Expected behavior for non-business customers,2025-11-21T20:35:01.580Z,Passenger Record 2148,"Record from 10/25/2025, 1:45:58.104 AM"
October,SAZRYE,N/A,0272119708463,2025-10-08T00:00:00.0000000Z,2-AFB Customer Check,Non-AFB Customer (Expected Skip),No AFB CUSTOMER remark found in booking,Record processed successfully but is not an AFB customer,No - Business Logic,None - Expected behavior for non-business customers,2025-11-21T20:35:01.580Z,Passenger Record 2160,"Record from 10/25/2025, 1:45:42.258 AM"
October,DPHFMA,N/A,0272121075779,2025-10-22T00:00:00.0000000Z,2-AFB Customer Check,Non-AFB Customer (Expected Skip),No AFB CUSTOMER remark found in booking,Record processed successfully but is not an AFB customer,No - Business Logic,None - Expected behavior for non-business customers,2025-11-21T20:35:01.580Z,Passenger Record 2161,"Record from 10/25/2025, 2:14:20.670 AM"
October,ULLVMC,N/A,0272115031975,2025-08-20T00:00:00.0000000Z,2-AFB Customer Check,Non-AFB Customer (Expected Skip),No AFB CUSTOMER remark found in booking,Record processed successfully but is not an AFB customer,No - Business Logic,None - Expected behavior for non-business customers,2025-11-21T20:35:01.580Z,Passenger Record 2169,"Record from 10/2/2025, 11:09:43.726 PM"
October,EJRXZM,N/A,0272121164098,2025-10-23T00:00:00.0000000Z,2-AFB Customer Check,Non-AFB Customer (Expected Skip),No AFB CUSTOMER remark found in booking,Record processed successfully but is not an AFB customer,No - Business Logic,None - Expected behavior for non-business customers,2025-11-21T20:35:01.580Z,Passenger Record 2193,"Record from 10/25/2025, 6:39:52.390 PM"
October,ALTZZH,N/A,1732316019140,2025-10-24T00:00:00.0000000Z,2-AFB Customer Check,Non-AFB Customer (Expected Skip),No AFB CUSTOMER remark found in booking,Record processed successfully but is not an AFB customer,No - Business Logic,None - Expected behavior for non-business customers,2025-11-21T20:35:01.580Z,Passenger Record 2197,"Record from 10/25/2025, 6:51:00.427 PM"
October,UUEWDX,N/A,0272113647781,2025-08-06T00:00:00.0000000Z,2-AFB Customer Check,Non-AFB Customer (Expected Skip),No AFB CUSTOMER remark found in booking,Record processed successfully but is not an AFB customer,No - Business Logic,None - Expected behavior for non-business customers,2025-11-21T20:35:01.580Z,Passenger Record 2198,"Record from 10/25/2025, 7:11:10.560 PM"
October,GSICYL,N/A,0272120063443,2025-10-12T00:00:00.0000000Z,2-AFB Customer Check,Non-AFB Customer (Expected Skip),No AFB CUSTOMER remark found in booking,Record processed successfully but is not an AFB customer,No - Business Logic,None - Expected behavior for non-business customers,2025-11-21T20:35:01.580Z,Passenger Record 2199,"Record from 10/26/2025, 2:13:59.882 AM"
October,YZCYGF,N/A,0272117548485,2025-09-16T00:00:00.0000000Z,2-AFB Customer Check,Non-AFB Customer (Expected Skip),No AFB CUSTOMER remark found in booking,Record processed successfully but is not an AFB customer,No - Business Logic,None - Expected behavior for non-business customers,2025-11-21T20:35:01.580Z,Passenger Record 2201,"Record from 10/26/2025, 2:21:30.378 AM"
October,FMKAUQ,N/A,0272119852599,2025-10-09T00:00:00.0000000Z,2-AFB Customer Check,Non-AFB Customer (Expected Skip),No AFB CUSTOMER remark found in booking,Record processed successfully but is not an AFB customer,No - Business Logic,None - Expected behavior for non-business customers,2025-11-21T20:35:01.580Z,Passenger Record 2202,"Record from 10/25/2025, 7:23:45.412 PM"
October,WUZJXR,N/A,0162340748109,2025-10-16T00:00:00.0000000Z,2-AFB Customer Check,Non-AFB Customer (Expected Skip),No AFB CUSTOMER remark found in booking,Record processed successfully but is not an AFB customer,No - Business Logic,None - Expected behavior for non-business customers,2025-11-21T20:35:01.580Z,Passenger Record 2203,"Record from 10/25/2025, 7:12:52.172 PM"
October,QHFCYH,N/A,0272121004700,2025-10-21T00:00:00.0000000Z,2-AFB Customer Check,Non-AFB Customer (Expected Skip),No AFB CUSTOMER remark found in booking,Record processed successfully but is not an AFB customer,No - Business Logic,None - Expected behavior for non-business customers,2025-11-21T20:35:01.580Z,Passenger Record 2205,"Record from 10/25/2025, 7:54:40.186 PM"
October,MVFOSR,N/A,0272119850417,2025-10-09T00:00:00.0000000Z,2-AFB Customer Check,Non-AFB Customer (Expected Skip),No AFB CUSTOMER remark found in booking,Record processed successfully but is not an AFB customer,No - Business Logic,None - Expected behavior for non-business customers,2025-11-21T20:35:01.580Z,Passenger Record 2206,"Record from 10/25/2025, 7:53:44.898 PM"
October,FGCCYP,N/A,0272118829099,2025-09-30T00:00:00.0000000Z,2-AFB Customer Check,Non-AFB Customer (Expected Skip),No AFB CUSTOMER remark found in booking,Record processed successfully but is not an AFB customer,No - Business Logic,None - Expected behavior for non-business customers,2025-11-21T20:35:01.580Z,Passenger Record 2208,"Record from 10/25/2025, 8:08:11.385 PM"
October,CVVTPB,N/A,0272118187265,2025-09-23T00:00:00.0000000Z,2-AFB Customer Check,Non-AFB Customer (Expected Skip),No AFB CUSTOMER remark found in booking,Record processed successfully but is not an AFB customer,No - Business Logic,None - Expected behavior for non-business customers,2025-11-21T20:35:01.580Z,Passenger Record 2211,"Record from 10/12/2025, 2:35:49.128 AM"
October,FIYSRU,N/A,0272119860015,2025-10-09T00:00:00.0000000Z,2-AFB Customer Check,Non-AFB Customer (Expected Skip),No AFB CUSTOMER remark found in booking,Record processed successfully but is not an AFB customer,No - Business Logic,None - Expected behavior for non-business customers,2025-11-21T20:35:01.580Z,Passenger Record 2212,"Record from 10/12/2025, 3:03:43.156 AM"
October,SWQZSK,N/A,1732313301375,2025-05-08T00:00:00.0000000Z,2-AFB Customer Check,Non-AFB Customer (Expected Skip),No AFB CUSTOMER remark found in booking,Record processed successfully but is not an AFB customer,No - Business Logic,None - Expected behavior for non-business customers,2025-11-21T20:35:01.580Z,Passenger Record 2213,"Record from 10/12/2025, 4:58:15.276 AM"
October,LPLNIO,N/A,0272119546154,2025-10-07T00:00:00.0000000Z,2-AFB Customer Check,Non-AFB Customer (Expected Skip),No AFB CUSTOMER remark found in booking,Record processed successfully but is not an AFB customer,No - Business Logic,None - Expected behavior for non-business customers,2025-11-21T20:35:01.580Z,Passenger Record 2214,"Record from 10/12/2025, 2:55:15.497 AM"
October,MSHRVR,N/A,0272119848932,2025-10-09T00:00:00.0000000Z,2-AFB Customer Check,Non-AFB Customer (Expected Skip),No AFB CUSTOMER remark found in booking,Record processed successfully but is not an AFB customer,No - Business Logic,None - Expected behavior for non-business customers,2025-11-21T20:35:01.580Z,Passenger Record 2216,"Record from 10/12/2025, 3:48:18.314 AM"
October,YIQHAW,N/A,0272117817742,2025-09-19T00:00:00.0000000Z,2-AFB Customer Check,Non-AFB Customer (Expected Skip),No AFB CUSTOMER remark found in booking,Record processed successfully but is not an AFB customer,No - Business Logic,None - Expected behavior for non-business customers,2025-11-21T20:35:01.580Z,Passenger Record 2217,"Record from 10/12/2025, 4:17:00.689 AM"
October,CVHRZT,N/A,0272119915153,2025-10-10T00:00:00.0000000Z,2-AFB Customer Check,Non-AFB Customer (Expected Skip),No AFB CUSTOMER remark found in booking,Record processed successfully but is not an AFB customer,No - Business Logic,None - Expected behavior for non-business customers,2025-11-21T20:35:01.580Z,Passenger Record 2218,"Record from 10/11/2025, 9:07:28.292 PM"
October,UQYIEE,N/A,0272119927819,2025-10-10T00:00:00.0000000Z,2-AFB Customer Check,Non-AFB Customer (Expected Skip),No AFB CUSTOMER remark found in booking,Record processed successfully but is not an AFB customer,No - Business Logic,None - Expected behavior for non-business customers,2025-11-21T20:35:01.580Z,Passenger Record 2219,"Record from 10/11/2025, 9:13:54.698 PM"
October,SONPEM,N/A,0272115504325,2025-08-25T00:00:00.0000000Z,2-AFB Customer Check,Non-AFB Customer (Expected Skip),No AFB CUSTOMER remark found in booking,Record processed successfully but is not an AFB customer,No - Business Logic,None - Expected behavior for non-business customers,2025-11-21T20:35:01.580Z,Passenger Record 2221,"Record from 10/11/2025, 8:46:44.611 PM"
October,HHPJTI,N/A,0272116761551,2025-09-08T00:00:00.0000000Z,2-AFB Customer Check,Non-AFB Customer (Expected Skip),No AFB CUSTOMER remark found in booking,Record processed successfully but is not an AFB customer,No - Business Logic,None - Expected behavior for non-business customers,2025-11-21T20:35:01.580Z,Passenger Record 2222,"Record from 10/11/2025, 10:39:58.078 PM"
October,AEWOLC,N/A,0272114238556,2025-08-11T00:00:00.0000000Z,2-AFB Customer Check,Non-AFB Customer (Expected Skip),No AFB CUSTOMER remark found in booking,Record processed successfully but is not an AFB customer,No - Business Logic,None - Expected behavior for non-business customers,2025-11-21T20:35:01.580Z,Passenger Record 2230,"Record from 10/3/2025, 4:56:02.408 PM"
October,OXOWJW,N/A,0272117095550,2025-09-11T17:09:29.0000000Z,2-AFB Customer Check,Non-AFB Customer (Expected Skip),No AFB CUSTOMER remark found in booking,Record processed successfully but is not an AFB customer,No - Business Logic,None - Expected behavior for non-business customers,2025-11-21T20:35:01.580Z,Passenger Record 2231,"Record from 10/4/2025, 4:10:21.014 AM"
October,CCNZTC,N/A,0272397245747,2025-02-18T00:00:00.0000000Z,2-AFB Customer Check,Non-AFB Customer (Expected Skip),No AFB CUSTOMER remark found in booking,Record processed successfully but is not an AFB customer,No - Business Logic,None - Expected behavior for non-business customers,2025-11-21T20:35:01.580Z,Passenger Record 2237,"Record from 10/3/2025, 5:55:33.868 PM"
October,JKXCYF,N/A,0272118807528,2025-09-30T00:00:00.0000000Z,2-AFB Customer Check,Non-AFB Customer (Expected Skip),No AFB CUSTOMER remark found in booking,Record processed successfully but is not an AFB customer,No - Business Logic,None - Expected behavior for non-business customers,2025-11-21T20:35:01.580Z,Passenger Record 2238,"Record from 10/3/2025, 5:26:10.120 PM"
October,YBCSOU,N/A,0272113747050,2025-08-06T00:00:00.0000000Z,2-AFB Customer Check,Non-AFB Customer (Expected Skip),No AFB CUSTOMER remark found in booking,Record processed successfully but is not an AFB customer,No - Business Logic,None - Expected behavior for non-business customers,2025-11-21T20:35:01.580Z,Passenger Record 2239,"Record from 10/3/2025, 5:54:01.870 PM"
October,MAZNYO,N/A,0272110763350,2025-07-07T00:00:00.0000000Z,2-AFB Customer Check,Non-AFB Customer (Expected Skip),No AFB CUSTOMER remark found in booking,Record processed successfully but is not an AFB customer,No - Business Logic,None - Expected behavior for non-business customers,2025-11-21T20:35:01.580Z,Passenger Record 2247,"Record from 10/3/2025, 4:36:13.903 PM"
October,JVWAQW,N/A,0272118044063,2025-09-22T00:00:00.0000000Z,2-AFB Customer Check,Non-AFB Customer (Expected Skip),No AFB CUSTOMER remark found in booking,Record processed successfully but is not an AFB customer,No - Business Logic,None - Expected behavior for non-business customers,2025-11-21T20:35:01.580Z,Passenger Record 2248,"Record from 10/3/2025, 11:50:33.978 PM"
October,NOEGIK,N/A,0277336935583,2025-09-30T00:00:00.0000000Z,2-AFB Customer Check,Non-AFB Customer (Expected Skip),No AFB CUSTOMER remark found in booking,Record processed successfully but is not an AFB customer,No - Business Logic,None - Expected behavior for non-business customers,2025-11-21T20:35:01.580Z,Passenger Record 2249,"Record from 10/3/2025, 11:41:10.459 PM"
October,EAWCGB,N/A,0272119130182,2025-10-02T00:00:00.0000000Z,2-AFB Customer Check,Non-AFB Customer (Expected Skip),No AFB CUSTOMER remark found in booking,Record processed successfully but is not an AFB customer,No - Business Logic,None - Expected behavior for non-business customers,2025-11-21T20:35:01.580Z,Passenger Record 2250,"Record from 10/4/2025, 2:15:13.794 AM"
October,UQTGGD,N/A,1255068785845,2025-09-26T12:18:19.0000000Z,2-AFB Customer Check,Non-AFB Customer (Expected Skip),No AFB CUSTOMER remark found in booking,Record processed successfully but is not an AFB customer,No - Business Logic,None - Expected behavior for non-business customers,2025-11-21T20:35:01.580Z,Passenger Record 2251,"Record from 10/5/2025, 4:31:43.476 AM"
October,GBXJUO,N/A,0272118092010,2021-10-24T00:00:00.0000000Z,2-AFB Customer Check,Non-AFB Customer (Expected Skip),No AFB CUSTOMER remark found in booking,Record processed successfully but is not an AFB customer,No - Business Logic,None - Expected behavior for non-business customers,2025-11-21T20:35:01.580Z,Passenger Record 2253,"Record from 10/3/2025, 10:36:24.596 PM"
October,NNUXNL,N/A,0272117744198,2025-09-18T00:00:00.0000000Z,2-AFB Customer Check,Non-AFB Customer (Expected Skip),No AFB CUSTOMER remark found in booking,Record processed successfully but is not an AFB customer,No - Business Logic,None - Expected behavior for non-business customers,2025-11-21T20:35:01.580Z,Passenger Record 2256,"Record from 10/3/2025, 10:35:22.577 PM"
October,NXEGOR,N/A,1732314112484,2025-06-23T00:00:00.0000000Z,2-AFB Customer Check,Non-AFB Customer (Expected Skip),No AFB CUSTOMER remark found in booking,Record processed successfully but is not an AFB customer,No - Business Logic,None - Expected behavior for non-business customers,2025-11-21T20:35:01.580Z,Passenger Record 2262,"Record from 10/3/2025, 8:56:11.966 PM"
October,GZMUZQ,N/A,0272118610381,2025-09-28T00:00:00.0000000Z,2-AFB Customer Check,Non-AFB Customer (Expected Skip),No AFB CUSTOMER remark found in booking,Record processed successfully but is not an AFB customer,No - Business Logic,None - Expected behavior for non-business customers,2025-11-21T20:35:01.580Z,Passenger Record 2263,"Record from 10/3/2025, 8:56:02.745 PM"
October,CZMGOQ,N/A,0272116614300,2025-09-06T00:00:00.0000000Z,2-AFB Customer Check,Non-AFB Customer (Expected Skip),No AFB CUSTOMER remark found in booking,Record processed successfully but is not an AFB customer,No - Business Logic,None - Expected behavior for non-business customers,2025-11-21T20:35:01.580Z,Passenger Record 2266,"Record from 10/3/2025, 8:41:00.090 PM"
October,SRBNBB,N/A,0272119860598,2025-10-09T00:00:00.0000000Z,2-AFB Customer Check,Non-AFB Customer (Expected Skip),No AFB CUSTOMER remark found in booking,Record processed successfully but is not an AFB customer,No - Business Logic,None - Expected behavior for non-business customers,2025-11-21T20:35:01.580Z,Passenger Record 2283,"Record from 10/10/2025, 10:09:25.360 PM"
October,UBTCML,N/A,0272119873531,2025-10-10T00:00:00.0000000Z,2-AFB Customer Check,Non-AFB Customer (Expected Skip),No AFB CUSTOMER remark found in booking,Record processed successfully but is not an AFB customer,No - Business Logic,None - Expected behavior for non-business customers,2025-11-21T20:35:01.580Z,Passenger Record 2284,"Record from 10/10/2025, 9:35:00.378 PM"
October,IMVTRN,N/A,0272119642234,2025-10-08T00:00:00.0000000Z,2-AFB Customer Check,Non-AFB Customer (Expected Skip),No AFB CUSTOMER remark found in booking,Record processed successfully but is not an AFB customer,No - Business Logic,None - Expected behavior for non-business customers,2025-11-21T20:35:01.580Z,Passenger Record 2288,"Record from 10/10/2025, 8:43:13.076 PM"
October,YBZVEC,N/A,0272101312434,2025-04-01T00:00:00.0000000Z,2-AFB Customer Check,Non-AFB Customer (Expected Skip),No AFB CUSTOMER remark found in booking,Record processed successfully but is not an AFB customer,No - Business Logic,None - Expected behavior for non-business customers,2025-11-21T20:35:01.580Z,Passenger Record 2301,"Record from 10/10/2025, 10:40:10.539 PM"
October,SSVGYY,N/A,0272119839385,2025-10-09T00:00:00.0000000Z,2-AFB Customer Check,Non-AFB Customer (Expected Skip),No AFB CUSTOMER remark found in booking,Record processed successfully but is not an AFB customer,No - Business Logic,None - Expected behavior for non-business customers,2025-11-21T20:35:01.580Z,Passenger Record 2312,"Record from 10/10/2025, 7:56:54.818 PM"
October,DYNFRU,N/A,0272119784937,2025-10-09T00:00:00.0000000Z,2-AFB Customer Check,Non-AFB Customer (Expected Skip),No AFB CUSTOMER remark found in booking,Record processed successfully but is not an AFB customer,No - Business Logic,None - Expected behavior for non-business customers,2025-11-21T20:35:01.580Z,Passenger Record 2314,"Record from 10/10/2025, 8:13:49.511 PM"
October,DINTQV,N/A,0272116382160,2025-09-04T00:00:00.0000000Z,2-AFB Customer Check,Non-AFB Customer (Expected Skip),No AFB CUSTOMER remark found in booking,Record processed successfully but is not an AFB customer,No - Business Logic,None - Expected behavior for non-business customers,2025-11-21T20:35:01.580Z,Passenger Record 2324,"Record from 10/10/2025, 7:40:01.290 PM"
October,OTCIIE,N/A,0272114004096,2025-08-08T00:00:00.0000000Z,2-AFB Customer Check,Non-AFB Customer (Expected Skip),No AFB CUSTOMER remark found in booking,Record processed successfully but is not an AFB customer,No - Business Logic,None - Expected behavior for non-business customers,2025-11-21T20:35:01.580Z,Passenger Record 2325,"Record from 10/10/2025, 7:38:12.256 PM"
October,UBSFFC,N/A,0272117160423,2025-09-12T00:00:00.0000000Z,2-AFB Customer Check,Non-AFB Customer (Expected Skip),No AFB CUSTOMER remark found in booking,Record processed successfully but is not an AFB customer,No - Business Logic,None - Expected behavior for non-business customers,2025-11-21T20:35:01.580Z,Passenger Record 2326,"Record from 10/10/2025, 7:55:16.333 PM"
October,HZIJNW,N/A,0272106151263,2025-05-20T00:00:00.0000000Z,2-AFB Customer Check,Non-AFB Customer (Expected Skip),No AFB CUSTOMER remark found in booking,Record processed successfully but is not an AFB customer,No - Business Logic,None - Expected behavior for non-business customers,2025-11-21T20:35:01.580Z,Passenger Record 2327,"Record from 10/10/2025, 6:55:01.122 PM"
October,GQZZVJ,N/A,0272119265931,2025-10-04T00:00:00.0000000Z,2-AFB Customer Check,Non-AFB Customer (Expected Skip),No AFB CUSTOMER remark found in booking,Record processed successfully but is not an AFB customer,No - Business Logic,None - Expected behavior for non-business customers,2025-11-21T20:35:01.580Z,Passenger Record 2338,"Record from 10/10/2025, 6:26:01.282 PM"
October,FMWSIG,N/A,0272119597711,2025-10-07T00:00:00.0000000Z,2-AFB Customer Check,Non-AFB Customer (Expected Skip),No AFB CUSTOMER remark found in booking,Record processed successfully but is not an AFB customer,No - Business Logic,None - Expected behavior for non-business customers,2025-11-21T20:35:01.580Z,Passenger Record 2382,"Record from 10/15/2025, 3:00:53.717 AM"
October,MUOKPF,N/A,0272119914884,2025-10-10T00:00:00.0000000Z,2-AFB Customer Check,Non-AFB Customer (Expected Skip),No AFB CUSTOMER remark found in booking,Record processed successfully but is not an AFB customer,No - Business Logic,None - Expected behavior for non-business customers,2025-11-21T20:35:01.580Z,Passenger Record 2397,"Record from 10/15/2025, 2:43:48.236 AM"
October,LCHAEN,N/A,0272120175918,2025-10-13T00:00:00.0000000Z,2-AFB Customer Check,Non-AFB Customer (Expected Skip),No AFB CUSTOMER remark found in booking,Record processed successfully but is not an AFB customer,No - Business Logic,None - Expected behavior for non-business customers,2025-11-21T20:35:01.580Z,Passenger Record 2399,"Record from 10/15/2025, 3:07:42.673 AM"
October,UXJMIT,N/A,0272113573400,2025-08-05T00:00:00.0000000Z,2-AFB Customer Check,Non-AFB Customer (Expected Skip),No AFB CUSTOMER remark found in booking,Record processed successfully but is not an AFB customer,No - Business Logic,None - Expected behavior for non-business customers,2025-11-21T20:35:01.580Z,Passenger Record 2444,"Record from 10/20/2025, 3:20:19.941 AM"
October,JKPZMF,N/A,0272120931618,2025-10-21T00:00:00.0000000Z,2-AFB Customer Check,Non-AFB Customer (Expected Skip),No AFB CUSTOMER remark found in booking,Record processed successfully but is not an AFB customer,No - Business Logic,None - Expected behavior for non-business customers,2025-11-21T20:35:01.580Z,Passenger Record 2446,"Record from 10/21/2025, 9:39:59.141 PM"
October,UZHDEP,N/A,0272120537324,2025-10-16T00:00:00.0000000Z,2-AFB Customer Check,Non-AFB Customer (Expected Skip),No AFB CUSTOMER remark found in booking,Record processed successfully but is not an AFB customer,No - Business Logic,None - Expected behavior for non-business customers,2025-11-21T20:35:01.580Z,Passenger Record 2447,"Record from 10/21/2025, 9:44:06.054 PM"
October,FYPTBG,N/A,0272119990019,2025-10-11T00:00:00.0000000Z,2-AFB Customer Check,Non-AFB Customer (Expected Skip),No AFB CUSTOMER remark found in booking,Record processed successfully but is not an AFB customer,No - Business Logic,None - Expected behavior for non-business customers,2025-11-21T20:35:01.580Z,Passenger Record 2448,"Record from 10/21/2025, 9:49:20.746 PM"
October,EKBQWN,N/A,0272120893903,2025-10-20T00:00:00.0000000Z,2-AFB Customer Check,Non-AFB Customer (Expected Skip),No AFB CUSTOMER remark found in booking,Record processed successfully but is not an AFB customer,No - Business Logic,None - Expected behavior for non-business customers,2025-11-21T20:35:01.580Z,Passenger Record 2450,"Record from 10/21/2025, 8:03:11.468 PM"
October,OUMWED,N/A,0277217293943,2025-09-10T00:00:00.0000000Z,2-AFB Customer Check,Non-AFB Customer (Expected Skip),No AFB CUSTOMER remark found in booking,Record processed successfully but is not an AFB customer,No - Business Logic,None - Expected behavior for non-business customers,2025-11-21T20:35:01.580Z,Passenger Record 2455,"Record from 10/21/2025, 8:03:53.321 PM"
October,EFZKHZ,N/A,0272118505498,2025-09-26T00:00:00.0000000Z,2-AFB Customer Check,Non-AFB Customer (Expected Skip),No AFB CUSTOMER remark found in booking,Record processed successfully but is not an AFB customer,No - Business Logic,None - Expected behavior for non-business customers,2025-11-21T20:35:01.580Z,Passenger Record 2457,"Record from 10/21/2025, 8:42:46.735 PM"
October,SGGYQJ,N/A,0272120890539,2025-10-20T00:00:00.0000000Z,2-AFB Customer Check,Non-AFB Customer (Expected Skip),No AFB CUSTOMER remark found in booking,Record processed successfully but is not an AFB customer,No - Business Logic,None - Expected behavior for non-business customers,2025-11-21T20:35:01.580Z,Passenger Record 2458,"Record from 10/21/2025, 8:53:24.619 PM"
October,YGCSIW,N/A,0272101139905,2025-03-30T00:00:00.0000000Z,2-AFB Customer Check,Non-AFB Customer (Expected Skip),No AFB CUSTOMER remark found in booking,Record processed successfully but is not an AFB customer,No - Business Logic,None - Expected behavior for non-business customers,2025-11-21T20:35:01.580Z,Passenger Record 2459,"Record from 10/21/2025, 9:03:01.744 PM"
October,INYECR,N/A,0272119024492,2025-10-01T00:00:00.0000000Z,2-AFB Customer Check,Non-AFB Customer (Expected Skip),No AFB CUSTOMER remark found in booking,Record processed successfully but is not an AFB customer,No - Business Logic,None - Expected behavior for non-business customers,2025-11-21T20:35:01.580Z,Passenger Record 2463,"Record from 10/21/2025, 8:37:48.946 PM"
October,QFQSLN,N/A,0272120725325,2025-10-18T00:00:00.0000000Z,2-AFB Customer Check,Non-AFB Customer (Expected Skip),No AFB CUSTOMER remark found in booking,Record processed successfully but is not an AFB customer,No - Business Logic,None - Expected behavior for non-business customers,2025-11-21T20:35:01.580Z,Passenger Record 2465,"Record from 10/21/2025, 8:59:22.526 PM"
October,NUJJJA,N/A,0277236342862,2025-06-19T00:00:00.0000000Z,2-AFB Customer Check,Non-AFB Customer (Expected Skip),No AFB CUSTOMER remark found in booking,Record processed successfully but is not an AFB customer,No - Business Logic,None - Expected behavior for non-business customers,2025-11-21T20:35:01.580Z,Passenger Record 2466,"Record from 10/21/2025, 7:05:56.335 PM"
October,CDQOBU,N/A,0277340618265,2025-10-14T00:00:00.0000000Z,2-AFB Customer Check,Non-AFB Customer (Expected Skip),No AFB CUSTOMER remark found in booking,Record processed successfully but is not an AFB customer,No - Business Logic,None - Expected behavior for non-business customers,2025-11-21T20:35:01.580Z,Passenger Record 2467,"Record from 10/21/2025, 7:35:48.820 PM"
October,SCMPYT,N/A,0272113658984,2025-08-06T00:00:00.0000000Z,2-AFB Customer Check,Non-AFB Customer (Expected Skip),No AFB CUSTOMER remark found in booking,Record processed successfully but is not an AFB customer,No - Business Logic,None - Expected behavior for non-business customers,2025-11-21T20:35:01.580Z,Passenger Record 2469,"Record from 10/21/2025, 8:04:16.119 PM"
October,SVMJKY,N/A,0277336279570,2025-09-26T00:00:00.0000000Z,2-AFB Customer Check,Non-AFB Customer (Expected Skip),No AFB CUSTOMER remark found in booking,Record processed successfully but is not an AFB customer,No - Business Logic,None - Expected behavior for non-business customers,2025-11-21T20:35:01.580Z,Passenger Record 2471,"Record from 10/21/2025, 7:18:48.832 PM"
October,KEDSCL,N/A,0272116730563,2025-09-08T00:00:00.0000000Z,2-AFB Customer Check,Non-AFB Customer (Expected Skip),No AFB CUSTOMER remark found in booking,Record processed successfully but is not an AFB customer,No - Business Logic,None - Expected behavior for non-business customers,2025-11-21T20:35:01.580Z,Passenger Record 2472,"Record from 10/21/2025, 7:27:41.849 PM"
October,HXQFIP,N/A,0272398822610,2025-03-06T00:00:00.0000000Z,2-AFB Customer Check,Non-AFB Customer (Expected Skip),No AFB CUSTOMER remark found in booking,Record processed successfully but is not an AFB customer,No - Business Logic,None - Expected behavior for non-business customers,2025-11-21T20:35:01.580Z,Passenger Record 2494,"Record from 10/21/2025, 9:16:07.992 PM"
October,KTWRYS,N/A,0272105472320,2025-05-13T00:00:00.0000000Z,2-AFB Customer Check,Non-AFB Customer (Expected Skip),No AFB CUSTOMER remark found in booking,Record processed successfully but is not an AFB customer,No - Business Logic,None - Expected behavior for non-business customers,2025-11-21T20:35:01.580Z,Passenger Record 2499,"Record from 10/9/2025, 11:09:35.093 PM"
October,KIQCCR,N/A,0272114569990,2025-08-14T00:00:00.0000000Z,2-AFB Customer Check,Non-AFB Customer (Expected Skip),No AFB CUSTOMER remark found in booking,Record processed successfully but is not an AFB customer,No - Business Logic,None - Expected behavior for non-business customers,2025-11-21T20:35:01.580Z,Passenger Record 2501,"Record from 10/9/2025, 8:45:42.072 PM"
October,QOHTHD,N/A,0272118899937,2025-09-30T00:00:00.0000000Z,2-AFB Customer Check,Non-AFB Customer (Expected Skip),No AFB CUSTOMER remark found in booking,Record processed successfully but is not an AFB customer,No - Business Logic,None - Expected behavior for non-business customers,2025-11-21T20:35:01.580Z,Passenger Record 2503,"Record from 10/9/2025, 8:42:46.131 PM"
October,GEBQZV,N/A,0272119351580,2025-10-05T00:00:00.0000000Z,2-AFB Customer Check,Non-AFB Customer (Expected Skip),No AFB CUSTOMER remark found in booking,Record processed successfully but is not an AFB customer,No - Business Logic,None - Expected behavior for non-business customers,2025-11-21T20:35:01.580Z,Passenger Record 2505,"Record from 10/9/2025, 8:47:59.684 PM"
October,WPMGRE,N/A,0272118988445,2025-10-01T00:00:00.0000000Z,2-AFB Customer Check,Non-AFB Customer (Expected Skip),No AFB CUSTOMER remark found in booking,Record processed successfully but is not an AFB customer,No - Business Logic,None - Expected behavior for non-business customers,2025-11-21T20:35:01.580Z,Passenger Record 2506,"Record from 10/9/2025, 9:54:01.102 PM"
October,MNGLJM,N/A,0272116177739,2025-09-02T00:00:00.0000000Z,2-AFB Customer Check,Non-AFB Customer (Expected Skip),No AFB CUSTOMER remark found in booking,Record processed successfully but is not an AFB customer,No - Business Logic,None - Expected behavior for non-business customers,2025-11-21T20:35:01.580Z,Passenger Record 2507,"Record from 10/9/2025, 9:54:18.490 PM"
October,GSTQYR,N/A,0272119260569,2025-10-04T00:00:00.0000000Z,2-AFB Customer Check,Non-AFB Customer (Expected Skip),No AFB CUSTOMER remark found in booking,Record processed successfully but is not an AFB customer,No - Business Logic,None - Expected behavior for non-business customers,2025-11-21T20:35:01.580Z,Passenger Record 2509,"Record from 10/25/2025, 3:35:39.439 AM"
October,UBDOCI,N/A,0272118406211,2025-09-25T00:00:00.0000000Z,2-AFB Customer Check,Non-AFB Customer (Expected Skip),No AFB CUSTOMER remark found in booking,Record processed successfully but is not an AFB customer,No - Business Logic,None - Expected behavior for non-business customers,2025-11-21T20:35:01.580Z,Passenger Record 2510,"Record from 10/25/2025, 3:45:14.206 AM"
October,JMAJKW,N/A,0272120663174,2025-10-18T00:00:00.0000000Z,2-AFB Customer Check,Non-AFB Customer (Expected Skip),No AFB CUSTOMER remark found in booking,Record processed successfully but is not an AFB customer,No - Business Logic,None - Expected behavior for non-business customers,2025-11-21T20:35:01.580Z,Passenger Record 2517,"Record from 10/25/2025, 3:55:35.390 AM"
October,EAIYRU,N/A,0272106286146,2025-05-21T00:00:00.0000000Z,2-AFB Customer Check,Non-AFB Customer (Expected Skip),No AFB CUSTOMER remark found in booking,Record processed successfully but is not an AFB customer,No - Business Logic,None - Expected behavior for non-business customers,2025-11-21T20:35:01.580Z,Passenger Record 2534,"Record from 10/25/2025, 4:08:00.111 AM"
October,HJETUV,N/A,0272120732803,2025-10-19T00:00:00.0000000Z,2-AFB Customer Check,Non-AFB Customer (Expected Skip),No AFB CUSTOMER remark found in booking,Record processed successfully but is not an AFB customer,No - Business Logic,None - Expected behavior for non-business customers,2025-11-21T20:35:01.580Z,Passenger Record 2539,"Record from 10/25/2025, 2:46:53.613 AM"
October,IOIZNA,N/A,0277342957980,2025-10-24T00:00:00.0000000Z,2-AFB Customer Check,Non-AFB Customer (Expected Skip),No AFB CUSTOMER remark found in booking,Record processed successfully but is not an AFB customer,No - Business Logic,None - Expected behavior for non-business customers,2025-11-21T20:35:01.580Z,Passenger Record 2540,"Record from 10/25/2025, 5:22:58.461 AM"
October,DQGYDE,N/A,0272121089380,2025-10-22T00:00:00.0000000Z,2-AFB Customer Check,Non-AFB Customer (Expected Skip),No AFB CUSTOMER remark found in booking,Record processed successfully but is not an AFB customer,No - Business Logic,None - Expected behavior for non-business customers,2025-11-21T20:35:01.580Z,Passenger Record 2541,"Record from 10/25/2025, 5:24:06.056 AM"
October,IHRLCN,N/A,0277377560905,2025-09-24T00:00:00.0000000Z,2-AFB Customer Check,Non-AFB Customer (Expected Skip),No AFB CUSTOMER remark found in booking,Record processed successfully but is not an AFB customer,No - Business Logic,None - Expected behavior for non-business customers,2025-11-21T20:35:01.580Z,Passenger Record 2543,"Record from 10/25/2025, 5:06:54.770 AM"
October,KJMWHT,N/A,0272106505643,2025-05-24T00:00:00.0000000Z,2-AFB Customer Check,Non-AFB Customer (Expected Skip),No AFB CUSTOMER remark found in booking,Record processed successfully but is not an AFB customer,No - Business Logic,None - Expected behavior for non-business customers,2025-11-21T20:35:01.580Z,Passenger Record 2546,"Record from 10/25/2025, 4:19:40.258 AM"
October,HPGXDC,N/A,0272120191589,2025-10-13T00:00:00.0000000Z,2-AFB Customer Check,Non-AFB Customer (Expected Skip),No AFB CUSTOMER remark found in booking,Record processed successfully but is not an AFB customer,No - Business Logic,None - Expected behavior for non-business customers,2025-11-21T20:35:01.580Z,Passenger Record 2552,"Record from 10/25/2025, 5:10:45.253 AM"
October,FNPIFN,N/A,0272121272129,2025-10-24T04:13:06.0000000Z,2-AFB Customer Check,Non-AFB Customer (Expected Skip),No AFB CUSTOMER remark found in booking,Record processed successfully but is not an AFB customer,No - Business Logic,None - Expected behavior for non-business customers,2025-11-21T20:35:01.580Z,Passenger Record 2564,"Record from 10/25/2025, 5:20:15.717 AM"
October,HJNHDV,N/A,0277339460165,2025-10-09T00:00:00.0000000Z,2-AFB Customer Check,Non-AFB Customer (Expected Skip),No AFB CUSTOMER remark found in booking,Record processed successfully but is not an AFB customer,No - Business Logic,None - Expected behavior for non-business customers,2025-11-21T20:35:01.580Z,Passenger Record 2576,"Record from 10/25/2025, 2:59:40.714 AM"
October,MZVFCQ,N/A,0272121282143,2025-10-24T00:00:00.0000000Z,2-AFB Customer Check,Non-AFB Customer (Expected Skip),No AFB CUSTOMER remark found in booking,Record processed successfully but is not an AFB customer,No - Business Logic,None - Expected behavior for non-business customers,2025-11-21T20:35:01.580Z,Passenger Record 2577,"Record from 10/25/2025, 3:01:25.421 AM"
October,QHTFQB,N/A,0272120724458,2025-10-18T22:16:09.0000000Z,2-AFB Customer Check,Non-AFB Customer (Expected Skip),No AFB CUSTOMER remark found in booking,Record processed successfully but is not an AFB customer,No - Business Logic,None - Expected behavior for non-business customers,2025-11-21T20:35:01.580Z,Passenger Record 2581,"Record from 10/25/2025, 4:24:07.488 AM"
October,FVLEEZ,N/A,0277338848876,2025-10-07T00:00:00.0000000Z,2-AFB Customer Check,Non-AFB Customer (Expected Skip),No AFB CUSTOMER remark found in booking,Record processed successfully but is not an AFB customer,No - Business Logic,None - Expected behavior for non-business customers,2025-11-21T20:35:01.580Z,Passenger Record 2582,"Record from 10/25/2025, 3:18:32.171 AM"
October,QBXFSW,N/A,0272120225125,2025-10-13T00:00:00.0000000Z,2-AFB Customer Check,Non-AFB Customer (Expected Skip),No AFB CUSTOMER remark found in booking,Record processed successfully but is not an AFB customer,No - Business Logic,None - Expected behavior for non-business customers,2025-11-21T20:35:01.580Z,Passenger Record 2587,"Record from 10/25/2025, 4:24:15.095 AM"
October,QGTGTN,N/A,0272111897600,2025-07-18T00:00:00.0000000Z,2-AFB Customer Check,Non-AFB Customer (Expected Skip),No AFB CUSTOMER remark found in booking,Record processed successfully but is not an AFB customer,No - Business Logic,None - Expected behavior for non-business customers,2025-11-21T20:35:01.580Z,Passenger Record 2589,"Record from 10/25/2025, 4:35:42.171 AM"
October,LPSXFL,N/A,0272118282290,2025-09-24T00:00:00.0000000Z,2-AFB Customer Check,Non-AFB Customer (Expected Skip),No AFB CUSTOMER remark found in booking,Record processed successfully but is not an AFB customer,No - Business Logic,None - Expected behavior for non-business customers,2025-11-21T20:35:01.580Z,Passenger Record 2595,"Record from 10/26/2025, 7:24:24.902 AM"
October,UNPNZC,N/A,0272119060954,2025-10-02T00:00:00.0000000Z,2-AFB Customer Check,Non-AFB Customer (Expected Skip),No AFB CUSTOMER remark found in booking,Record processed successfully but is not an AFB customer,No - Business Logic,None - Expected behavior for non-business customers,2025-11-21T20:35:01.580Z,Passenger Record 2616,"Record from 10/26/2025, 2:26:50.597 AM"
October,NYCZKT,N/A,0277341164426,2025-10-17T00:00:00.0000000Z,2-AFB Customer Check,Non-AFB Customer (Expected Skip),No AFB CUSTOMER remark found in booking,Record processed successfully but is not an AFB customer,No - Business Logic,None - Expected behavior for non-business customers,2025-11-21T20:35:01.580Z,Passenger Record 2623,"Record from 10/26/2025, 6:47:13.421 AM"
October,IBBXLN,N/A,0272116117816,2025-09-02T00:00:00.0000000Z,2-AFB Customer Check,Non-AFB Customer (Expected Skip),No AFB CUSTOMER remark found in booking,Record processed successfully but is not an AFB customer,No - Business Logic,None - Expected behavior for non-business customers,2025-11-21T20:35:01.580Z,Passenger Record 2624,"Record from 10/26/2025, 4:23:00.077 AM"
October,OVRQPK,N/A,0272120757716,2025-10-19T00:00:00.0000000Z,2-AFB Customer Check,Non-AFB Customer (Expected Skip),No AFB CUSTOMER remark found in booking,Record processed successfully but is not an AFB customer,No - Business Logic,None - Expected behavior for non-business customers,2025-11-21T20:35:01.580Z,Passenger Record 2634,"Record from 10/26/2025, 3:58:32.026 PM"
October,MRJLER,N/A,0272115923144,2025-08-30T00:00:00.0000000Z,2-AFB Customer Check,Non-AFB Customer (Expected Skip),No AFB CUSTOMER remark found in booking,Record processed successfully but is not an AFB customer,No - Business Logic,None - Expected behavior for non-business customers,2025-11-21T20:35:01.580Z,Passenger Record 2635,"Record from 10/26/2025, 4:02:18.749 PM"
October,KAYJVP,N/A,0272115540152,2025-08-26T00:00:00.0000000Z,2-AFB Customer Check,Non-AFB Customer (Expected Skip),No AFB CUSTOMER remark found in booking,Record processed successfully but is not an AFB customer,No - Business Logic,None - Expected behavior for non-business customers,2025-11-21T20:35:01.580Z,Passenger Record 2640,"Record from 10/27/2025, 1:08:58.278 AM"
October,ERUIQW,N/A,0272118985197,2025-10-01T00:00:00.0000000Z,2-AFB Customer Check,Non-AFB Customer (Expected Skip),No AFB CUSTOMER remark found in booking,Record processed successfully but is not an AFB customer,No - Business Logic,None - Expected behavior for non-business customers,2025-11-21T20:35:01.580Z,Passenger Record 2643,"Record from 10/27/2025, 1:12:16.473 AM"
October,USUDXV,N/A,0272115061949,2025-08-20T00:00:00.0000000Z,2-AFB Customer Check,Non-AFB Customer (Expected Skip),No AFB CUSTOMER remark found in booking,Record processed successfully but is not an AFB customer,No - Business Logic,None - Expected behavior for non-business customers,2025-11-21T20:35:01.580Z,Passenger Record 2645,"Record from 10/27/2025, 1:43:42.734 AM"
October,KWXJYL,N/A,0272116024227,2025-08-31T00:00:00.0000000Z,2-AFB Customer Check,Non-AFB Customer (Expected Skip),No AFB CUSTOMER remark found in booking,Record processed successfully but is not an AFB customer,No - Business Logic,None - Expected behavior for non-business customers,2025-11-21T20:35:01.580Z,Passenger Record 2646,"Record from 10/18/2025, 12:33:38.753 AM"
October,GQXYWK,N/A,0272120631717,2025-10-17T00:00:00.0000000Z,2-AFB Customer Check,Non-AFB Customer (Expected Skip),No AFB CUSTOMER remark found in booking,Record processed successfully but is not an AFB customer,No - Business Logic,None - Expected behavior for non-business customers,2025-11-21T20:35:01.580Z,Passenger Record 2647,"Record from 10/17/2025, 11:41:50.754 PM"
October,NYYGMN,N/A,0277337283592,2025-10-01T00:00:00.0000000Z,2-AFB Customer Check,Non-AFB Customer (Expected Skip),No AFB CUSTOMER remark found in booking,Record processed successfully but is not an AFB customer,No - Business Logic,None - Expected behavior for non-business customers,2025-11-21T20:35:01.580Z,Passenger Record 2648,"Record from 10/17/2025, 11:43:13.770 PM"
October,JTTYBS,N/A,0272115159151,2025-08-21T00:00:00.0000000Z,2-AFB Customer Check,Non-AFB Customer (Expected Skip),No AFB CUSTOMER remark found in booking,Record processed successfully but is not an AFB customer,No - Business Logic,None - Expected behavior for non-business customers,2025-11-21T20:35:01.580Z,Passenger Record 2650,"Record from 10/17/2025, 11:51:10.308 PM"
October,YCKLRI,N/A,0272121470008,2025-10-26T00:00:00.0000000Z,2-AFB Customer Check,Non-AFB Customer (Expected Skip),No AFB CUSTOMER remark found in booking,Record processed successfully but is not an AFB customer,No - Business Logic,None - Expected behavior for non-business customers,2025-11-21T20:35:01.580Z,Passenger Record 2751,"Record from 10/27/2025, 12:31:44.981 AM"
October,ORVVYC,N/A,0012283433480,2025-10-17T00:00:00.0000000Z,2-AFB Customer Check,Non-AFB Customer (Expected Skip),No AFB CUSTOMER remark found in booking,Record processed successfully but is not an AFB customer,No - Business Logic,None - Expected behavior for non-business customers,2025-11-21T20:35:01.580Z,Passenger Record 2756,"Record from 10/27/2025, 12:58:47.494 AM"
October,HYUMZG,N/A,0272116375936,2025-09-04T00:00:00.0000000Z,2-AFB Customer Check,Non-AFB Customer (Expected Skip),No AFB CUSTOMER remark found in booking,Record processed successfully but is not an AFB customer,No - Business Logic,None - Expected behavior for non-business customers,2025-11-21T20:35:01.580Z,Passenger Record 2759,"Record from 10/4/2025, 6:06:40.173 PM"
October,STZTCA,N/A,0277336126738,2025-09-26T00:00:00.0000000Z,2-AFB Customer Check,Non-AFB Customer (Expected Skip),No AFB CUSTOMER remark found in booking,Record processed successfully but is not an AFB customer,No - Business Logic,None - Expected behavior for non-business customers,2025-11-21T20:35:01.580Z,Passenger Record 2760,"Record from 10/4/2025, 6:22:01.245 PM"
October,DXIZSC,N/A,0272115795515,2025-08-28T00:00:00.0000000Z,2-AFB Customer Check,Non-AFB Customer (Expected Skip),No AFB CUSTOMER remark found in booking,Record processed successfully but is not an AFB customer,No - Business Logic,None - Expected behavior for non-business customers,2025-11-21T20:35:01.580Z,Passenger Record 2761,"Record from 10/4/2025, 8:52:01.612 PM"
October,IIKTHC,N/A,0272106686677,2025-05-26T00:00:00.0000000Z,2-AFB Customer Check,Non-AFB Customer (Expected Skip),No AFB CUSTOMER remark found in booking,Record processed successfully but is not an AFB customer,No - Business Logic,None - Expected behavior for non-business customers,2025-11-21T20:35:01.580Z,Passenger Record 2766,"Record from 10/4/2025, 7:06:55.282 PM"
October,QGFSDY,N/A,0272114608781,2025-08-15T00:00:00.0000000Z,2-AFB Customer Check,Non-AFB Customer (Expected Skip),No AFB CUSTOMER remark found in booking,Record processed successfully but is not an AFB customer,No - Business Logic,None - Expected behavior for non-business customers,2025-11-21T20:35:01.580Z,Passenger Record 2768,"Record from 10/4/2025, 8:37:01.622 PM"
October,OJULSJ,N/A,0272116093195,2025-09-01T00:00:00.0000000Z,2-AFB Customer Check,Non-AFB Customer (Expected Skip),No AFB CUSTOMER remark found in booking,Record processed successfully but is not an AFB customer,No - Business Logic,None - Expected behavior for non-business customers,2025-11-21T20:35:01.580Z,Passenger Record 2769,"Record from 10/4/2025, 7:45:31.444 PM"
October,CWRDIB,N/A,0272118548918,2025-09-27T00:00:00.0000000Z,2-AFB Customer Check,Non-AFB Customer (Expected Skip),No AFB CUSTOMER remark found in booking,Record processed successfully but is not an AFB customer,No - Business Logic,None - Expected behavior for non-business customers,2025-11-21T20:35:01.580Z,Passenger Record 2771,"Record from 10/4/2025, 12:20:02.947 PM"
October,FIWMKZ,N/A,0272117281769,2025-09-13T00:00:00.0000000Z,2-AFB Customer Check,Non-AFB Customer (Expected Skip),No AFB CUSTOMER remark found in booking,Record processed successfully but is not an AFB customer,No - Business Logic,None - Expected behavior for non-business customers,2025-11-21T20:35:01.580Z,Passenger Record 2772,"Record from 10/4/2025, 11:55:43.313 AM"
October,DDQMQT,N/A,1737378667032,2025-10-01T00:00:00.0000000Z,2-AFB Customer Check,Non-AFB Customer (Expected Skip),No AFB CUSTOMER remark found in booking,Record processed successfully but is not an AFB customer,No - Business Logic,None - Expected behavior for non-business customers,2025-11-21T20:35:01.580Z,Passenger Record 2776,"Record from 10/4/2025, 11:10:28.481 AM"
October,QBCWUP,N/A,0272112053940,2025-07-20T00:00:00.0000000Z,2-AFB Customer Check,Non-AFB Customer (Expected Skip),No AFB CUSTOMER remark found in booking,Record processed successfully but is not an AFB customer,No - Business Logic,None - Expected behavior for non-business customers,2025-11-21T20:35:01.580Z,Passenger Record 2777,"Record from 10/4/2025, 12:04:07.439 PM"
October,HKJKIG,N/A,0272113874089,2025-08-07T00:00:00.0000000Z,2-AFB Customer Check,Non-AFB Customer (Expected Skip),No AFB CUSTOMER remark found in booking,Record processed successfully but is not an AFB customer,No - Business Logic,None - Expected behavior for non-business customers,2025-11-21T20:35:01.580Z,Passenger Record 2797,"Record from 10/5/2025, 4:37:00.964 AM"
October,FMVDHJ,N/A,0272121263802,2025-10-24T00:00:00.0000000Z,2-AFB Customer Check,Non-AFB Customer (Expected Skip),No AFB CUSTOMER remark found in booking,Record processed successfully but is not an AFB customer,No - Business Logic,None - Expected behavior for non-business customers,2025-11-21T20:35:01.580Z,Passenger Record 2809,"Record from 10/24/2025, 6:14:58.338 PM"
October,YYDBGY,N/A,0277339629320,2025-10-10T00:00:00.0000000Z,2-AFB Customer Check,Non-AFB Customer (Expected Skip),No AFB CUSTOMER remark found in booking,Record processed successfully but is not an AFB customer,No - Business Logic,None - Expected behavior for non-business customers,2025-11-21T20:35:01.580Z,Passenger Record 2811,"Record from 10/24/2025, 6:15:37.172 PM"
October,JOACDK,N/A,0272118342019,2025-09-25T00:00:00.0000000Z,2-AFB Customer Check,Non-AFB Customer (Expected Skip),No AFB CUSTOMER remark found in booking,Record processed successfully but is not an AFB customer,No - Business Logic,None - Expected behavior for non-business customers,2025-11-21T20:35:01.580Z,Passenger Record 2816,"Record from 10/24/2025, 5:51:51.868 PM"
October,YDZLSE,N/A,0272120094599,2025-10-12T00:00:00.0000000Z,2-AFB Customer Check,Non-AFB Customer (Expected Skip),No AFB CUSTOMER remark found in booking,Record processed successfully but is not an AFB customer,No - Business Logic,None - Expected behavior for non-business customers,2025-11-21T20:35:01.580Z,Passenger Record 2817,"Record from 10/24/2025, 6:33:11.433 PM"
October,FKFJSK,N/A,0272118615051,2025-09-28T00:00:00.0000000Z,2-AFB Customer Check,Non-AFB Customer (Expected Skip),No AFB CUSTOMER remark found in booking,Record processed successfully but is not an AFB customer,No - Business Logic,None - Expected behavior for non-business customers,2025-11-21T20:35:01.580Z,Passenger Record 2818,"Record from 10/24/2025, 6:37:45.657 PM"
October,EJHUMI,N/A,0277340610461,2025-10-14T00:00:00.0000000Z,2-AFB Customer Check,Non-AFB Customer (Expected Skip),No AFB CUSTOMER remark found in booking,Record processed successfully but is not an AFB customer,No - Business Logic,None - Expected behavior for non-business customers,2025-11-21T20:35:01.580Z,Passenger Record 2826,"Record from 10/24/2025, 5:39:14.225 PM"
October,LHCAZH,N/A,0272117770322,2025-09-18T00:00:00.0000000Z,2-AFB Customer Check,Non-AFB Customer (Expected Skip),No AFB CUSTOMER remark found in booking,Record processed successfully but is not an AFB customer,No - Business Logic,None - Expected behavior for non-business customers,2025-11-21T20:35:01.580Z,Passenger Record 2840,"Record from 10/24/2025, 4:18:00.463 PM"
October,KXFRNL,N/A,0277339794088,2025-10-10T00:00:00.0000000Z,2-AFB Customer Check,Non-AFB Customer (Expected Skip),No AFB CUSTOMER remark found in booking,Record processed successfully but is not an AFB customer,No - Business Logic,None - Expected behavior for non-business customers,2025-11-21T20:35:01.580Z,Passenger Record 2842,"Record from 10/24/2025, 4:32:28.962 PM"
October,LIHFRB,N/A,1572129532481,2025-10-15T00:00:00.0000000Z,2-AFB Customer Check,Non-AFB Customer (Expected Skip),No AFB CUSTOMER remark found in booking,Record processed successfully but is not an AFB customer,No - Business Logic,None - Expected behavior for non-business customers,2025-11-21T20:35:01.580Z,Passenger Record 2878,"Record from 10/25/2025, 12:23:05.558 AM"
October,YPNVPH,N/A,0272121275904,2025-10-24T00:00:00.0000000Z,2-AFB Customer Check,Non-AFB Customer (Expected Skip),No AFB CUSTOMER remark found in booking,Record processed successfully but is not an AFB customer,No - Business Logic,None - Expected behavior for non-business customers,2025-11-21T20:35:01.580Z,Passenger Record 2887,"Record from 10/25/2025, 12:43:42.226 AM"
October,JYIJBL,N/A,0272117601430,2025-09-17T00:00:00.0000000Z,2-AFB Customer Check,Non-AFB Customer (Expected Skip),No AFB CUSTOMER remark found in booking,Record processed successfully but is not an AFB customer,No - Business Logic,None - Expected behavior for non-business customers,2025-11-21T20:35:01.580Z,Passenger Record 2896,"Record from 10/25/2025, 12:54:00.179 AM"
October,MWZFJT,N/A,0272120594518,2025-10-17T00:00:00.0000000Z,2-AFB Customer Check,Non-AFB Customer (Expected Skip),No AFB CUSTOMER remark found in booking,Record processed successfully but is not an AFB customer,No - Business Logic,None - Expected behavior for non-business customers,2025-11-21T20:35:01.580Z,Passenger Record 2908,"Record from 10/25/2025, 2:45:18.270 AM"
October,LMQIFO,N/A,0277339794076,2025-10-10T00:00:00.0000000Z,2-AFB Customer Check,Non-AFB Customer (Expected Skip),No AFB CUSTOMER remark found in booking,Record processed successfully but is not an AFB customer,No - Business Logic,None - Expected behavior for non-business customers,2025-11-21T20:35:01.580Z,Passenger Record 2927,"Record from 10/25/2025, 1:27:52.343 AM"
October,MJFLPM,N/A,0272116773231,2025-09-08T00:00:00.0000000Z,2-AFB Customer Check,Non-AFB Customer (Expected Skip),No AFB CUSTOMER remark found in booking,Record processed successfully but is not an AFB customer,No - Business Logic,None - Expected behavior for non-business customers,2025-11-21T20:35:01.580Z,Passenger Record 2944,"Record from 10/25/2025, 1:11:09.631 AM"
October,FFJPRL,N/A,0272118516549,2025-09-26T00:00:00.0000000Z,2-AFB Customer Check,Non-AFB Customer (Expected Skip),No AFB CUSTOMER remark found in booking,Record processed successfully but is not an AFB customer,No - Business Logic,None - Expected behavior for non-business customers,2025-11-21T20:35:01.580Z,Passenger Record 2948,"Record from 10/25/2025, 3:56:00.080 PM"
October,ICDSDM,N/A,0272121320573,2025-10-24T00:00:00.0000000Z,2-AFB Customer Check,Non-AFB Customer (Expected Skip),No AFB CUSTOMER remark found in booking,Record processed successfully but is not an AFB customer,No - Business Logic,None - Expected behavior for non-business customers,2025-11-21T20:35:01.580Z,Passenger Record 2949,"Record from 10/25/2025, 4:01:10.221 PM"
October,GMYOVN,N/A,0272121053884,2025-10-22T00:00:00.0000000Z,2-AFB Customer Check,Non-AFB Customer (Expected Skip),No AFB CUSTOMER remark found in booking,Record processed successfully but is not an AFB customer,No - Business Logic,None - Expected behavior for non-business customers,2025-11-21T20:35:01.580Z,Passenger Record 2950,"Record from 10/25/2025, 4:20:44.317 PM"
October,ADMXZB,N/A,0277377322406,2025-09-21T00:00:00.0000000Z,2-AFB Customer Check,Non-AFB Customer (Expected Skip),No AFB CUSTOMER remark found in booking,Record processed successfully but is not an AFB customer,No - Business Logic,None - Expected behavior for non-business customers,2025-11-21T20:35:01.580Z,Passenger Record 2951,"Record from 10/25/2025, 4:23:26.678 PM"
October,IOWMEW,N/A,0012281133408,2025-10-07T00:00:00.0000000Z,2-AFB Customer Check,Non-AFB Customer (Expected Skip),No AFB CUSTOMER remark found in booking,Record processed successfully but is not an AFB customer,No - Business Logic,None - Expected behavior for non-business customers,2025-11-21T20:35:01.580Z,Passenger Record 2965,"Record from 10/25/2025, 5:21:46.488 PM"
October,DXOATA,N/A,0272120962744,2025-10-21T00:00:00.0000000Z,2-AFB Customer Check,Non-AFB Customer (Expected Skip),No AFB CUSTOMER remark found in booking,Record processed successfully but is not an AFB customer,No - Business Logic,None - Expected behavior for non-business customers,2025-11-21T20:35:01.580Z,Passenger Record 2977,"Record from 10/25/2025, 10:18:49.592 PM"
October,CNKJDA,N/A,0272117351361,2025-09-14T00:00:00.0000000Z,2-AFB Customer Check,Non-AFB Customer (Expected Skip),No AFB CUSTOMER remark found in booking,Record processed successfully but is not an AFB customer,No - Business Logic,None - Expected behavior for non-business customers,2025-11-21T20:35:01.580Z,Passenger Record 2994,"Record from 10/23/2025, 12:36:56.558 AM"
October,YAJSIQ,N/A,0272120995542,2025-10-21T00:00:00.0000000Z,2-AFB Customer Check,Non-AFB Customer (Expected Skip),No AFB CUSTOMER remark found in booking,Record processed successfully but is not an AFB customer,No - Business Logic,None - Expected behavior for non-business customers,2025-11-21T20:35:01.580Z,Passenger Record 2998,"Record from 10/23/2025, 3:10:16.723 AM"
October,JPKPPC,N/A,0272120856138,2025-10-20T00:00:00.0000000Z,2-AFB Customer Check,Non-AFB Customer (Expected Skip),No AFB CUSTOMER remark found in booking,Record processed successfully but is not an AFB customer,No - Business Logic,None - Expected behavior for non-business customers,2025-11-21T20:35:01.580Z,Passenger Record 2999,"Record from 10/23/2025, 3:56:15.947 AM"
October,HRPTGK,N/A,0272120313500,2025-10-14T00:00:00.0000000Z,2-AFB Customer Check,Non-AFB Customer (Expected Skip),No AFB CUSTOMER remark found in booking,Record processed successfully but is not an AFB customer,No - Business Logic,None - Expected behavior for non-business customers,2025-11-21T20:35:01.580Z,Passenger Record 3005,"Record from 10/23/2025, 3:12:47.118 AM"
October,ILHVYF,N/A,0272119040995,2025-10-02T00:00:00.0000000Z,2-AFB Customer Check,Non-AFB Customer (Expected Skip),No AFB CUSTOMER remark found in booking,Record processed successfully but is not an AFB customer,No - Business Logic,None - Expected behavior for non-business customers,2025-11-21T20:35:01.580Z,Passenger Record 3015,"Record from 10/23/2025, 3:29:49.621 AM"
October,MHKIAX,N/A,0272116948243,2025-09-10T00:00:00.0000000Z,2-AFB Customer Check,Non-AFB Customer (Expected Skip),No AFB CUSTOMER remark found in booking,Record processed successfully but is not an AFB customer,No - Business Logic,None - Expected behavior for non-business customers,2025-11-21T20:35:01.580Z,Passenger Record 3023,"Record from 10/23/2025, 4:09:30.413 AM"
October,JUMHPX,N/A,0272119576572,2025-10-07T00:00:00.0000000Z,2-AFB Customer Check,Non-AFB Customer (Expected Skip),No AFB CUSTOMER remark found in booking,Record processed successfully but is not an AFB customer,No - Business Logic,None - Expected behavior for non-business customers,2025-11-21T20:35:01.580Z,Passenger Record 3028,"Record from 10/23/2025, 12:40:46.346 AM"
October,KUHZGT,N/A,0272117388599,2025-09-15T00:00:00.0000000Z,2-AFB Customer Check,Non-AFB Customer (Expected Skip),No AFB CUSTOMER remark found in booking,Record processed successfully but is not an AFB customer,No - Business Logic,None - Expected behavior for non-business customers,2025-11-21T20:35:01.580Z,Passenger Record 3029,"Record from 10/23/2025, 12:53:27.970 AM"
October,EZYHSG,N/A,0272111148173,2025-07-11T00:00:00.0000000Z,2-AFB Customer Check,Non-AFB Customer (Expected Skip),No AFB CUSTOMER remark found in booking,Record processed successfully but is not an AFB customer,No - Business Logic,None - Expected behavior for non-business customers,2025-11-21T20:35:01.580Z,Passenger Record 3038,"Record from 10/22/2025, 10:54:34.880 PM"
October,WMEWYL,N/A,0272119818207,2025-10-09T00:00:00.0000000Z,2-AFB Customer Check,Non-AFB Customer (Expected Skip),No AFB CUSTOMER remark found in booking,Record processed successfully but is not an AFB customer,No - Business Logic,None - Expected behavior for non-business customers,2025-11-21T20:35:01.580Z,Passenger Record 3060,"Record from 10/22/2025, 10:57:13.423 PM"
October,WPSLWR,N/A,0272120964334,2025-10-21T00:00:00.0000000Z,2-AFB Customer Check,Non-AFB Customer (Expected Skip),No AFB CUSTOMER remark found in booking,Record processed successfully but is not an AFB customer,No - Business Logic,None - Expected behavior for non-business customers,2025-11-21T20:35:01.580Z,Passenger Record 3061,"Record from 10/22/2025, 10:58:48.956 PM"
October,ILINOK,N/A,0272121343018,2025-10-24T00:00:00.0000000Z,2-AFB Customer Check,Non-AFB Customer (Expected Skip),No AFB CUSTOMER remark found in booking,Record processed successfully but is not an AFB customer,No - Business Logic,None - Expected behavior for non-business customers,2025-11-21T20:35:01.580Z,Passenger Record 3064,"Record from 10/28/2025, 1:15:43.120 PM"
October,LEAOHB,N/A,0272118804611,2025-09-30T01:44:39.0000000Z,2-AFB Customer Check,Non-AFB Customer (Expected Skip),No AFB CUSTOMER remark found in booking,Record processed successfully but is not an AFB customer,No - Business Logic,None - Expected behavior for non-business customers,2025-11-21T20:35:01.580Z,Passenger Record 3068,"Record from 10/28/2025, 4:39:13.444 PM"
October,JUQFDV,N/A,0272120292286,2025-10-14T00:00:00.0000000Z,2-AFB Customer Check,Non-AFB Customer (Expected Skip),No AFB CUSTOMER remark found in booking,Record processed successfully but is not an AFB customer,No - Business Logic,None - Expected behavior for non-business customers,2025-11-21T20:35:01.580Z,Passenger Record 3069,"Record from 10/28/2025, 1:54:21.380 PM"
October,IOCEWC,N/A,0272110090451,2025-06-30T00:00:00.0000000Z,2-AFB Customer Check,Non-AFB Customer (Expected Skip),No AFB CUSTOMER remark found in booking,Record processed successfully but is not an AFB customer,No - Business Logic,None - Expected behavior for non-business customers,2025-11-21T20:35:01.580Z,Passenger Record 3071,"Record from 10/28/2025, 9:01:33.119 AM"
October,YCNYLF,N/A,0272120085659,2025-10-12T15:53:44.0000000Z,2-AFB Customer Check,Non-AFB Customer (Expected Skip),No AFB CUSTOMER remark found in booking,Record processed successfully but is not an AFB customer,No - Business Logic,None - Expected behavior for non-business customers,2025-11-21T20:35:01.580Z,Passenger Record 3073,"Record from 10/28/2025, 4:43:36.172 PM"
October,JFEACK,N/A,0277381903711,2025-10-27T00:00:00.0000000Z,2-AFB Customer Check,Non-AFB Customer (Expected Skip),No AFB CUSTOMER remark found in booking,Record processed successfully but is not an AFB customer,No - Business Logic,None - Expected behavior for non-business customers,2025-11-21T20:35:01.580Z,Passenger Record 3075,"Record from 10/28/2025, 6:19:16.127 AM"
October,AEPEPM,N/A,0272121112558,2025-10-22T00:00:00.0000000Z,2-AFB Customer Check,Non-AFB Customer (Expected Skip),No AFB CUSTOMER remark found in booking,Record processed successfully but is not an AFB customer,No - Business Logic,None - Expected behavior for non-business customers,2025-11-21T20:35:01.580Z,Passenger Record 3078,"Record from 10/28/2025, 6:26:42.856 AM"
October,LDMPLF,N/A,0272121045087,2025-10-22T00:00:00.0000000Z,2-AFB Customer Check,Non-AFB Customer (Expected Skip),No AFB CUSTOMER remark found in booking,Record processed successfully but is not an AFB customer,No - Business Logic,None - Expected behavior for non-business customers,2025-11-21T20:35:01.580Z,Passenger Record 3079,"Record from 10/28/2025, 4:19:42.151 AM"
October,UIPXQY,N/A,0272120495643,2025-10-16T00:00:00.0000000Z,2-AFB Customer Check,Non-AFB Customer (Expected Skip),No AFB CUSTOMER remark found in booking,Record processed successfully but is not an AFB customer,No - Business Logic,None - Expected behavior for non-business customers,2025-11-21T20:35:01.580Z,Passenger Record 3085,"Record from 10/28/2025, 4:34:50.267 AM"
October,IMWGLF,N/A,0277395279890,2025-10-16T00:00:00.0000000Z,2-AFB Customer Check,Non-AFB Customer (Expected Skip),No AFB CUSTOMER remark found in booking,Record processed successfully but is not an AFB customer,No - Business Logic,None - Expected behavior for non-business customers,2025-11-21T20:35:01.580Z,Passenger Record 3091,"Record from 10/28/2025, 7:20:10.730 AM"
October,CHLGLU,N/A,0272121636972,2025-10-27T00:00:00.0000000Z,2-AFB Customer Check,Non-AFB Customer (Expected Skip),No AFB CUSTOMER remark found in booking,Record processed successfully but is not an AFB customer,No - Business Logic,None - Expected behavior for non-business customers,2025-11-21T20:35:01.580Z,Passenger Record 3092,"Record from 10/28/2025, 4:46:44.072 AM"
October,AISPDZ,N/A,0272117755900,2025-09-18T00:00:00.0000000Z,2-AFB Customer Check,Non-AFB Customer (Expected Skip),No AFB CUSTOMER remark found in booking,Record processed successfully but is not an AFB customer,No - Business Logic,None - Expected behavior for non-business customers,2025-11-21T20:35:01.580Z,Passenger Record 3098,"Record from 10/14/2025, 9:13:22.903 PM"
October,GTZEEG,N/A,0272117693388,2025-09-18T00:00:00.0000000Z,2-AFB Customer Check,Non-AFB Customer (Expected Skip),No AFB CUSTOMER remark found in booking,Record processed successfully but is not an AFB customer,No - Business Logic,None - Expected behavior for non-business customers,2025-11-21T20:35:01.580Z,Passenger Record 3100,"Record from 10/14/2025, 5:31:33.519 PM"
October,DGDIOX,N/A,0272107055391,2025-05-29T00:00:00.0000000Z,2-AFB Customer Check,Non-AFB Customer (Expected Skip),No AFB CUSTOMER remark found in booking,Record processed successfully but is not an AFB customer,No - Business Logic,None - Expected behavior for non-business customers,2025-11-21T20:35:01.581Z,Passenger Record 3112,"Record from 10/14/2025, 5:25:54.189 PM"
October,NUSUQQ,N/A,0272115410642,2025-08-24T00:00:00.0000000Z,2-AFB Customer Check,Non-AFB Customer (Expected Skip),No AFB CUSTOMER remark found in booking,Record processed successfully but is not an AFB customer,No - Business Logic,None - Expected behavior for non-business customers,2025-11-21T20:35:01.581Z,Passenger Record 3117,"Record from 10/14/2025, 7:45:18.556 PM"
October,YVZJWO,N/A,0272119597880,2025-10-07T00:00:00.0000000Z,2-AFB Customer Check,Non-AFB Customer (Expected Skip),No AFB CUSTOMER remark found in booking,Record processed successfully but is not an AFB customer,No - Business Logic,None - Expected behavior for non-business customers,2025-11-21T20:35:01.581Z,Passenger Record 3119,"Record from 10/14/2025, 8:49:01.352 PM"
October,WNVYZX,N/A,0277216961328,2025-09-17T00:00:00.0000000Z,2-AFB Customer Check,Non-AFB Customer (Expected Skip),No AFB CUSTOMER remark found in booking,Record processed successfully but is not an AFB customer,No - Business Logic,None - Expected behavior for non-business customers,2025-11-21T20:35:01.581Z,Passenger Record 3136,"Record from 10/5/2025, 8:12:18.876 PM"
October,SVLZDE,N/A,0012249530367,2025-06-16T00:00:00.0000000Z,2-AFB Customer Check,Non-AFB Customer (Expected Skip),No AFB CUSTOMER remark found in booking,Record processed successfully but is not an AFB customer,No - Business Logic,None - Expected behavior for non-business customers,2025-11-21T20:35:01.581Z,Passenger Record 3137,"Record from 10/5/2025, 9:05:31.309 PM"
October,NUXRMU,N/A,0272117657573,2025-09-17T00:00:00.0000000Z,2-AFB Customer Check,Non-AFB Customer (Expected Skip),No AFB CUSTOMER remark found in booking,Record processed successfully but is not an AFB customer,No - Business Logic,None - Expected behavior for non-business customers,2025-11-21T20:35:01.581Z,Passenger Record 3203,"Record from 10/16/2025, 8:28:15.904 PM"
October,WIPDJN,N/A,0277326487630,2025-08-21T00:00:00.0000000Z,2-AFB Customer Check,Non-AFB Customer (Expected Skip),No AFB CUSTOMER remark found in booking,Record processed successfully but is not an AFB customer,No - Business Logic,None - Expected behavior for non-business customers,2025-11-21T20:35:01.581Z,Passenger Record 3206,"Record from 10/16/2025, 8:55:48.958 PM"
October,SZAJZG,N/A,0272120475415,2021-11-21T00:00:00.0000000Z,2-AFB Customer Check,Non-AFB Customer (Expected Skip),No AFB CUSTOMER remark found in booking,Record processed successfully but is not an AFB customer,No - Business Logic,None - Expected behavior for non-business customers,2025-11-21T20:35:01.581Z,Passenger Record 3222,"Record from 10/16/2025, 9:12:05.301 PM"
October,UNDQOC,N/A,0272117221773,2025-09-13T00:00:00.0000000Z,2-AFB Customer Check,Non-AFB Customer (Expected Skip),No AFB CUSTOMER remark found in booking,Record processed successfully but is not an AFB customer,No - Business Logic,None - Expected behavior for non-business customers,2025-11-21T20:35:01.581Z,Passenger Record 3228,"Record from 10/16/2025, 6:59:21.500 PM"
October,WFXTBQ,N/A,0272119086273,2025-10-02T00:00:00.0000000Z,2-AFB Customer Check,Non-AFB Customer (Expected Skip),No AFB CUSTOMER remark found in booking,Record processed successfully but is not an AFB customer,No - Business Logic,None - Expected behavior for non-business customers,2025-11-21T20:35:01.581Z,Passenger Record 3230,"Record from 10/16/2025, 8:42:55.924 PM"
October,UFUDYC,N/A,0272117492096,2025-09-16T00:00:00.0000000Z,2-AFB Customer Check,Non-AFB Customer (Expected Skip),No AFB CUSTOMER remark found in booking,Record processed successfully but is not an AFB customer,No - Business Logic,None - Expected behavior for non-business customers,2025-11-21T20:35:01.581Z,Passenger Record 3232,"Record from 10/16/2025, 9:13:01.564 PM"
October,LEDLFZ,N/A,0272117902725,2025-09-20T00:00:00.0000000Z,2-AFB Customer Check,Non-AFB Customer (Expected Skip),No AFB CUSTOMER remark found in booking,Record processed successfully but is not an AFB customer,No - Business Logic,None - Expected behavior for non-business customers,2025-11-21T20:35:01.581Z,Passenger Record 3235,"Record from 10/18/2025, 2:36:25.862 AM"
October,FFXTCN,N/A,0272119164270,2025-10-03T00:00:00.0000000Z,2-AFB Customer Check,Non-AFB Customer (Expected Skip),No AFB CUSTOMER remark found in booking,Record processed successfully but is not an AFB customer,No - Business Logic,None - Expected behavior for non-business customers,2025-11-21T20:35:01.581Z,Passenger Record 3237,"Record from 10/18/2025, 3:36:11.600 AM"
October,AJJSLH,N/A,0272120633888,2025-10-17T00:00:00.0000000Z,2-AFB Customer Check,Non-AFB Customer (Expected Skip),No AFB CUSTOMER remark found in booking,Record processed successfully but is not an AFB customer,No - Business Logic,None - Expected behavior for non-business customers,2025-11-21T20:35:01.581Z,Passenger Record 3241,"Record from 10/18/2025, 2:05:28.266 AM"
October,ADCURO,N/A,0277256349890,2025-04-30T00:00:00.0000000Z,2-AFB Customer Check,Non-AFB Customer (Expected Skip),No AFB CUSTOMER remark found in booking,Record processed successfully but is not an AFB customer,No - Business Logic,None - Expected behavior for non-business customers,2025-11-21T20:35:01.581Z,Passenger Record 3243,"Record from 10/18/2025, 1:33:37.360 AM"
October,LLWLTM,N/A,0272114562021,2025-08-14T00:00:00.0000000Z,2-AFB Customer Check,Non-AFB Customer (Expected Skip),No AFB CUSTOMER remark found in booking,Record processed successfully but is not an AFB customer,No - Business Logic,None - Expected behavior for non-business customers,2025-11-21T20:35:01.581Z,Passenger Record 3245,"Record from 10/18/2025, 1:47:35.978 AM"
October,AZATXX,N/A,0277380212063,2025-10-13T00:00:00.0000000Z,2-AFB Customer Check,Non-AFB Customer (Expected Skip),No AFB CUSTOMER remark found in booking,Record processed successfully but is not an AFB customer,No - Business Logic,None - Expected behavior for non-business customers,2025-11-21T20:35:01.581Z,Passenger Record 3246,"Record from 10/18/2025, 1:38:42.515 AM"
October,MTUFMU,N/A,0272113652270,2025-08-06T00:00:00.0000000Z,2-AFB Customer Check,Non-AFB Customer (Expected Skip),No AFB CUSTOMER remark found in booking,Record processed successfully but is not an AFB customer,No - Business Logic,None - Expected behavior for non-business customers,2025-11-21T20:35:01.581Z,Passenger Record 3262,"Record from 10/3/2025, 6:55:29.498 PM"
October,YZCTLL,N/A,0272116114419,2025-09-02T00:00:00.0000000Z,2-AFB Customer Check,Non-AFB Customer (Expected Skip),No AFB CUSTOMER remark found in booking,Record processed successfully but is not an AFB customer,No - Business Logic,None - Expected behavior for non-business customers,2025-11-21T20:35:01.581Z,Passenger Record 3268,"Record from 10/3/2025, 6:41:01.615 PM"
October,FSSQAK,N/A,0272118394400,2025-09-25T00:00:00.0000000Z,2-AFB Customer Check,Non-AFB Customer (Expected Skip),No AFB CUSTOMER remark found in booking,Record processed successfully but is not an AFB customer,No - Business Logic,None - Expected behavior for non-business customers,2025-11-21T20:35:01.581Z,Passenger Record 3271,"Record from 10/3/2025, 7:25:49.641 PM"
October,AQVCLG,N/A,0272113657828,2025-08-06T00:00:00.0000000Z,2-AFB Customer Check,Non-AFB Customer (Expected Skip),No AFB CUSTOMER remark found in booking,Record processed successfully but is not an AFB customer,No - Business Logic,None - Expected behavior for non-business customers,2025-11-21T20:35:01.581Z,Passenger Record 3272,"Record from 10/3/2025, 7:26:08.774 PM"
October,AAJECE,N/A,0272117096216,2025-09-11T00:00:00.0000000Z,2-AFB Customer Check,Non-AFB Customer (Expected Skip),No AFB CUSTOMER remark found in booking,Record processed successfully but is not an AFB customer,No - Business Logic,None - Expected behavior for non-business customers,2025-11-21T20:35:01.581Z,Passenger Record 3278,"Record from 10/28/2025, 5:37:01.742 PM"
October,DGRMVL,N/A,0277327483537,2025-08-25T00:00:00.0000000Z,2-AFB Customer Check,Non-AFB Customer (Expected Skip),No AFB CUSTOMER remark found in booking,Record processed successfully but is not an AFB customer,No - Business Logic,None - Expected behavior for non-business customers,2025-11-21T20:35:01.581Z,Passenger Record 3279,"Record from 10/28/2025, 5:37:13.843 PM"
October,HCRHGH,N/A,0272121553725,2025-10-27T00:00:00.0000000Z,2-AFB Customer Check,Non-AFB Customer (Expected Skip),No AFB CUSTOMER remark found in booking,Record processed successfully but is not an AFB customer,No - Business Logic,None - Expected behavior for non-business customers,2025-11-21T20:35:01.581Z,Passenger Record 3310,"Record from 10/28/2025, 6:01:45.039 PM"
October,WCQYQA,N/A,0277395564077,2025-10-23T00:00:00.0000000Z,2-AFB Customer Check,Non-AFB Customer (Expected Skip),No AFB CUSTOMER remark found in booking,Record processed successfully but is not an AFB customer,No - Business Logic,None - Expected behavior for non-business customers,2025-11-21T20:35:01.581Z,Passenger Record 3315,"Record from 10/28/2025, 6:02:57.278 PM"
October,HGRVHO,N/A,1737221032991,2025-02-10T00:00:00.0000000Z,2-AFB Customer Check,Non-AFB Customer (Expected Skip),No AFB CUSTOMER remark found in booking,Record processed successfully but is not an AFB customer,No - Business Logic,None - Expected behavior for non-business customers,2025-11-21T20:35:01.581Z,Passenger Record 3316,"Record from 10/28/2025, 6:03:35.833 PM"
October,UGSOVO,N/A,0272118634135,2025-09-28T00:00:00.0000000Z,2-AFB Customer Check,Non-AFB Customer (Expected Skip),No AFB CUSTOMER remark found in booking,Record processed successfully but is not an AFB customer,No - Business Logic,None - Expected behavior for non-business customers,2025-11-21T20:35:01.581Z,Passenger Record 3317,"Record from 10/28/2025, 4:20:23.911 PM"
October,ENYXUE,N/A,0277343671392,2025-10-27T00:00:00.0000000Z,2-AFB Customer Check,Non-AFB Customer (Expected Skip),No AFB CUSTOMER remark found in booking,Record processed successfully but is not an AFB customer,No - Business Logic,None - Expected behavior for non-business customers,2025-11-21T20:35:01.581Z,Passenger Record 3319,"Record from 10/28/2025, 3:20:21.160 PM"
October,GHUYHJ,N/A,0277238951941,2025-10-24T00:00:00.0000000Z,2-AFB Customer Check,Non-AFB Customer (Expected Skip),No AFB CUSTOMER remark found in booking,Record processed successfully but is not an AFB customer,No - Business Logic,None - Expected behavior for non-business customers,2025-11-21T20:35:01.581Z,Passenger Record 3329,"Record from 10/28/2025, 4:54:40.847 PM"
October,YWWYKI,N/A,0272121653449,2025-10-28T00:00:00.0000000Z,2-AFB Customer Check,Non-AFB Customer (Expected Skip),No AFB CUSTOMER remark found in booking,Record processed successfully but is not an AFB customer,No - Business Logic,None - Expected behavior for non-business customers,2025-11-21T20:35:01.581Z,Passenger Record 3336,"Record from 10/28/2025, 4:26:51.848 PM"
October,HXWYSO,N/A,0272118868719,2025-09-30T00:00:00.0000000Z,2-AFB Customer Check,Non-AFB Customer (Expected Skip),No AFB CUSTOMER remark found in booking,Record processed successfully but is not an AFB customer,No - Business Logic,None - Expected behavior for non-business customers,2025-11-21T20:35:01.581Z,Passenger Record 3342,"Record from 10/28/2025, 4:30:26.011 PM"
October,KVLQXJ,N/A,0277381896977,2025-10-26T00:00:00.0000000Z,2-AFB Customer Check,Non-AFB Customer (Expected Skip),No AFB CUSTOMER remark found in booking,Record processed successfully but is not an AFB customer,No - Business Logic,None - Expected behavior for non-business customers,2025-11-21T20:35:01.581Z,Passenger Record 3344,"Record from 10/28/2025, 4:31:23.594 PM"
October,MDPWLN,N/A,0272121499338,2025-10-26T00:00:00.0000000Z,2-AFB Customer Check,Non-AFB Customer (Expected Skip),No AFB CUSTOMER remark found in booking,Record processed successfully but is not an AFB customer,No - Business Logic,None - Expected behavior for non-business customers,2025-11-21T20:35:01.581Z,Passenger Record 3354,"Record from 10/28/2025, 5:04:27.283 PM"
October,DZRXAK,N/A,0272111336198,2025-07-13T00:00:00.0000000Z,2-AFB Customer Check,Non-AFB Customer (Expected Skip),No AFB CUSTOMER remark found in booking,Record processed successfully but is not an AFB customer,No - Business Logic,None - Expected behavior for non-business customers,2025-11-21T20:35:01.581Z,Passenger Record 3362,"Record from 10/28/2025, 5:32:27.275 PM"
October,MAGARO,N/A,0272118291394,2025-09-24T00:00:00.0000000Z,2-AFB Customer Check,Non-AFB Customer (Expected Skip),No AFB CUSTOMER remark found in booking,Record processed successfully but is not an AFB customer,No - Business Logic,None - Expected behavior for non-business customers,2025-11-21T20:35:01.581Z,Passenger Record 3378,"Record from 10/28/2025, 6:06:31.748 PM"
October,HPAQNF,N/A,0272120190668,2025-10-13T00:00:00.0000000Z,2-AFB Customer Check,Non-AFB Customer (Expected Skip),No AFB CUSTOMER remark found in booking,Record processed successfully but is not an AFB customer,No - Business Logic,None - Expected behavior for non-business customers,2025-11-21T20:35:01.581Z,Passenger Record 3380,"Record from 10/28/2025, 6:08:01.273 PM"
October,CYQFOQ,N/A,0272117164865,2025-09-12T00:00:00.0000000Z,2-AFB Customer Check,Non-AFB Customer (Expected Skip),No AFB CUSTOMER remark found in booking,Record processed successfully but is not an AFB customer,No - Business Logic,None - Expected behavior for non-business customers,2025-11-21T20:35:01.581Z,Passenger Record 3390,"Record from 10/28/2025, 6:38:01.527 PM"
October,HZWTYY,N/A,0272118870165,2025-09-30T00:00:00.0000000Z,2-AFB Customer Check,Non-AFB Customer (Expected Skip),No AFB CUSTOMER remark found in booking,Record processed successfully but is not an AFB customer,No - Business Logic,None - Expected behavior for non-business customers,2025-11-21T20:35:01.581Z,Passenger Record 3399,"Record from 10/28/2025, 6:30:03.750 PM"
October,SBQZTL,N/A,0272121545462,2025-10-27T00:00:00.0000000Z,2-AFB Customer Check,Non-AFB Customer (Expected Skip),No AFB CUSTOMER remark found in booking,Record processed successfully but is not an AFB customer,No - Business Logic,None - Expected behavior for non-business customers,2025-11-21T20:35:01.581Z,Passenger Record 3400,"Record from 10/28/2025, 6:22:59.526 PM"
October,ECLYGO,N/A,0272117366694,2025-09-15T00:00:00.0000000Z,2-AFB Customer Check,Non-AFB Customer (Expected Skip),No AFB CUSTOMER remark found in booking,Record processed successfully but is not an AFB customer,No - Business Logic,None - Expected behavior for non-business customers,2025-11-21T20:35:01.581Z,Passenger Record 3402,"Record from 10/11/2025, 4:11:07.155 AM"
October,MOZENY,N/A,0272119729454,2025-10-08T00:00:00.0000000Z,2-AFB Customer Check,Non-AFB Customer (Expected Skip),No AFB CUSTOMER remark found in booking,Record processed successfully but is not an AFB customer,No - Business Logic,None - Expected behavior for non-business customers,2025-11-21T20:35:01.581Z,Passenger Record 3411,"Record from 10/11/2025, 4:07:32.646 AM"
October,IMHFXS,N/A,0272118122502,2025-09-23T00:00:00.0000000Z,2-AFB Customer Check,Non-AFB Customer (Expected Skip),No AFB CUSTOMER remark found in booking,Record processed successfully but is not an AFB customer,No - Business Logic,None - Expected behavior for non-business customers,2025-11-21T20:35:01.581Z,Passenger Record 3417,"Record from 10/11/2025, 8:06:57.849 AM"
October,OEXGCV,N/A,0272116261082,2025-09-03T00:00:00.0000000Z,2-AFB Customer Check,Non-AFB Customer (Expected Skip),No AFB CUSTOMER remark found in booking,Record processed successfully but is not an AFB customer,No - Business Logic,None - Expected behavior for non-business customers,2025-11-21T20:35:01.581Z,Passenger Record 3430,"Record from 10/11/2025, 8:11:15.814 AM"
October,IEWVVZ,N/A,0272110804974,2025-07-08T00:00:00.0000000Z,2-AFB Customer Check,Non-AFB Customer (Expected Skip),No AFB CUSTOMER remark found in booking,Record processed successfully but is not an AFB customer,No - Business Logic,None - Expected behavior for non-business customers,2025-11-21T20:35:01.581Z,Passenger Record 3431,"Record from 10/11/2025, 4:39:56.782 AM"
October,WDDAOY,N/A,0272101099554,2025-03-30T00:00:00.0000000Z,2-AFB Customer Check,Non-AFB Customer (Expected Skip),No AFB CUSTOMER remark found in booking,Record processed successfully but is not an AFB customer,No - Business Logic,None - Expected behavior for non-business customers,2025-11-21T20:35:01.581Z,Passenger Record 3446,"Record from 10/10/2025, 3:20:11.350 AM"
October,JSVBCD,N/A,0272117322677,2025-09-14T00:00:00.0000000Z,2-AFB Customer Check,Non-AFB Customer (Expected Skip),No AFB CUSTOMER remark found in booking,Record processed successfully but is not an AFB customer,No - Business Logic,None - Expected behavior for non-business customers,2025-11-21T20:35:01.581Z,Passenger Record 3447,"Record from 10/10/2025, 3:21:00.069 AM"
October,MNBAVY,N/A,0272119731878,2025-10-08T00:00:00.0000000Z,2-AFB Customer Check,Non-AFB Customer (Expected Skip),No AFB CUSTOMER remark found in booking,Record processed successfully but is not an AFB customer,No - Business Logic,None - Expected behavior for non-business customers,2025-11-21T20:35:01.581Z,Passenger Record 3449,"Record from 10/10/2025, 2:32:40.489 AM"
October,SKRJKX,N/A,0272111939624,2025-07-19T00:00:00.0000000Z,2-AFB Customer Check,Non-AFB Customer (Expected Skip),No AFB CUSTOMER remark found in booking,Record processed successfully but is not an AFB customer,No - Business Logic,None - Expected behavior for non-business customers,2025-11-21T20:35:01.581Z,Passenger Record 3450,"Record from 10/10/2025, 2:09:13.506 AM"
October,DSBXRZ,N/A,0272104489289,2025-05-04T00:00:00.0000000Z,2-AFB Customer Check,Non-AFB Customer (Expected Skip),No AFB CUSTOMER remark found in booking,Record processed successfully but is not an AFB customer,No - Business Logic,None - Expected behavior for non-business customers,2025-11-21T20:35:01.581Z,Passenger Record 3451,"Record from 10/10/2025, 2:10:38.796 AM"
October,ECAQOO,N/A,0277311381299,2025-09-19T00:00:00.0000000Z,2-AFB Customer Check,Non-AFB Customer (Expected Skip),No AFB CUSTOMER remark found in booking,Record processed successfully but is not an AFB customer,No - Business Logic,None - Expected behavior for non-business customers,2025-11-21T20:35:01.581Z,Passenger Record 3452,"Record from 10/10/2025, 2:40:18.526 AM"
October,IGILDQ,N/A,0272112358685,2025-07-23T00:00:00.0000000Z,2-AFB Customer Check,Non-AFB Customer (Expected Skip),No AFB CUSTOMER remark found in booking,Record processed successfully but is not an AFB customer,No - Business Logic,None - Expected behavior for non-business customers,2025-11-21T20:35:01.581Z,Passenger Record 3466,"Record from 10/3/2025, 7:11:02.034 AM"
October,QDMFCQ,N/A,0272116159687,2025-09-02T00:00:00.0000000Z,2-AFB Customer Check,Non-AFB Customer (Expected Skip),No AFB CUSTOMER remark found in booking,Record processed successfully but is not an AFB customer,No - Business Logic,None - Expected behavior for non-business customers,2025-11-21T20:35:01.581Z,Passenger Record 3478,"Record from 10/3/2025, 6:43:37.145 AM"
October,WVRNCO,N/A,0272105945462,2025-05-18T00:00:00.0000000Z,2-AFB Customer Check,Non-AFB Customer (Expected Skip),No AFB CUSTOMER remark found in booking,Record processed successfully but is not an AFB customer,No - Business Logic,None - Expected behavior for non-business customers,2025-11-21T20:35:01.581Z,Passenger Record 3518,"Record from 10/4/2025, 2:22:14.011 AM"
October,NYDKLI,N/A,0272121532752,2025-10-27T00:00:00.0000000Z,2-AFB Customer Check,Non-AFB Customer (Expected Skip),No AFB CUSTOMER remark found in booking,Record processed successfully but is not an AFB customer,No - Business Logic,None - Expected behavior for non-business customers,2025-11-21T20:35:01.581Z,Passenger Record 3519,"Record from 10/27/2025, 3:48:39.790 PM"
October,AEHJOZ,N/A,0272119176079,2025-10-03T00:00:00.0000000Z,2-AFB Customer Check,Non-AFB Customer (Expected Skip),No AFB CUSTOMER remark found in booking,Record processed successfully but is not an AFB customer,No - Business Logic,None - Expected behavior for non-business customers,2025-11-21T20:35:01.581Z,Passenger Record 3521,"Record from 10/27/2025, 4:26:23.203 PM"
October,MBUMPS,N/A,0277343362318,2025-10-26T00:00:00.0000000Z,2-AFB Customer Check,Non-AFB Customer (Expected Skip),No AFB CUSTOMER remark found in booking,Record processed successfully but is not an AFB customer,No - Business Logic,None - Expected behavior for non-business customers,2025-11-21T20:35:01.581Z,Passenger Record 3546,"Record from 10/27/2025, 4:52:30.852 PM"
October,NQWLZG,N/A,0272117304683,2025-09-14T00:00:00.0000000Z,2-AFB Customer Check,Non-AFB Customer (Expected Skip),No AFB CUSTOMER remark found in booking,Record processed successfully but is not an AFB customer,No - Business Logic,None - Expected behavior for non-business customers,2025-11-21T20:35:01.581Z,Passenger Record 3549,"Record from 10/28/2025, 5:23:49.572 AM"
October,MPGORR,N/A,0272120310379,2025-10-14T00:00:00.0000000Z,2-AFB Customer Check,Non-AFB Customer (Expected Skip),No AFB CUSTOMER remark found in booking,Record processed successfully but is not an AFB customer,No - Business Logic,None - Expected behavior for non-business customers,2025-11-21T20:35:01.581Z,Passenger Record 3565,"Record from 10/27/2025, 9:35:15.497 PM"
October,HPTMPW,N/A,0272116476191,2025-09-05T00:00:00.0000000Z,2-AFB Customer Check,Non-AFB Customer (Expected Skip),No AFB CUSTOMER remark found in booking,Record processed successfully but is not an AFB customer,No - Business Logic,None - Expected behavior for non-business customers,2025-11-21T20:35:01.581Z,Passenger Record 3566,"Record from 10/27/2025, 10:07:00.986 PM"
October,QVUEMR,N/A,0272118254008,2025-09-24T00:00:00.0000000Z,2-AFB Customer Check,Non-AFB Customer (Expected Skip),No AFB CUSTOMER remark found in booking,Record processed successfully but is not an AFB customer,No - Business Logic,None - Expected behavior for non-business customers,2025-11-21T20:35:01.581Z,Passenger Record 3567,"Record from 10/27/2025, 10:01:28.118 PM"
October,LNZZSH,N/A,0272119886309,2025-10-10T00:00:00.0000000Z,2-AFB Customer Check,Non-AFB Customer (Expected Skip),No AFB CUSTOMER remark found in booking,Record processed successfully but is not an AFB customer,No - Business Logic,None - Expected behavior for non-business customers,2025-11-21T20:35:01.581Z,Passenger Record 3573,"Record from 10/27/2025, 8:09:25.358 PM"
October,LQJSOD,N/A,0277379882524,2025-10-10T00:00:00.0000000Z,2-AFB Customer Check,Non-AFB Customer (Expected Skip),No AFB CUSTOMER remark found in booking,Record processed successfully but is not an AFB customer,No - Business Logic,None - Expected behavior for non-business customers,2025-11-21T20:35:01.581Z,Passenger Record 3574,"Record from 10/27/2025, 8:04:19.792 PM"
October,CEFYXJ,N/A,0272109582433,2025-06-25T00:00:00.0000000Z,2-AFB Customer Check,Non-AFB Customer (Expected Skip),No AFB CUSTOMER remark found in booking,Record processed successfully but is not an AFB customer,No - Business Logic,None - Expected behavior for non-business customers,2025-11-21T20:35:01.581Z,Passenger Record 3576,"Record from 10/27/2025, 8:20:13.321 PM"
October,YBNQWZ,N/A,0277373124067,2025-08-21T00:00:00.0000000Z,2-AFB Customer Check,Non-AFB Customer (Expected Skip),No AFB CUSTOMER remark found in booking,Record processed successfully but is not an AFB customer,No - Business Logic,None - Expected behavior for non-business customers,2025-11-21T20:35:01.581Z,Passenger Record 3610,"Record from 10/24/2025, 3:40:46.087 AM"
October,SDVHMH,N/A,0272114571554,2025-08-15T00:00:00.0000000Z,2-AFB Customer Check,Non-AFB Customer (Expected Skip),No AFB CUSTOMER remark found in booking,Record processed successfully but is not an AFB customer,No - Business Logic,None - Expected behavior for non-business customers,2025-11-21T20:35:01.581Z,Passenger Record 3652,"Record from 10/24/2025, 2:38:25.480 AM"
October,OMQHMM,N/A,0272118162082,2025-09-23T00:00:00.0000000Z,2-AFB Customer Check,Non-AFB Customer (Expected Skip),No AFB CUSTOMER remark found in booking,Record processed successfully but is not an AFB customer,No - Business Logic,None - Expected behavior for non-business customers,2025-11-21T20:35:01.581Z,Passenger Record 3709,"Record from 10/16/2025, 1:56:30.418 AM"
October,QROAMY,N/A,0272120443264,2025-10-15T00:00:00.0000000Z,2-AFB Customer Check,Non-AFB Customer (Expected Skip),No AFB CUSTOMER remark found in booking,Record processed successfully but is not an AFB customer,No - Business Logic,None - Expected behavior for non-business customers,2025-11-21T20:35:01.581Z,Passenger Record 3749,"Record from 10/16/2025, 2:28:11.549 PM"
October,OIKTDA,N/A,0272117416792,2025-09-15T00:00:00.0000000Z,2-AFB Customer Check,Non-AFB Customer (Expected Skip),No AFB CUSTOMER remark found in booking,Record processed successfully but is not an AFB customer,No - Business Logic,None - Expected behavior for non-business customers,2025-11-21T20:35:01.581Z,Passenger Record 3750,"Record from 10/16/2025, 2:13:02.749 PM"
October,FRMHBE,N/A,0272115560467,2025-08-26T00:00:00.0000000Z,2-AFB Customer Check,Non-AFB Customer (Expected Skip),No AFB CUSTOMER remark found in booking,Record processed successfully but is not an AFB customer,No - Business Logic,None - Expected behavior for non-business customers,2025-11-21T20:35:01.581Z,Passenger Record 3765,"Record from 10/14/2025, 5:06:52.667 AM"
October,WOBVWF,N/A,0272120113280,2025-10-12T00:00:00.0000000Z,2-AFB Customer Check,Non-AFB Customer (Expected Skip),No AFB CUSTOMER remark found in booking,Record processed successfully but is not an AFB customer,No - Business Logic,None - Expected behavior for non-business customers,2025-11-21T20:35:01.581Z,Passenger Record 3766,"Record from 10/14/2025, 7:06:36.744 AM"
October,WXCJPA,N/A,0272119563407,2025-10-07T00:00:00.0000000Z,2-AFB Customer Check,Non-AFB Customer (Expected Skip),No AFB CUSTOMER remark found in booking,Record processed successfully but is not an AFB customer,No - Business Logic,None - Expected behavior for non-business customers,2025-11-21T20:35:01.581Z,Passenger Record 3774,"Record from 10/26/2025, 5:32:28.592 PM"
October,NCWDDX,N/A,0272117425214,2025-09-15T00:00:00.0000000Z,2-AFB Customer Check,Non-AFB Customer (Expected Skip),No AFB CUSTOMER remark found in booking,Record processed successfully but is not an AFB customer,No - Business Logic,None - Expected behavior for non-business customers,2025-11-21T20:35:01.581Z,Passenger Record 3777,"Record from 10/26/2025, 6:29:12.227 PM"
October,SLJMRR,N/A,0272121443899,2025-10-26T00:00:00.0000000Z,2-AFB Customer Check,Non-AFB Customer (Expected Skip),No AFB CUSTOMER remark found in booking,Record processed successfully but is not an AFB customer,No - Business Logic,None - Expected behavior for non-business customers,2025-11-21T20:35:01.581Z,Passenger Record 3779,"Record from 10/26/2025, 5:24:48.166 PM"
October,JIMRAZ,N/A,0277342341471,2025-10-23T00:00:00.0000000Z,2-AFB Customer Check,Non-AFB Customer (Expected Skip),No AFB CUSTOMER remark found in booking,Record processed successfully but is not an AFB customer,No - Business Logic,None - Expected behavior for non-business customers,2025-11-21T20:35:01.581Z,Passenger Record 3783,"Record from 10/26/2025, 4:48:00.389 PM"
October,NDZLOP,N/A,0272119955381,2025-10-10T00:00:00.0000000Z,2-AFB Customer Check,Non-AFB Customer (Expected Skip),No AFB CUSTOMER remark found in booking,Record processed successfully but is not an AFB customer,No - Business Logic,None - Expected behavior for non-business customers,2025-11-21T20:35:01.581Z,Passenger Record 3789,"Record from 10/26/2025, 7:12:49.398 PM"
October,GXFYQY,N/A,0272117736350,2025-09-18T00:00:00.0000000Z,2-AFB Customer Check,Non-AFB Customer (Expected Skip),No AFB CUSTOMER remark found in booking,Record processed successfully but is not an AFB customer,No - Business Logic,None - Expected behavior for non-business customers,2025-11-21T20:35:01.581Z,Passenger Record 3791,"Record from 10/26/2025, 7:02:17.594 PM"
October,GSXPBC,N/A,0277378739919,2025-10-07T00:00:00.0000000Z,2-AFB Customer Check,Non-AFB Customer (Expected Skip),No AFB CUSTOMER remark found in booking,Record processed successfully but is not an AFB customer,No - Business Logic,None - Expected behavior for non-business customers,2025-11-21T20:35:01.581Z,Passenger Record 3792,"Record from 10/26/2025, 7:05:15.638 PM"
October,CSPQHZ,N/A,0272117774197,2025-09-18T00:00:00.0000000Z,2-AFB Customer Check,Non-AFB Customer (Expected Skip),No AFB CUSTOMER remark found in booking,Record processed successfully but is not an AFB customer,No - Business Logic,None - Expected behavior for non-business customers,2025-11-21T20:35:01.581Z,Passenger Record 3793,"Record from 10/28/2025, 2:10:24.111 AM"
October,KZDSAV,N/A,0167343369603,2025-10-26T00:00:00.0000000Z,2-AFB Customer Check,Non-AFB Customer (Expected Skip),No AFB CUSTOMER remark found in booking,Record processed successfully but is not an AFB customer,No - Business Logic,None - Expected behavior for non-business customers,2025-11-21T20:35:01.581Z,Passenger Record 3794,"Record from 10/28/2025, 3:34:02.923 AM"
October,HZOFWK,N/A,0272119487719,2025-10-06T00:00:00.0000000Z,2-AFB Customer Check,Non-AFB Customer (Expected Skip),No AFB CUSTOMER remark found in booking,Record processed successfully but is not an AFB customer,No - Business Logic,None - Expected behavior for non-business customers,2025-11-21T20:35:01.581Z,Passenger Record 3795,"Record from 10/28/2025, 2:23:00.357 AM"
October,KIJGDH,N/A,1737376530022,2025-09-15T00:00:00.0000000Z,2-AFB Customer Check,Non-AFB Customer (Expected Skip),No AFB CUSTOMER remark found in booking,Record processed successfully but is not an AFB customer,No - Business Logic,None - Expected behavior for non-business customers,2025-11-21T20:35:01.581Z,Passenger Record 3808,"Record from 10/28/2025, 3:43:41.820 AM"
October,FRAYHW,N/A,2057343193359,2025-10-24T00:00:00.0000000Z,2-AFB Customer Check,Non-AFB Customer (Expected Skip),No AFB CUSTOMER remark found in booking,Record processed successfully but is not an AFB customer,No - Business Logic,None - Expected behavior for non-business customers,2025-11-21T20:35:01.581Z,Passenger Record 3811,"Record from 10/28/2025, 2:40:38.212 AM"
October,JAGPGH,N/A,0277272458166,2025-07-07T00:00:00.0000000Z,2-AFB Customer Check,Non-AFB Customer (Expected Skip),No AFB CUSTOMER remark found in booking,Record processed successfully but is not an AFB customer,No - Business Logic,None - Expected behavior for non-business customers,2025-11-21T20:35:01.581Z,Passenger Record 3813,"Record from 10/28/2025, 12:14:21.620 AM"
October,WBASHS,N/A,0272118906202,2025-09-30T00:00:00.0000000Z,2-AFB Customer Check,Non-AFB Customer (Expected Skip),No AFB CUSTOMER remark found in booking,Record processed successfully but is not an AFB customer,No - Business Logic,None - Expected behavior for non-business customers,2025-11-21T20:35:01.581Z,Passenger Record 3825,"Record from 10/28/2025, 12:50:46.184 AM"
October,IWFIWB,N/A,0272119146876,2025-10-02T00:00:00.0000000Z,2-AFB Customer Check,Non-AFB Customer (Expected Skip),No AFB CUSTOMER remark found in booking,Record processed successfully but is not an AFB customer,No - Business Logic,None - Expected behavior for non-business customers,2025-11-21T20:35:01.581Z,Passenger Record 3827,"Record from 10/28/2025, 12:29:03.919 AM"
October,HZEYJR,N/A,0272104013836,2025-04-29T00:00:00.0000000Z,2-AFB Customer Check,Non-AFB Customer (Expected Skip),No AFB CUSTOMER remark found in booking,Record processed successfully but is not an AFB customer,No - Business Logic,None - Expected behavior for non-business customers,2025-11-21T20:35:01.581Z,Passenger Record 3829,"Record from 10/28/2025, 12:36:11.213 AM"
October,UGGBSN,N/A,0277336968179,2025-10-01T00:00:00.0000000Z,2-AFB Customer Check,Non-AFB Customer (Expected Skip),No AFB CUSTOMER remark found in booking,Record processed successfully but is not an AFB customer,No - Business Logic,None - Expected behavior for non-business customers,2025-11-21T20:35:01.581Z,Passenger Record 3830,"Record from 10/28/2025, 12:30:39.706 AM"
October,LZJQCM,N/A,1732316053050,2025-10-26T00:00:00.0000000Z,2-AFB Customer Check,Non-AFB Customer (Expected Skip),No AFB CUSTOMER remark found in booking,Record processed successfully but is not an AFB customer,No - Business Logic,None - Expected behavior for non-business customers,2025-11-21T20:35:01.581Z,Passenger Record 3831,"Record from 10/28/2025, 1:02:59.285 AM"
October,MKJHYT,N/A,0272115682803,2025-08-27T00:00:00.0000000Z,2-AFB Customer Check,Non-AFB Customer (Expected Skip),No AFB CUSTOMER remark found in booking,Record processed successfully but is not an AFB customer,No - Business Logic,None - Expected behavior for non-business customers,2025-11-21T20:35:01.581Z,Passenger Record 3848,"Record from 10/28/2025, 3:57:19.252 AM"
October,EIUCGB,N/A,1737339944432,2025-10-11T00:00:00.0000000Z,2-AFB Customer Check,Non-AFB Customer (Expected Skip),No AFB CUSTOMER remark found in booking,Record processed successfully but is not an AFB customer,No - Business Logic,None - Expected behavior for non-business customers,2025-11-21T20:35:01.581Z,Passenger Record 3869,"Record from 10/27/2025, 5:01:56.827 PM"
October,QUONFP,N/A,0272121393634,2025-10-25T00:00:00.0000000Z,2-AFB Customer Check,Non-AFB Customer (Expected Skip),No AFB CUSTOMER remark found in booking,Record processed successfully but is not an AFB customer,No - Business Logic,None - Expected behavior for non-business customers,2025-11-21T20:35:01.581Z,Passenger Record 3879,"Record from 10/27/2025, 5:31:27.476 PM"
October,WLQWYX,N/A,2202230302011,2025-07-28T00:00:00.0000000Z,2-AFB Customer Check,Non-AFB Customer (Expected Skip),No AFB CUSTOMER remark found in booking,Record processed successfully but is not an AFB customer,No - Business Logic,None - Expected behavior for non-business customers,2025-11-21T20:35:01.581Z,Passenger Record 3909,"Record from 10/27/2025, 5:05:35.224 PM"
October,DPDRCO,N/A,0272121089219,2025-10-22T00:00:00.0000000Z,2-AFB Customer Check,Non-AFB Customer (Expected Skip),No AFB CUSTOMER remark found in booking,Record processed successfully but is not an AFB customer,No - Business Logic,None - Expected behavior for non-business customers,2025-11-21T20:35:01.581Z,Passenger Record 3920,"Record from 10/27/2025, 5:16:47.597 PM"
October,DKSDAT,N/A,0272120958560,2025-10-21T00:00:00.0000000Z,2-AFB Customer Check,Non-AFB Customer (Expected Skip),No AFB CUSTOMER remark found in booking,Record processed successfully but is not an AFB customer,No - Business Logic,None - Expected behavior for non-business customers,2025-11-21T20:35:01.581Z,Passenger Record 3934,"Record from 10/28/2025, 3:02:11.890 AM"
October,HXRNZC,N/A,1732315197562,2025-08-26T00:00:00.0000000Z,2-AFB Customer Check,Non-AFB Customer (Expected Skip),No AFB CUSTOMER remark found in booking,Record processed successfully but is not an AFB customer,No - Business Logic,None - Expected behavior for non-business customers,2025-11-21T20:35:01.581Z,Passenger Record 3942,"Record from 10/7/2025, 9:02:44.713 PM"
October,LAJNYX,N/A,0277337843633,2025-10-06T00:00:00.0000000Z,2-AFB Customer Check,Non-AFB Customer (Expected Skip),No AFB CUSTOMER remark found in booking,Record processed successfully but is not an AFB customer,No - Business Logic,None - Expected behavior for non-business customers,2025-11-21T20:35:01.581Z,Passenger Record 3943,"Record from 10/7/2025, 8:33:03.125 PM"
October,WNMEVF,N/A,0272117564822,2025-09-16T00:00:00.0000000Z,2-AFB Customer Check,Non-AFB Customer (Expected Skip),No AFB CUSTOMER remark found in booking,Record processed successfully but is not an AFB customer,No - Business Logic,None - Expected behavior for non-business customers,2025-11-21T20:35:01.581Z,Passenger Record 3944,"Record from 10/7/2025, 6:30:23.473 PM"
October,CDGEWF,N/A,0272119196892,2025-10-03T00:00:00.0000000Z,2-AFB Customer Check,Non-AFB Customer (Expected Skip),No AFB CUSTOMER remark found in booking,Record processed successfully but is not an AFB customer,No - Business Logic,None - Expected behavior for non-business customers,2025-11-21T20:35:01.581Z,Passenger Record 3945,"Record from 10/7/2025, 6:42:07.426 PM"
October,EKAGFM,N/A,0272115696570,2025-08-27T00:00:00.0000000Z,2-AFB Customer Check,Non-AFB Customer (Expected Skip),No AFB CUSTOMER remark found in booking,Record processed successfully but is not an AFB customer,No - Business Logic,None - Expected behavior for non-business customers,2025-11-21T20:35:01.581Z,Passenger Record 3946,"Record from 10/7/2025, 7:01:45.248 PM"
October,AVYZAQ,N/A,0272119873088,2025-10-10T00:00:00.0000000Z,2-AFB Customer Check,Non-AFB Customer (Expected Skip),No AFB CUSTOMER remark found in booking,Record processed successfully but is not an AFB customer,No - Business Logic,None - Expected behavior for non-business customers,2025-11-21T20:35:01.581Z,Passenger Record 3948,"Record from 10/13/2025, 3:39:01.218 AM"
October,QEUXXT,N/A,0272117928413,2025-09-20T00:00:00.0000000Z,2-AFB Customer Check,Non-AFB Customer (Expected Skip),No AFB CUSTOMER remark found in booking,Record processed successfully but is not an AFB customer,No - Business Logic,None - Expected behavior for non-business customers,2025-11-21T20:35:01.581Z,Passenger Record 3949,"Record from 10/13/2025, 3:41:52.626 AM"
October,MEYLKK,N/A,0272119323012,2025-10-04T00:00:00.0000000Z,2-AFB Customer Check,Non-AFB Customer (Expected Skip),No AFB CUSTOMER remark found in booking,Record processed successfully but is not an AFB customer,No - Business Logic,None - Expected behavior for non-business customers,2025-11-21T20:35:01.581Z,Passenger Record 3950,"Record from 10/12/2025, 9:26:54.847 PM"
October,CXPAYX,N/A,0272116035280,2025-09-01T00:00:00.0000000Z,2-AFB Customer Check,Non-AFB Customer (Expected Skip),No AFB CUSTOMER remark found in booking,Record processed successfully but is not an AFB customer,No - Business Logic,None - Expected behavior for non-business customers,2025-11-21T20:35:01.581Z,Passenger Record 3951,"Record from 10/12/2025, 9:28:20.752 PM"
October,IPZFSX,N/A,0272113380058,2025-08-03T00:00:00.0000000Z,2-AFB Customer Check,Non-AFB Customer (Expected Skip),No AFB CUSTOMER remark found in booking,Record processed successfully but is not an AFB customer,No - Business Logic,None - Expected behavior for non-business customers,2025-11-21T20:35:01.581Z,Passenger Record 3952,"Record from 10/12/2025, 10:50:07.718 PM"
October,ORHLZQ,N/A,0272120049628,2025-10-12T00:00:00.0000000Z,2-AFB Customer Check,Non-AFB Customer (Expected Skip),No AFB CUSTOMER remark found in booking,Record processed successfully but is not an AFB customer,No - Business Logic,None - Expected behavior for non-business customers,2025-11-21T20:35:01.581Z,Passenger Record 3953,"Record from 10/12/2025, 9:44:19.384 PM"
October,KNSUYL,N/A,0272113872005,2025-08-07T00:00:00.0000000Z,2-AFB Customer Check,Non-AFB Customer (Expected Skip),No AFB CUSTOMER remark found in booking,Record processed successfully but is not an AFB customer,No - Business Logic,None - Expected behavior for non-business customers,2025-11-21T20:35:01.581Z,Passenger Record 3954,"Record from 10/12/2025, 9:18:17.436 PM"
October,JJLMVS,N/A,0272117940391,2025-09-21T00:00:00.0000000Z,2-AFB Customer Check,Non-AFB Customer (Expected Skip),No AFB CUSTOMER remark found in booking,Record processed successfully but is not an AFB customer,No - Business Logic,None - Expected behavior for non-business customers,2025-11-21T20:35:01.581Z,Passenger Record 3955,"Record from 10/12/2025, 10:48:22.073 PM"
October,QLEBJD,N/A,0272116190269,2025-09-02T00:00:00.0000000Z,2-AFB Customer Check,Non-AFB Customer (Expected Skip),No AFB CUSTOMER remark found in booking,Record processed successfully but is not an AFB customer,No - Business Logic,None - Expected behavior for non-business customers,2025-11-21T20:35:01.581Z,Passenger Record 3956,"Record from 10/12/2025, 10:49:18.805 PM"
October,CLWJDH,N/A,0272121260458,2025-10-24T00:00:00.0000000Z,2-AFB Customer Check,Non-AFB Customer (Expected Skip),No AFB CUSTOMER remark found in booking,Record processed successfully but is not an AFB customer,No - Business Logic,None - Expected behavior for non-business customers,2025-11-21T20:35:01.581Z,Passenger Record 3961,"Record from 10/24/2025, 3:56:29.167 PM"
October,NKQHEZ,N/A,0272120884236,2025-10-20T00:00:00.0000000Z,2-AFB Customer Check,Non-AFB Customer (Expected Skip),No AFB CUSTOMER remark found in booking,Record processed successfully but is not an AFB customer,No - Business Logic,None - Expected behavior for non-business customers,2025-11-21T20:35:01.581Z,Passenger Record 3962,"Record from 10/24/2025, 1:46:17.471 PM"
October,QDGQVF,N/A,N/A,10/24/2025 12:00:00 AM,2-AFB Customer Check,Non-AFB Customer (Expected Skip),No AFB CUSTOMER remark found in booking,Record processed successfully but is not an AFB customer,No - Business Logic,None - Expected behavior for non-business customers,2025-11-21T20:35:01.581Z,Passenger Record 3963,"Record from 10/24/2025, 3:07:54.998 PM"
October,SZDPOZ,N/A,0272121248056,2025-10-23T00:00:00.0000000Z,2-AFB Customer Check,Non-AFB Customer (Expected Skip),No AFB CUSTOMER remark found in booking,Record processed successfully but is not an AFB customer,No - Business Logic,None - Expected behavior for non-business customers,2025-11-21T20:35:01.581Z,Passenger Record 3964,"Record from 10/24/2025, 1:54:09.414 PM"
October,UJHTDG,N/A,1737216927606,2025-08-11T00:00:00.0000000Z,2-AFB Customer Check,Non-AFB Customer (Expected Skip),No AFB CUSTOMER remark found in booking,Record processed successfully but is not an AFB customer,No - Business Logic,None - Expected behavior for non-business customers,2025-11-21T20:35:01.581Z,Passenger Record 3965,"Record from 10/24/2025, 12:52:50.033 PM"
October,AMNOCM,N/A,0277339027416,2025-10-09T00:00:00.0000000Z,2-AFB Customer Check,Non-AFB Customer (Expected Skip),No AFB CUSTOMER remark found in booking,Record processed successfully but is not an AFB customer,No - Business Logic,None - Expected behavior for non-business customers,2025-11-21T20:35:01.581Z,Passenger Record 3967,"Record from 10/24/2025, 11:35:55.707 PM"
October,IVWZMI,N/A,0277338499955,2025-10-06T00:00:00.0000000Z,2-AFB Customer Check,Non-AFB Customer (Expected Skip),No AFB CUSTOMER remark found in booking,Record processed successfully but is not an AFB customer,No - Business Logic,None - Expected behavior for non-business customers,2025-11-21T20:35:01.581Z,Passenger Record 3971,"Record from 10/24/2025, 11:48:50.019 PM"
October,LBQIJH,N/A,0272116709595,2025-09-08T00:00:00.0000000Z,2-AFB Customer Check,Non-AFB Customer (Expected Skip),No AFB CUSTOMER remark found in booking,Record processed successfully but is not an AFB customer,No - Business Logic,None - Expected behavior for non-business customers,2025-11-21T20:35:01.581Z,Passenger Record 3972,"Record from 10/24/2025, 11:50:54.190 PM"
October,WFTBUA,N/A,0272116542404,2025-09-05T00:00:00.0000000Z,2-AFB Customer Check,Non-AFB Customer (Expected Skip),No AFB CUSTOMER remark found in booking,Record processed successfully but is not an AFB customer,No - Business Logic,None - Expected behavior for non-business customers,2025-11-21T20:35:01.581Z,Passenger Record 4002,"Record from 10/21/2025, 8:56:02.497 AM"
October,FMCHMJ,N/A,0272119845519,2025-10-09T00:00:00.0000000Z,2-AFB Customer Check,Non-AFB Customer (Expected Skip),No AFB CUSTOMER remark found in booking,Record processed successfully but is not an AFB customer,No - Business Logic,None - Expected behavior for non-business customers,2025-11-21T20:35:01.581Z,Passenger Record 4018,"Record from 10/11/2025, 4:54:11.328 AM"
October,IGKOGD,N/A,0272119896388,2025-10-10T00:00:00.0000000Z,2-AFB Customer Check,Non-AFB Customer (Expected Skip),No AFB CUSTOMER remark found in booking,Record processed successfully but is not an AFB customer,No - Business Logic,None - Expected behavior for non-business customers,2025-11-21T20:35:01.581Z,Passenger Record 4028,"Record from 10/11/2025, 3:54:43.269 AM"
October,YEQFDH,N/A,0272119896002,2025-10-10T00:00:00.0000000Z,2-AFB Customer Check,Non-AFB Customer (Expected Skip),No AFB CUSTOMER remark found in booking,Record processed successfully but is not an AFB customer,No - Business Logic,None - Expected behavior for non-business customers,2025-11-21T20:35:01.581Z,Passenger Record 4048,"Record from 10/11/2025, 3:01:48.120 AM"
October,DOYCZN,N/A,0272117832448,2025-09-19T00:00:00.0000000Z,2-AFB Customer Check,Non-AFB Customer (Expected Skip),No AFB CUSTOMER remark found in booking,Record processed successfully but is not an AFB customer,No - Business Logic,None - Expected behavior for non-business customers,2025-11-21T20:35:01.581Z,Passenger Record 4052,"Record from 10/11/2025, 3:25:05.377 AM"
October,NORVBX,N/A,0272118312062,2025-09-24T00:00:00.0000000Z,2-AFB Customer Check,Non-AFB Customer (Expected Skip),No AFB CUSTOMER remark found in booking,Record processed successfully but is not an AFB customer,No - Business Logic,None - Expected behavior for non-business customers,2025-11-21T20:35:01.581Z,Passenger Record 4054,"Record from 10/11/2025, 3:11:36.843 AM"
October,COKSBK,N/A,0272116760863,2025-09-08T00:00:00.0000000Z,2-AFB Customer Check,Non-AFB Customer (Expected Skip),No AFB CUSTOMER remark found in booking,Record processed successfully but is not an AFB customer,No - Business Logic,None - Expected behavior for non-business customers,2025-11-21T20:35:01.581Z,Passenger Record 4055,"Record from 10/11/2025, 2:38:13.106 AM"
October,EELNSM,N/A,0272109558414,2025-06-24T00:00:00.0000000Z,2-AFB Customer Check,Non-AFB Customer (Expected Skip),No AFB CUSTOMER remark found in booking,Record processed successfully but is not an AFB customer,No - Business Logic,None - Expected behavior for non-business customers,2025-11-21T20:35:01.581Z,Passenger Record 4057,"Record from 10/11/2025, 4:38:55.887 AM"
October,FRYXGU,N/A,0272395958847,2025-02-05T00:00:00.0000000Z,2-AFB Customer Check,Non-AFB Customer (Expected Skip),No AFB CUSTOMER remark found in booking,Record processed successfully but is not an AFB customer,No - Business Logic,None - Expected behavior for non-business customers,2025-11-21T20:35:01.581Z,Passenger Record 4078,"Record from 10/4/2025, 3:49:11.224 AM"
October,YFAQTB,N/A,0272108829220,2025-06-17T00:00:00.0000000Z,2-AFB Customer Check,Non-AFB Customer (Expected Skip),No AFB CUSTOMER remark found in booking,Record processed successfully but is not an AFB customer,No - Business Logic,None - Expected behavior for non-business customers,2025-11-21T20:35:01.581Z,Passenger Record 4088,"Record from 10/4/2025, 5:07:03.169 AM"
October,WLWNYN,N/A,0272119148573,2025-10-02T00:00:00.0000000Z,2-AFB Customer Check,Non-AFB Customer (Expected Skip),No AFB CUSTOMER remark found in booking,Record processed successfully but is not an AFB customer,No - Business Logic,None - Expected behavior for non-business customers,2025-11-21T20:35:01.581Z,Passenger Record 4094,"Record from 10/4/2025, 4:55:27.401 AM"
October,FGUXXL,N/A,0272113788401,2025-08-07T00:00:00.0000000Z,2-AFB Customer Check,Non-AFB Customer (Expected Skip),No AFB CUSTOMER remark found in booking,Record processed successfully but is not an AFB customer,No - Business Logic,None - Expected behavior for non-business customers,2025-11-21T20:35:01.581Z,Passenger Record 4125,"Record from 10/6/2025, 6:16:44.189 AM"
October,FNCDEJ,N/A,0272399829962,2025-03-17T00:00:00.0000000Z,2-AFB Customer Check,Non-AFB Customer (Expected Skip),No AFB CUSTOMER remark found in booking,Record processed successfully but is not an AFB customer,No - Business Logic,None - Expected behavior for non-business customers,2025-11-21T20:35:01.581Z,Passenger Record 4126,"Record from 10/6/2025, 6:08:11.686 AM"
October,YEAHSC,N/A,0272118376971,2025-09-25T00:00:00.0000000Z,2-AFB Customer Check,Non-AFB Customer (Expected Skip),No AFB CUSTOMER remark found in booking,Record processed successfully but is not an AFB customer,No - Business Logic,None - Expected behavior for non-business customers,2025-11-21T20:35:01.581Z,Passenger Record 4127,"Record from 10/6/2025, 5:44:37.503 AM"
October,ESXQBK,N/A,0272106954122,2025-05-29T00:00:00.0000000Z,2-AFB Customer Check,Non-AFB Customer (Expected Skip),No AFB CUSTOMER remark found in booking,Record processed successfully but is not an AFB customer,No - Business Logic,None - Expected behavior for non-business customers,2025-11-21T20:35:01.581Z,Passenger Record 4128,"Record from 10/6/2025, 5:08:11.139 AM"
October,HNHDQM,N/A,0272118436390,2025-09-25T00:00:00.0000000Z,2-AFB Customer Check,Non-AFB Customer (Expected Skip),No AFB CUSTOMER remark found in booking,Record processed successfully but is not an AFB customer,No - Business Logic,None - Expected behavior for non-business customers,2025-11-21T20:35:01.581Z,Passenger Record 4129,"Record from 10/6/2025, 5:11:51.596 AM"
October,WESVNW,N/A,0272117607250,2025-09-17T00:00:00.0000000Z,2-AFB Customer Check,Non-AFB Customer (Expected Skip),No AFB CUSTOMER remark found in booking,Record processed successfully but is not an AFB customer,No - Business Logic,None - Expected behavior for non-business customers,2025-11-21T20:35:01.581Z,Passenger Record 4130,"Record from 10/6/2025, 5:15:53.710 AM"
October,GNBVGD,N/A,0272115719331,2025-08-27T00:00:00.0000000Z,2-AFB Customer Check,Non-AFB Customer (Expected Skip),No AFB CUSTOMER remark found in booking,Record processed successfully but is not an AFB customer,No - Business Logic,None - Expected behavior for non-business customers,2025-11-21T20:35:01.581Z,Passenger Record 4131,"Record from 10/6/2025, 3:52:28.794 AM"
October,NCNKUB,N/A,0272118777860,2025-09-29T00:00:00.0000000Z,2-AFB Customer Check,Non-AFB Customer (Expected Skip),No AFB CUSTOMER remark found in booking,Record processed successfully but is not an AFB customer,No - Business Logic,None - Expected behavior for non-business customers,2025-11-21T20:35:01.581Z,Passenger Record 4132,"Record from 10/6/2025, 4:37:17.176 AM"
October,AMFFFY,N/A,0272117526819,2025-09-16T00:00:00.0000000Z,2-AFB Customer Check,Non-AFB Customer (Expected Skip),No AFB CUSTOMER remark found in booking,Record processed successfully but is not an AFB customer,No - Business Logic,None - Expected behavior for non-business customers,2025-11-21T20:35:01.581Z,Passenger Record 4133,"Record from 10/6/2025, 3:02:13.777 AM"
October,FRXIXJ,N/A,0272116923252,2025-09-10T00:00:00.0000000Z,2-AFB Customer Check,Non-AFB Customer (Expected Skip),No AFB CUSTOMER remark found in booking,Record processed successfully but is not an AFB customer,No - Business Logic,None - Expected behavior for non-business customers,2025-11-21T20:35:01.581Z,Passenger Record 4139,"Record from 10/12/2025, 1:12:39.095 PM"
October,LGVKOS,N/A,0272105356067,2025-05-12T00:00:00.0000000Z,2-AFB Customer Check,Non-AFB Customer (Expected Skip),No AFB CUSTOMER remark found in booking,Record processed successfully but is not an AFB customer,No - Business Logic,None - Expected behavior for non-business customers,2025-11-21T20:35:01.581Z,Passenger Record 4140,"Record from 10/13/2025, 3:16:43.169 AM"
October,JXLKXJ,N/A,0272119786358,2025-10-09T00:00:00.0000000Z,2-AFB Customer Check,Non-AFB Customer (Expected Skip),No AFB CUSTOMER remark found in booking,Record processed successfully but is not an AFB customer,No - Business Logic,None - Expected behavior for non-business customers,2025-11-21T20:35:01.581Z,Passenger Record 4141,"Record from 10/20/2025, 6:45:04.597 AM"
October,EQAZTM,N/A,0272115996618,2025-08-31T00:00:00.0000000Z,2-AFB Customer Check,Non-AFB Customer (Expected Skip),No AFB CUSTOMER remark found in booking,Record processed successfully but is not an AFB customer,No - Business Logic,None - Expected behavior for non-business customers,2025-11-21T20:35:01.581Z,Passenger Record 4142,"Record from 10/20/2025, 6:59:02.402 AM"
October,OJFKEA,N/A,0272110156318,2025-07-01T00:00:00.0000000Z,2-AFB Customer Check,Non-AFB Customer (Expected Skip),No AFB CUSTOMER remark found in booking,Record processed successfully but is not an AFB customer,No - Business Logic,None - Expected behavior for non-business customers,2025-11-21T20:35:01.581Z,Passenger Record 4143,"Record from 10/20/2025, 6:15:10.065 AM"
October,SURZKB,N/A,0272117521186,2025-09-16T00:00:00.0000000Z,2-AFB Customer Check,Non-AFB Customer (Expected Skip),No AFB CUSTOMER remark found in booking,Record processed successfully but is not an AFB customer,No - Business Logic,None - Expected behavior for non-business customers,2025-11-21T20:35:01.581Z,Passenger Record 4144,"Record from 10/20/2025, 5:55:01.079 AM"
October,WYFPKV,N/A,0272120339866,2025-10-15T00:00:00.0000000Z,2-AFB Customer Check,Non-AFB Customer (Expected Skip),No AFB CUSTOMER remark found in booking,Record processed successfully but is not an AFB customer,No - Business Logic,None - Expected behavior for non-business customers,2025-11-21T20:35:01.581Z,Passenger Record 4146,"Record from 10/20/2025, 5:35:11.013 AM"
October,AFPZPO,N/A,0272121233742,2025-10-23T00:00:00.0000000Z,2-AFB Customer Check,Non-AFB Customer (Expected Skip),No AFB CUSTOMER remark found in booking,Record processed successfully but is not an AFB customer,No - Business Logic,None - Expected behavior for non-business customers,2025-11-21T20:35:01.581Z,Passenger Record 4152,"Record from 10/24/2025, 11:01:27.439 PM"
October,MTATVQ,N/A,0272118471929,2025-09-26T00:00:00.0000000Z,2-AFB Customer Check,Non-AFB Customer (Expected Skip),No AFB CUSTOMER remark found in booking,Record processed successfully but is not an AFB customer,No - Business Logic,None - Expected behavior for non-business customers,2025-11-21T20:35:01.581Z,Passenger Record 4154,"Record from 10/24/2025, 9:30:46.430 PM"
October,IVBMCQ,N/A,0272117345162,2025-09-14T00:00:00.0000000Z,2-AFB Customer Check,Non-AFB Customer (Expected Skip),No AFB CUSTOMER remark found in booking,Record processed successfully but is not an AFB customer,No - Business Logic,None - Expected behavior for non-business customers,2025-11-21T20:35:01.581Z,Passenger Record 4156,"Record from 10/24/2025, 8:54:49.018 PM"
October,SLSRLP,N/A,0272119609657,2025-10-07T00:00:00.0000000Z,2-AFB Customer Check,Non-AFB Customer (Expected Skip),No AFB CUSTOMER remark found in booking,Record processed successfully but is not an AFB customer,No - Business Logic,None - Expected behavior for non-business customers,2025-11-21T20:35:01.581Z,Passenger Record 4157,"Record from 10/24/2025, 9:46:01.693 PM"
October,CVGIVL,N/A,0272119547245,2025-10-07T00:00:00.0000000Z,2-AFB Customer Check,Non-AFB Customer (Expected Skip),No AFB CUSTOMER remark found in booking,Record processed successfully but is not an AFB customer,No - Business Logic,None - Expected behavior for non-business customers,2025-11-21T20:35:01.581Z,Passenger Record 4167,"Record from 10/11/2025, 6:28:39.995 PM"
October,KKAAQZ,N/A,0272119960126,2025-10-10T00:00:00.0000000Z,2-AFB Customer Check,Non-AFB Customer (Expected Skip),No AFB CUSTOMER remark found in booking,Record processed successfully but is not an AFB customer,No - Business Logic,None - Expected behavior for non-business customers,2025-11-21T20:35:01.581Z,Passenger Record 4169,"Record from 10/11/2025, 6:36:49.815 PM"
October,EMSBXQ,N/A,0272116827913,2025-09-09T00:00:00.0000000Z,2-AFB Customer Check,Non-AFB Customer (Expected Skip),No AFB CUSTOMER remark found in booking,Record processed successfully but is not an AFB customer,No - Business Logic,None - Expected behavior for non-business customers,2025-11-21T20:35:01.581Z,Passenger Record 4171,"Record from 10/11/2025, 7:46:45.572 PM"
October,GRLPQE,N/A,0272117018214,2025-09-10T00:00:00.0000000Z,2-AFB Customer Check,Non-AFB Customer (Expected Skip),No AFB CUSTOMER remark found in booking,Record processed successfully but is not an AFB customer,No - Business Logic,None - Expected behavior for non-business customers,2025-11-21T20:35:01.581Z,Passenger Record 4172,"Record from 10/11/2025, 8:04:56.200 PM"
October,JBGNQB,N/A,0272119738096,2025-10-08T00:00:00.0000000Z,2-AFB Customer Check,Non-AFB Customer (Expected Skip),No AFB CUSTOMER remark found in booking,Record processed successfully but is not an AFB customer,No - Business Logic,None - Expected behavior for non-business customers,2025-11-21T20:35:01.581Z,Passenger Record 4173,"Record from 10/11/2025, 5:15:34.549 PM"
October,OGHHFE,N/A,0272117597325,2025-09-17T00:00:00.0000000Z,2-AFB Customer Check,Non-AFB Customer (Expected Skip),No AFB CUSTOMER remark found in booking,Record processed successfully but is not an AFB customer,No - Business Logic,None - Expected behavior for non-business customers,2025-11-21T20:35:01.581Z,Passenger Record 4174,"Record from 10/11/2025, 5:09:00.416 PM"
October,UPEXLL,N/A,0272119925545,2025-10-10T00:00:00.0000000Z,2-AFB Customer Check,Non-AFB Customer (Expected Skip),No AFB CUSTOMER remark found in booking,Record processed successfully but is not an AFB customer,No - Business Logic,None - Expected behavior for non-business customers,2025-11-21T20:35:01.581Z,Passenger Record 4178,"Record from 10/11/2025, 5:13:33.278 PM"
October,AGJMHY,N/A,0272110986178,2025-07-09T00:00:00.0000000Z,2-AFB Customer Check,Non-AFB Customer (Expected Skip),No AFB CUSTOMER remark found in booking,Record processed successfully but is not an AFB customer,No - Business Logic,None - Expected behavior for non-business customers,2025-11-21T20:35:01.581Z,Passenger Record 4179,"Record from 10/11/2025, 5:11:40.476 PM"
October,FKQPCS,N/A,0272117736185,2025-09-18T00:00:00.0000000Z,2-AFB Customer Check,Non-AFB Customer (Expected Skip),No AFB CUSTOMER remark found in booking,Record processed successfully but is not an AFB customer,No - Business Logic,None - Expected behavior for non-business customers,2025-11-21T20:35:01.581Z,Passenger Record 4180,"Record from 10/11/2025, 5:07:44.420 PM"
October,NJSBHH,N/A,0272116224460,2025-09-03T00:00:00.0000000Z,2-AFB Customer Check,Non-AFB Customer (Expected Skip),No AFB CUSTOMER remark found in booking,Record processed successfully but is not an AFB customer,No - Business Logic,None - Expected behavior for non-business customers,2025-11-21T20:35:01.581Z,Passenger Record 4181,"Record from 10/11/2025, 5:07:45.194 PM"
October,DIWPLU,N/A,0272118739062,2025-09-29T00:00:00.0000000Z,2-AFB Customer Check,Non-AFB Customer (Expected Skip),No AFB CUSTOMER remark found in booking,Record processed successfully but is not an AFB customer,No - Business Logic,None - Expected behavior for non-business customers,2025-11-21T20:35:01.581Z,Passenger Record 4182,"Record from 10/11/2025, 1:38:30.615 PM"
October,HXZLSA,N/A,0272119960993,2025-10-10T00:00:00.0000000Z,2-AFB Customer Check,Non-AFB Customer (Expected Skip),No AFB CUSTOMER remark found in booking,Record processed successfully but is not an AFB customer,No - Business Logic,None - Expected behavior for non-business customers,2025-11-21T20:35:01.581Z,Passenger Record 4183,"Record from 10/11/2025, 2:27:36.440 PM"
October,IXDOEN,N/A,0272119910120,2025-10-10T00:00:00.0000000Z,2-AFB Customer Check,Non-AFB Customer (Expected Skip),No AFB CUSTOMER remark found in booking,Record processed successfully but is not an AFB customer,No - Business Logic,None - Expected behavior for non-business customers,2025-11-21T20:35:01.581Z,Passenger Record 4188,"Record from 10/11/2025, 7:02:39.869 AM"
October,YNDUVQ,N/A,0272119787228,2025-10-09T00:00:00.0000000Z,2-AFB Customer Check,Non-AFB Customer (Expected Skip),No AFB CUSTOMER remark found in booking,Record processed successfully but is not an AFB customer,No - Business Logic,None - Expected behavior for non-business customers,2025-11-21T20:35:01.581Z,Passenger Record 4190,"Record from 10/11/2025, 6:50:26.546 AM"
October,FEBJDU,N/A,0272119812601,2025-10-09T00:00:00.0000000Z,2-AFB Customer Check,Non-AFB Customer (Expected Skip),No AFB CUSTOMER remark found in booking,Record processed successfully but is not an AFB customer,No - Business Logic,None - Expected behavior for non-business customers,2025-11-21T20:35:01.581Z,Passenger Record 4197,"Record from 10/11/2025, 6:56:27.534 AM"
October,CCCAKV,N/A,0272115853933,2025-08-29T00:00:00.0000000Z,2-AFB Customer Check,Non-AFB Customer (Expected Skip),No AFB CUSTOMER remark found in booking,Record processed successfully but is not an AFB customer,No - Business Logic,None - Expected behavior for non-business customers,2025-11-21T20:35:01.581Z,Passenger Record 4208,"Record from 10/9/2025, 11:34:51.621 PM"
October,LNUNDC,N/A,0272116744793,2025-09-08T00:00:00.0000000Z,2-AFB Customer Check,Non-AFB Customer (Expected Skip),No AFB CUSTOMER remark found in booking,Record processed successfully but is not an AFB customer,No - Business Logic,None - Expected behavior for non-business customers,2025-11-21T20:35:01.581Z,Passenger Record 4212,"Record from 10/9/2025, 11:35:44.368 PM"
October,ELGLFP,N/A,0277337666606,2025-10-03T00:00:00.0000000Z,2-AFB Customer Check,Non-AFB Customer (Expected Skip),No AFB CUSTOMER remark found in booking,Record processed successfully but is not an AFB customer,No - Business Logic,None - Expected behavior for non-business customers,2025-11-21T20:35:01.581Z,Passenger Record 4213,"Record from 10/9/2025, 11:15:13.845 PM"
October,OHALQV,N/A,0272119037547,2025-10-02T00:00:00.0000000Z,2-AFB Customer Check,Non-AFB Customer (Expected Skip),No AFB CUSTOMER remark found in booking,Record processed successfully but is not an AFB customer,No - Business Logic,None - Expected behavior for non-business customers,2025-11-21T20:35:01.581Z,Passenger Record 4221,"Record from 10/2/2025, 4:20:40.044 PM"
October,OKFAWW,N/A,0272116681804,2025-09-07T00:00:00.0000000Z,2-AFB Customer Check,Non-AFB Customer (Expected Skip),No AFB CUSTOMER remark found in booking,Record processed successfully but is not an AFB customer,No - Business Logic,None - Expected behavior for non-business customers,2025-11-21T20:35:01.581Z,Passenger Record 4246,"Record from 10/2/2025, 3:21:12.002 PM"
October,HJJXDL,N/A,0272100826967,2025-03-27T00:00:00.0000000Z,2-AFB Customer Check,Non-AFB Customer (Expected Skip),No AFB CUSTOMER remark found in booking,Record processed successfully but is not an AFB customer,No - Business Logic,None - Expected behavior for non-business customers,2025-11-21T20:35:01.581Z,Passenger Record 4247,"Record from 10/2/2025, 6:40:15.405 PM"
October,JEYYBF,N/A,0272116454194,2025-09-05T00:00:00.0000000Z,2-AFB Customer Check,Non-AFB Customer (Expected Skip),No AFB CUSTOMER remark found in booking,Record processed successfully but is not an AFB customer,No - Business Logic,None - Expected behavior for non-business customers,2025-11-21T20:35:01.581Z,Passenger Record 4261,"Record from 10/2/2025, 6:28:59.816 PM"
October,HZXBUI,N/A,0272112218016,2025-07-22T00:00:00.0000000Z,2-AFB Customer Check,Non-AFB Customer (Expected Skip),No AFB CUSTOMER remark found in booking,Record processed successfully but is not an AFB customer,No - Business Logic,None - Expected behavior for non-business customers,2025-11-21T20:35:01.581Z,Passenger Record 4265,"Record from 10/2/2025, 5:24:31.788 PM"
October,ERDPHC,N/A,0272117939141,2025-09-21T00:00:00.0000000Z,2-AFB Customer Check,Non-AFB Customer (Expected Skip),No AFB CUSTOMER remark found in booking,Record processed successfully but is not an AFB customer,No - Business Logic,None - Expected behavior for non-business customers,2025-11-21T20:35:01.581Z,Passenger Record 4267,"Record from 10/2/2025, 5:25:12.993 PM"
October,DSBPJB,N/A,0272117897471,2025-09-20T00:00:00.0000000Z,2-AFB Customer Check,Non-AFB Customer (Expected Skip),No AFB CUSTOMER remark found in booking,Record processed successfully but is not an AFB customer,No - Business Logic,None - Expected behavior for non-business customers,2025-11-21T20:35:01.581Z,Passenger Record 4300,"Record from 10/2/2025, 10:19:55.746 PM"
October,USCOST,N/A,0272113973508,2025-08-08T00:00:00.0000000Z,2-AFB Customer Check,Non-AFB Customer (Expected Skip),No AFB CUSTOMER remark found in booking,Record processed successfully but is not an AFB customer,No - Business Logic,None - Expected behavior for non-business customers,2025-11-21T20:35:01.581Z,Passenger Record 4303,"Record from 10/19/2025, 3:41:31.211 AM"
October,QFSWBV,N/A,0272110318148,2025-07-02T00:00:00.0000000Z,2-AFB Customer Check,Non-AFB Customer (Expected Skip),No AFB CUSTOMER remark found in booking,Record processed successfully but is not an AFB customer,No - Business Logic,None - Expected behavior for non-business customers,2025-11-21T20:35:01.581Z,Passenger Record 4313,"Record from 10/19/2025, 2:02:24.884 AM"
October,LXXTIX,N/A,0272118566283,2025-09-27T00:00:00.0000000Z,2-AFB Customer Check,Non-AFB Customer (Expected Skip),No AFB CUSTOMER remark found in booking,Record processed successfully but is not an AFB customer,No - Business Logic,None - Expected behavior for non-business customers,2025-11-21T20:35:01.581Z,Passenger Record 4317,"Record from 10/19/2025, 2:10:35.161 AM"
October,HSHOVB,N/A,0272120605202,2025-10-17T00:00:00.0000000Z,2-AFB Customer Check,Non-AFB Customer (Expected Skip),No AFB CUSTOMER remark found in booking,Record processed successfully but is not an AFB customer,No - Business Logic,None - Expected behavior for non-business customers,2025-11-21T20:35:01.581Z,Passenger Record 4318,"Record from 10/19/2025, 2:10:36.667 AM"
October,SAZRBS,N/A,0272120031849,2025-10-11T00:00:00.0000000Z,2-AFB Customer Check,Non-AFB Customer (Expected Skip),No AFB CUSTOMER remark found in booking,Record processed successfully but is not an AFB customer,No - Business Logic,None - Expected behavior for non-business customers,2025-11-21T20:35:01.581Z,Passenger Record 4320,"Record from 10/13/2025, 1:14:21.424 AM"
October,NCJYNT,N/A,N/A,10/12/2025 12:00:00 AM,2-AFB Customer Check,Non-AFB Customer (Expected Skip),No AFB CUSTOMER remark found in booking,Record processed successfully but is not an AFB customer,No - Business Logic,None - Expected behavior for non-business customers,2025-11-21T20:35:01.581Z,Passenger Record 4321,"Record from 10/13/2025, 1:46:01.872 AM"
October,DKWFYM,N/A,0272115347494,2025-08-23T00:00:00.0000000Z,2-AFB Customer Check,Non-AFB Customer (Expected Skip),No AFB CUSTOMER remark found in booking,Record processed successfully but is not an AFB customer,No - Business Logic,None - Expected behavior for non-business customers,2025-11-21T20:35:01.581Z,Passenger Record 4322,"Record from 10/13/2025, 12:26:04.728 AM"
October,NZDRGI,N/A,0272119726968,2025-10-08T00:00:00.0000000Z,2-AFB Customer Check,Non-AFB Customer (Expected Skip),No AFB CUSTOMER remark found in booking,Record processed successfully but is not an AFB customer,No - Business Logic,None - Expected behavior for non-business customers,2025-11-21T20:35:01.581Z,Passenger Record 4323,"Record from 10/13/2025, 12:33:01.775 AM"
October,GOSPON,N/A,0272118366670,2025-09-25T00:00:00.0000000Z,2-AFB Customer Check,Non-AFB Customer (Expected Skip),No AFB CUSTOMER remark found in booking,Record processed successfully but is not an AFB customer,No - Business Logic,None - Expected behavior for non-business customers,2025-11-21T20:35:01.581Z,Passenger Record 4324,"Record from 10/13/2025, 12:35:36.922 AM"
October,UAAWBL,N/A,0272117168838,2025-09-12T00:00:00.0000000Z,2-AFB Customer Check,Non-AFB Customer (Expected Skip),No AFB CUSTOMER remark found in booking,Record processed successfully but is not an AFB customer,No - Business Logic,None - Expected behavior for non-business customers,2025-11-21T20:35:01.581Z,Passenger Record 4333,"Record from 10/1/2025, 10:51:19.062 PM"
October,QNJKJC,N/A,0272118308288,2025-09-24T00:00:00.0000000Z,2-AFB Customer Check,Non-AFB Customer (Expected Skip),No AFB CUSTOMER remark found in booking,Record processed successfully but is not an AFB customer,No - Business Logic,None - Expected behavior for non-business customers,2025-11-21T20:35:01.581Z,Passenger Record 4339,"Record from 10/1/2025, 10:59:47.561 PM"
October,HNQTSD,N/A,0272118733477,2025-09-29T00:00:00.0000000Z,2-AFB Customer Check,Non-AFB Customer (Expected Skip),No AFB CUSTOMER remark found in booking,Record processed successfully but is not an AFB customer,No - Business Logic,None - Expected behavior for non-business customers,2025-11-21T20:35:01.581Z,Passenger Record 4340,"Record from 10/1/2025, 11:00:21.194 PM"
October,CMRYXW,N/A,0272117132842,2025-09-12T00:00:00.0000000Z,2-AFB Customer Check,Non-AFB Customer (Expected Skip),No AFB CUSTOMER remark found in booking,Record processed successfully but is not an AFB customer,No - Business Logic,None - Expected behavior for non-business customers,2025-11-21T20:35:01.581Z,Passenger Record 4344,"Record from 10/1/2025, 9:31:51.449 PM"
October,WIKLVO,N/A,0272114576360,2025-08-15T00:00:00.0000000Z,2-AFB Customer Check,Non-AFB Customer (Expected Skip),No AFB CUSTOMER remark found in booking,Record processed successfully but is not an AFB customer,No - Business Logic,None - Expected behavior for non-business customers,2025-11-21T20:35:01.581Z,Passenger Record 4345,"Record from 10/1/2025, 9:37:27.891 PM"
October,EOHRCZ,N/A,0272397622623,2025-02-22T00:00:00.0000000Z,2-AFB Customer Check,Non-AFB Customer (Expected Skip),No AFB CUSTOMER remark found in booking,Record processed successfully but is not an AFB customer,No - Business Logic,None - Expected behavior for non-business customers,2025-11-21T20:35:01.581Z,Passenger Record 4362,"Record from 10/27/2025, 10:31:32.666 PM"
October,FJDMFK,N/A,0277343081928,2025-10-24T00:00:00.0000000Z,2-AFB Customer Check,Non-AFB Customer (Expected Skip),No AFB CUSTOMER remark found in booking,Record processed successfully but is not an AFB customer,No - Business Logic,None - Expected behavior for non-business customers,2025-11-21T20:35:01.581Z,Passenger Record 4363,"Record from 10/27/2025, 9:43:11.546 PM"
October,LKSSOY,N/A,0277279104843,2025-08-03T00:00:00.0000000Z,2-AFB Customer Check,Non-AFB Customer (Expected Skip),No AFB CUSTOMER remark found in booking,Record processed successfully but is not an AFB customer,No - Business Logic,None - Expected behavior for non-business customers,2025-11-21T20:35:01.581Z,Passenger Record 4364,"Record from 10/27/2025, 11:43:31.259 PM"
October,LJYYIN,N/A,0277338536867,2025-10-06T00:00:00.0000000Z,2-AFB Customer Check,Non-AFB Customer (Expected Skip),No AFB CUSTOMER remark found in booking,Record processed successfully but is not an AFB customer,No - Business Logic,None - Expected behavior for non-business customers,2025-11-21T20:35:01.581Z,Passenger Record 4366,"Record from 10/27/2025, 9:44:35.315 PM"
October,MSAXUQ,N/A,0272120158459,2025-10-13T00:00:00.0000000Z,2-AFB Customer Check,Non-AFB Customer (Expected Skip),No AFB CUSTOMER remark found in booking,Record processed successfully but is not an AFB customer,No - Business Logic,None - Expected behavior for non-business customers,2025-11-21T20:35:01.581Z,Passenger Record 4367,"Record from 10/27/2025, 10:11:35.543 PM"
October,FGRVFQ,N/A,0277343116137,2025-10-25T00:00:00.0000000Z,2-AFB Customer Check,Non-AFB Customer (Expected Skip),No AFB CUSTOMER remark found in booking,Record processed successfully but is not an AFB customer,No - Business Logic,None - Expected behavior for non-business customers,2025-11-21T20:35:01.581Z,Passenger Record 4372,"Record from 10/27/2025, 11:15:09.461 PM"
October,DQLAOR,N/A,0272119895297,2025-10-10T00:00:00.0000000Z,2-AFB Customer Check,Non-AFB Customer (Expected Skip),No AFB CUSTOMER remark found in booking,Record processed successfully but is not an AFB customer,No - Business Logic,None - Expected behavior for non-business customers,2025-11-21T20:35:01.581Z,Passenger Record 4373,"Record from 10/27/2025, 11:28:17.944 PM"
October,LAMPOJ,N/A,0272119093120,2025-10-02T00:00:00.0000000Z,2-AFB Customer Check,Non-AFB Customer (Expected Skip),No AFB CUSTOMER remark found in booking,Record processed successfully but is not an AFB customer,No - Business Logic,None - Expected behavior for non-business customers,2025-11-21T20:35:01.581Z,Passenger Record 4376,"Record from 10/8/2025, 12:08:00.943 AM"
October,NKDSSA,N/A,0277332630392,2025-09-12T00:00:00.0000000Z,2-AFB Customer Check,Non-AFB Customer (Expected Skip),No AFB CUSTOMER remark found in booking,Record processed successfully but is not an AFB customer,No - Business Logic,None - Expected behavior for non-business customers,2025-11-21T20:35:01.581Z,Passenger Record 4377,"Record from 10/7/2025, 11:42:30.779 PM"
October,DGZAQT,N/A,0272119480360,2025-10-06T00:00:00.0000000Z,2-AFB Customer Check,Non-AFB Customer (Expected Skip),No AFB CUSTOMER remark found in booking,Record processed successfully but is not an AFB customer,No - Business Logic,None - Expected behavior for non-business customers,2025-11-21T20:35:01.581Z,Passenger Record 4391,"Record from 10/12/2025, 5:20:06.980 PM"
October,OQEWGZ,N/A,0272118555241,2025-09-27T00:00:00.0000000Z,2-AFB Customer Check,Non-AFB Customer (Expected Skip),No AFB CUSTOMER remark found in booking,Record processed successfully but is not an AFB customer,No - Business Logic,None - Expected behavior for non-business customers,2025-11-21T20:35:01.581Z,Passenger Record 4392,"Record from 10/12/2025, 6:15:16.854 PM"
October,YLNUUM,N/A,0272115273540,2025-08-22T00:00:00.0000000Z,2-AFB Customer Check,Non-AFB Customer (Expected Skip),No AFB CUSTOMER remark found in booking,Record processed successfully but is not an AFB customer,No - Business Logic,None - Expected behavior for non-business customers,2025-11-21T20:35:01.581Z,Passenger Record 4393,"Record from 10/12/2025, 3:46:51.994 PM"
October,IUHTZJ,N/A,0277217387179,2025-10-05T00:00:00.0000000Z,2-AFB Customer Check,Non-AFB Customer (Expected Skip),No AFB CUSTOMER remark found in booking,Record processed successfully but is not an AFB customer,No - Business Logic,None - Expected behavior for non-business customers,2025-11-21T20:35:01.581Z,Passenger Record 4394,"Record from 10/12/2025, 8:15:58.048 PM"
October,KWGVDR,N/A,0272119402577,2025-10-05T00:00:00.0000000Z,2-AFB Customer Check,Non-AFB Customer (Expected Skip),No AFB CUSTOMER remark found in booking,Record processed successfully but is not an AFB customer,No - Business Logic,None - Expected behavior for non-business customers,2025-11-21T20:35:01.581Z,Passenger Record 4395,"Record from 10/12/2025, 8:08:27.328 PM"
October,JVZSYR,N/A,0272118650457,2025-09-28T00:00:00.0000000Z,2-AFB Customer Check,Non-AFB Customer (Expected Skip),No AFB CUSTOMER remark found in booking,Record processed successfully but is not an AFB customer,No - Business Logic,None - Expected behavior for non-business customers,2025-11-21T20:35:01.581Z,Passenger Record 4397,"Record from 10/12/2025, 6:50:00.638 PM"
SUMMARY,PROCESSING_SUMMARY,CONTEXT,ALL,2024-09-01 to 2024-10-31,7-Processing Complete,Success Summary,Successfully created 212 September + 2964 October = 3176 total AFB accrual records,Processing completed with 1021 non-AFB skips and 0 actual failures,N/A - Success,None - Processing completed successfully,2025-11-21T20:35:01.593Z,N/A,N/A
